page,paragraph_number,text
1,1,"BUREAU OF INDIAN STANDARDS (CENTRAL MARKS DEPARTMENT - I) Our Ref: CMD-I/2:16:3 18 January 2022 Subject: Guidelines for renewal of Certificate of Conformity as per the conformity assessment Scheme – IV of Schedule – II of the BIS (Conformity Assessment) Regulations, 2018 This document stipulates the guidelines for renewal of Certificate of Conformity (CoC). These are to be read in conjunction with the BIS Act 2016 and Rules, Regulations framed thereunder. In particular, the provisions for renewal of CoC are addressed in Regulation 16 and Paragraph 9 of Scheme - IV of Schedule - II of the BIS (Conformity Assessment) Regulations, 2018. Any situation, in general, not covered in these guidelines are to be dealt as per the provisions of the Act, Rules and Regulations by the Regional Offices (ROs) and Branch Offices (BOs). All the forms mentioned herein corresponds to those given in Scheme - IV of Schedule - II of the BIS (Conformity Assessment) Regulations, 2018. General 1. The CoC may be considered for renewal for a period of minimum one year and principles upto five years on the request of the manufacturer, depending upon whether the for renewal application fee, renewal fee, advance certification fee, and dues, if any, has been paid for requested duration along with the renewal application. For example, if the renewal has been requested for five years, the manufacturer is required to submit application fee, renewal fee and advance certification fee for five years. The renewal of CoC shall be endorsed as per Form - X. Renewal 2. The renewal application shall be made in Form - IX along with relevant application documents, preferably two months prior to the validity date. Deferment of 3. (i) When renewal application along with the requisite fee (application fee, renewal decision to fee and advance certification fee) and dues, if any, is not received within the renew the validity period of the CoC, the decision to renew the CoC may be deferred for not CoC (for all more than 90 days from the date of validity of the CoC. cases) (ii) The manufacturer may also apply for renewal of CoC within 90 days after the date of its validity. In such cases, an additional late fee ₹ 5,000 shall be paid by the manufacturer while applying for renewal. (iii) A communication shall be sent to the manufacturer by the BO (Template enclosed as Annexure - I ) in this regard. (iv) The CoC shall stand expired after 90 days from the date of validity if renewal application and requisite fee (including late fee) is not received from the Holder of certificate within this period. 1"
2,1,"Deferment of 4. (i) If the CoC is under suspension at the end of validity period and the renewal of manufacturer has applied for renewal of CoC, CoC shall not be renewed till CoC (Where suspension is revoked. CoC is under suspension) (ii) In such cases, the decision to renew the CoC may be deferred for not more than 180 days from the date of validity. (see sub-regulation (6), (7) and (9) of regulation 16 of BIS (Conformity Assessment) Regulations, 2018) (iii) In such a case, a communication shall be sent (Template enclosed as Annexure - II ) to the manufacturer. If there is no response or the response is not adequate within stipulated period, a communication shall be sent (Template enclosed as Annexure - III ), preferably, two months prior to the last date till which decision of renewing the CoC may be deferred. (iv) During this period, if all the actions for revocation of suspension are completed, the CoC shall be renewed. However, if the revocation of suspension of CoC is not done within the period of 180 days, the CoC shall stand expired. Expiry of 5. (i) In case of expiry of CoC, applicable communication in the format (Template CoC enclosed as Annexure - IV and Annexure - V ) shall be sent by the BO. (ii) The competent authority shall pass speaking orders for the decision taken, as required. Provision for 6. For cases in which the manufacturer submits an appeal to the Director General, appeal the brief history of the case shall be communicated by RO/BO to concerned CMD (template as per Annexure - XII of grant of CoC guidelines). 2"
3,1,"Annexure-I Our Ref: ....... BO/CoC- Date: Subject: Provision of submission of renewal application with late fee within 90 days of validity - reg. M/s ( Kind Attn. Name of CEO/MD ) Dear Madam/Sir(s), 1) This has reference to BIS Certificate of Conformity No. ……......... granted to you for your product ……............. under Scheme-IV of Schedule-II of the BIS (Conformity Assessment) Regulations, 2018 as per specified requirement(s) ……............ which was valid upto ……….... 2) Please refer to our communication dated .................... about validity of your CoC and requesting you to apply for renewal of your CoC. Since, you have not submitted the renewal application with requisite fee till the validity date, the decision to renew your CoC can be deferred for a maximum duration of ninety days from the date of its validity as per sub-regulation(4) of regulation 16 of the BIS (Conformity Assessment) Regulations, 2018. 3) In view of the above, you have no right to use CoC and dispatch (including stock in hand) the above mentioned product after the date of validity. You are, therefore, instructed to ensure stoppage of use of CoC for your product with immediate effect and confirm the same giving the following details as on the date of issuance of this communication: i) Quantity of material held in stock: ii) (a) Batch/C.U./Lot no. and date of manufacture; (b) Brand(s); (c) size/type/ grade/variety; iii) Packing details; and iv) Pending orders for material, if any with purchasers' names and addresses 4) Your reply with above stated details must reach us within 21 days of the issuance of this letter failing which it shall be presumed that you do not have such material in stock. In case it is subsequently found that you have sold the material with BIS CoC after receipt of these instructions, it will be construed that the material so sold contravenes the provisions of the BIS Act, 2016. In such an eventuality, the Bureau reserves the right to take such action against you as envisaged in the BIS Act, 2016, Rules & Regulations framed thereunder. 3"
4,1,"5) Please note that after the last date of validity, you shall not claim by any means that you would supply the material with the BIS CoC. 6) As per sub-regulation (5) of regulation 16 of the BIS (Conformity Assessment) Regulations, 2018, you may submit the renewal application form along with requisite fee, accompanied with late fee of rupees five thousand, within ninety days from the last date of validity, i.e. upto ....................... It may be noted that, the certification fee as indicated in the Scheme-IV of Schedule-II of the BIS (Conformity Assessment) Regulations, 2018 is payable by you for the complete period, including the period for which you have no right to use CoC for your product. 7) It may be noted that, in case the renewal application along with requisite fee including late fee is not received within ninety days, then as per sub-regulation (4) of regulation 16 of the BIS (Conformity Assessment) Regulations, 2018 your CoC shall stand expired after the last date of its validity. Thanking you. Signature of designated authority (Name of designated authority) 4"
5,1,"Annexure-II Our Ref: ....... BO/CoC- Date: Subject : Deferment of decision to renew CoC in view of CoC under suspension - reg. M/s ( Kind Attn. Name of CEO/MD ) Dear Madam/Sir(s), 1) This has reference to BIS Certificate of Conformity (CoC) No. ……......... granted to you for your product ……............. under Scheme-IV of Schedule-II of the BIS (Conformity Assessment) Regulations, 2018 as per specified requirement(s) ……............ which was valid upto ……….... 2) As per sub-regulation (7) of regulation 16 of the BIS (Conformity Assessment) Regulations, 2018 the decision to the renew the above mentioned CoC has been deferred as the CoC is under suspension w.e.f. ....................., which has been communicated to you vide our letter ref: ....................... dated ............................. 3) Please note that from the date of suspension, i.e. ........................., you are not authorised to claim by any means that you would supply the material with the CoC as already advised. 4) You may also note that, if your CoC gets renewed then the certification fee as indicated in the Scheme-IV of Schedule-II of the BIS (Conformity Assessment) Regulations, 2018 is payable by you even for the complete period including the period for which you have no right to use CoC for your product. 5) #You are required to take necessary action in the context of the reasons to defer the decision to renew the CoC as mentioned at para 2 within .................................. 6) It may be noted that, in case necessary actions are not taken by you within the stipulated period, i.e. upto .................... or suspension is not revoked within one hundred and eighty days from the date of validity (whichever is earlier), then as per sub-regulation (7) and (9) of regulation 16 of the BIS (Conformity Assessment) Regulations, 2018 your CoC shall stand expired after the last date of its validity. Thanking you. Signature of designated authority (Name of designated authority) # BO to specify the applicable time period 5"
6,1,"Annexure-III Our Ref: ....... BO/CoC- Date: Subject : Notice for Expiry of CoC due to CoC under suspension - reg. M/s ( Kind Attn. Name of CEO/MD ) Dear Madam/Sir(s), 1) This has reference to BIS Certificate of Conformity (CoC) No. ……......... granted to you for your product ……............. under Scheme-IV of Schedule-II of the BIS (Conformity Assessment) Regulations, 2018 as per specified requirement(s) ……............ which was valid upto ……….... 2) As per sub-regulation (7) of regulation 16 of the BIS (Conformity Assessment) Regulations, 2018 the decision to the renew the above mentioned CoC was deferred as the CoC is under suspension as communicated to you vide our letter ref: ................ dated ........... You were advised to take necessary action under intimation to BIS to enable revocation of suspension on or before ............. 3) No response has been received from your side or the response has not been found adequate (BO to specify the reasons) 4) In view of above, as your CoC continues to be under suspension, decision to renew your CoC cannot be taken as per sub-regulation (6) of regulation 16 of the BIS (Conformity Assessment) Regulations, 2018. 5) It may be again noted that, in case necessary actions are not taken by you within the stipulated period, i.e. upto .................... or suspension is not revoked upto one hundred and eighty days from the date of validity, then as per sub-regulation (7) and (9) of regulation 16 of the BIS (Conformity Assessment) Regulations, 2018 your CoC shall stand expired after the last date of its validity. 6) In case you have anything to say in the matter or you would like to be heard either in person or through a representative authorised by you in this behalf, kindly do so within 21 days of issue of this letter. Thanking you. Signature of designated authority (Name of designated authority) 6"
7,1,"Annexure-IV Our Ref: ....... BO/CoC- Date: Subject : Expiry of BIS Certificate of Conformity No. ……… as per specified requirement(s) ……. - reg. M/s ( Kind Attn. Name of CEO/MD ) Dear Madam/Sir(s), 1) Please refer to our communication Ref ...................... dated .......................... regarding provision of submission of renewal application with late fee within 90 days of validity for the renewal of BIS Certificate of Conformity (CoC) No. ……. held by you for your product under Scheme-IV of Schedule-II of the BIS (Conformity Assessment) Regulations, 2018 as per specified requirement(s) …….. after ……….. 2) Since, renewal application along with requisite fee (including late fee) has not been submitted within ninety days from the last date of validity of CoC, then as per sub-regulation (4) of regulation 16 of the BIS (Conformity Assessment) Regulations, 2018 your above mentioned CoC stands expired. 3) As informed earlier also, you are NOT entitled to use CoC in relation to your product ………… as per specified requirement(s) ……….. or to claim in your advertisements or in any other publicity material that you are a Holder of certificate for your product after ..................... Any publicity material such as handbills, pamphlets, letterheads, etc. claiming that you hold BIS CoC for your above mentioned product should be destroyed or such markings obliterated/defaced immediately. This should be confirmed by you at the earliest, positively within 21 days. 4) Please note that any material found with this BIS CoC after ............, will be deemed to be illegal and violating the provisions of the BIS Act, 2016 and Rules & Regulations framed thereunder and action will be taken as per applicable provisions. 5) Please acknowledge the receipt and ensure compliance. Signature of designated authority (Name of designated authority) 7"
8,1,"Annexure-V Our Ref: ....... BO/CoC- Date: Subject : Expiry of BIS Certificate of Conformity No. ……… as per specified requirement(s) ……. - reg. M/s ( Kind Attn. Name of CEO/MD ) Dear Madam/Sir(s), 1) Please refer to our communication Ref: ............... dated ..................... regarding deferment of decision to renew BIS Certificate of Conformity (CoC) No. ……. held by you for your product under Scheme-IV of Schedule-II of the BIS (Conformity Assessment) Regulations, 2018 as per specified requirement(s) …….. after ……….. 2) Also, refer to the expiry notice Ref: ......................... dated .......................... (Reasons for CoC under suspension even after one hundred and eighty days, reply from firm, its examination and consideration and also if any personal hearing is held, reference to the same needs to be indicated) 3) As the necessary actions were not taken by you within the stipulated period, i.e. upto .................... or suspension is not revoked upto one hundred and eighty days from the date of validity, then as per sub-regulation (7) and (9) of regulation 16 of the BIS (Conformity Assessment) Regulations, 2018 your CoC stands expired after ............................. 4) As informed earlier also, you are NOT entitled to use CoC in relation to your product ………… as per specified requirement(s) ……….. or to claim in your advertisements or in any other publicity material that you are a Holder of certificate for your product after ..................... Any publicity material such as handbills, pamphlets, letterheads, etc. claiming that you hold BIS CoC for your above mentioned product should be destroyed or such markings obliterated/defaced immediately. This should be confirmed by you at the earliest, positively within 21 days. 5) Please note that any material found with this BIS CoC after ............, will be deemed to be illegal and violating the provisions of the BIS Act, 2016 and Rules & Regulations framed thereunder and action will be taken as per applicable provisions. 6) If you are aggrieved by the above order, you may prefer an appeal to the Director General, Bureau of Indian Standards within ninety days from the date of the order with a fee of two thousand rupees as per provisions of section 34 of the BIS Act 2016 read along with Rule 37 of the BIS Rules 2018. 7) Please acknowledge the receipt and ensure compliance. Signature of designated authority (Name of designated authority) 8"
9,1,"BUREAU OF INDIAN STANDARDS (CENTRAL MARKS DEPARTMENT - I) Our Ref: CMD-I/2:16:6 23 July 2024 Subject: Guidelines for surveillance during operation of Certificate of Conformity for Stampings/ Laminations/cores of transformers (with or without winding) under the conformity assessment Scheme – IV of Schedule – II of BIS (Conformity Assessment) Regulations, 2018 1) This document stipulates the guidelines for surveillance by BIS with respect to monitoring the operation of Certificates of Conformity (CoC) granted by BIS to manufacturers of Stampings/laminations/ cores of transformers (with or without winding). 2) These guidelines are to be read in conjunction with the BIS Act, 2016; BIS Rules, 2018 and BIS (Conformity Assessment) Regulations, 2018 and guidelines framed thereunder, as per Scheme–IV of Schedule–II of these regulations as well as any Product Specific Guidelines for grant of certificate of conformity for Stampings/ Laminations/cores of transformers (with or without winding) under Scheme - IV of Schedule - II of BIS (Conformity Assessment) Regulations, 2018. 3) The intent of surveillance in case of this product is to check for compliance to the essential requirement for this product mandated in the Steel and Steel Products (Quality Control) Order, 2020 i.e. that Stampings/laminations/cores of transformers (with or without winding) shall be made from BIS standard marked Grain Oriented Electrical Steel Sheet and Strip conforming to IS 3024:2015 or Cold rolled non-oriented electrical steel sheet and strip conforming to IS 648:2006 or Fe based amorphous strip delivered in the semi-processed state conforming to IS 16585:2016. 4) The primary mode of surveillance in this case is factory surveillance i.e. visits to the manufacturing units which are holding CoC. These surveillance visits may be conducted by the BIS certification officer or technical auditor of empanelled agency through CSMD. However, as far as possible, it is preferable that surveillance visits especially under Scheme-IV are carried out by the BIS certification officer at the concerned BO. 5) During the surveillance visit, the following actions shall be taken up: (i) Physical verification of availability of ISI marked material and dispatch of stampings/lamination/cores under CoC (a) During the visit, the labels on the ISI Marked material available shall be physically verified to check that the material has been manufactured by a BIS license holder holding a valid licence. 1"
10,1,"(b) In addition, the thickness of the coil of ISI marked electrical steel/material as well as the thickness of the stampings/laminations made from said ISI marked material shall be checked to verify the traceability. (c) In addition, materials being dispatched shall be checked to ensure that they are being sent with valid CoC bearing the assigned CoC Number with test certificate. (ii) Verification of traceability through records (a) As per product specific guidelines for grant of CoC, Holder of certificate of conformity is required to submit to the concerned BO the details of electrical steel purchased and consumed by them, enclosing the Mill Test Certificates and also the details of Stampings/ laminations/ cores of transformers manufactured and dispatched by them from this steel, on a quarterly basis. These submitted records shall be cross checked with the records available in the factory for conformity. (b) The compliance to the defined Inspection and Testing Plan shall be checked. (c) Details of raw material purchase/consumption and production/dispatch records as declared by the CoC holder shall be verified to check that only electrical steel/material manufactured by a BIS license holder holding valid licence is being used to manufacture the product and also that the product is being dispatched under the valid CoC with a test certificate. 6) Certification, Surveillance and Monitoring Department (CSMD) shall prepare and circulate the plan for domestic surveillance in case of this product. The inspection and surveillance activities of foreign manufacturers shall be planned and prepared by Foreign Manufacturers Certification Department (FMCD) with approval of the competent authority. The factory inspection and surveillance activities of foreign manufacturers (and domestic manufacturers, till further orders) shall be undertaken by certification officers of BIS. 7) Generally, one surveillance visit per year may be carried out for each manufacturing unit holding a certificate of conformity. For any special inspection visit (other than surveillance and complaint investigation), the inspection charges of ₹ 7,000 shall be taken in advance. 8) Till the time web/mobile application based module for surveillance is updated for this product, surveillance visits under Scheme-IV shall be reported with requisite details in the presently available space fields of web/mobile application. The remaining places may be left blank or filled as Not applicable. At the end of the report, any other should be selected and scanned pages of inspection/factory test reports are to be uploaded. The reporting template for guidance is enclosed as Annexure - I . 2"
11,1,"9) The surveillance inspection may be deemed unsatisfactory in the following situations (i) Use of non ISI marked material to manufacture Stampings/laminations/ cores of transformers (a) If there is sufficient evidence (through physical verification, verification of records or combination thereof) that the CoC holder has used non ISI marked material to manufacture Stampings/laminations/ cores of transformers and/or supplied this product without the valid CoC with a test certificate. (b) In such cases, review of performance of the CoC holder shall be taken up and based on the same, the CoC may be placed under suspension by the Head BO. Simultaneously, a show-cause notice shall be issued to the CoC holder informing them that BIS intends to pursue legal action against them for violation of the QCO and giving them 15 days time to establish that they did not violate the QCO (personal hearing may be granted). (template for guidance enclosed as Annexure - II ) Revocation of suspension may be considered once the CoC holder is able to establish that they did not violate QCO. If not, suspension may be followed by initiation of cancellation proceedings. (ii) Noncompliance to SIT and minor discrepancies in records etc. (a) In case deviation from prescribed SIT or minor discrepancies is observed in records but which does not constitute sufficient evidence that the CoC holder has used non ISI marked material to manufacture Stampings/laminations/ cores of transformers and/or supplied this product without the valid CoC with a test certificate, the CoC holder shall be advised to take corrective actions and inform within prescribed time limit (normally not more than 15 days). (template for guidance enclosed as Annexure - III ) (b) In such cases, if it is observed that the CoC holder has not taken sufficient corrective actions, the case may be processed for imposition of suspension. Before imposition of suspension, a notice shall be issued by the Head BO seeking explanation from CoC holder giving 10 days time from the date of issuance of the notice. (template for guidance enclosed as Annexure - IV ) (A) In case no reply is received within the stipulated time, the suspension shall be imposed. (B) In case reply is received within stipulated time, it shall be examined and reviewed by the Head BO. If the reply received is satisfactory informing all the requisite corrective actions have been taken by CoC holder, the case shall be taken up for verification of corrective actions through immediate surveillance visit preferably within the next 20 days. 3"
12,1,"(C) In case during the first surveillance visit after issuing the notice for suspension, it is observed that the corrective actions have not been implemented by the CoC holder, the case may be processed for imposition of suspension without any further notice. (D) In case reply received is partial or incomplete, the case may be processed for imposition of suspension without any further notice. (c) The decision to impose suspension shall be communicated to the CoC holder. (template for guidance enclosed as Annexure - V ) Suspension may be revoked after verification of corrective actions undertaken by the manufacturer. 10) (i) The BOs may arrange visit(s) as given below to check compliance with suspension orders and any possible violation of the BIS Act, 2016 and Rules, Regulations framed thereunder: (a) No response received from the CoC holder within 15 days from the date of communication of necessary instructions by BIS - Visit within next 15 days. (b) If there is still no response from the CoC holder after the visit, the case may be processed for initiating proceedings for cancellation. (ii) In case of detection of misuse or any violation of the provisions of the BIS Act, 2016 and Rules, Regulations framed thereunder, further necessary action shall also be taken as per provisions. 11) Before cancelling a certificate of conformity, a cancellation notice of not less than twenty-one days shall be given (template attached Annexure - VI ) . Before issuing cancellation notice, the DDGR shall satisfy herself/himself about completeness of information and facts of the case. Where DDGR is satisfied that it is necessary to issue cancellation notice, she/he shall record the reasons while taking decision for issuance of cancellation notice. (i) In case no reply is received within stipulated time, the certificate of conformity may be cancelled. (ii) In case reply is received within stipulated time, it shall be examined and reviewed by the DDGR. Where the DDGR is satisfied that it is necessary to cancel the certificate of conformity, she/he shall record the reasons while taking decision for cancellation. (iii) If the certificate of conformity is not cancelled, the matter shall be taken up for corrective actions and its verification as per applicable paras (9(ii)) of this document. 4"
13,1,(iv) The competent authority shall take into account merits of the case and facts presented by manufacturer during personal hearing and shall pass speaking orders for the final decision taken. (v) The decision to cancel the certificate of conformity shall be communicated to the manufacturer. (template attached as Annexure - VII ) 5
14,1,"Annexure - I BUREAU OF INDIAN STANDARDS REPORT OF SURVEILLANCE INSPECTION (. .. . . . . . . . . . . . inspection since the grant of CoC/Renewal) CoC NO - IR No.. . . . . . . . .. Valid upto: 1) (i) CoC Holder: (ii) Product: Stampings/ Laminations/cores of transformers (with or without winding) 2) Special inspection charges, if applicable 3) Date of inspection 4) Person(s) contacted 5) Previous inspection (i) Date (ii) Conducted by (iii) Conclusions and recommendations (iv) Result of last 2 SURVEILLANCE VISITS: 6) Action taken by firm on advice on previous visit / failure of sample: 7) Verify the following: (Deviations if any to be recorded) (i) Physical verification of availability of ISI marked material and dispatch of stampings/lamination/cores under CoC (a) ISI Marked material available has been manufactured by a BIS license holder holding valid licence. (Yes/No) (b) Thickness of the coil of ISI marked electrical steel/material as well as thickness of the stampings/laminations made from said ISI marked material are the same (Yes/No/ N.A.) - In case of N.A., reasons to be stated (c) Product being dispatched being sent with valid CoC bearing the assigned CoC Number. (Yes/No) (ii) Verification of traceability of through records (a) Factory Records of the details of electrical steel purchase and consumption, including Mill Test Certificates, and details of Stampings/ laminations/ cores of transformers manufactured and dispatched matches with quarterly data submitted to BIS and indicates use of only ISI Marked material for manufacture (Yes/No) (b) Compliance to Scheme of Inspection and Testing (SIT) requirements and maintenance of Test records satisfactorily : Yes/No (c) The product is being dispatched under the valid CoC with a test certificate indicating the assigned CoC number. (Yes/No) (iii) Any major change without approval / intimation : Yes / No 6"
15,1,"*In case no is recorded against any of the above, suitable remarks shall be mentioned 8) Sampling of Product for Independent Test (market sample of ISI Marked material) : (i) Code : (ii) IS No. : (iii) Product / Size / variety : (iv) Batch no. / DOM (v) Laboratory : (vi) Counter sample : Yes / No (vii) Name and Licence number of the manufacturer (BIS licensee Mill) Note : Details on test request to be enclosed. 9) Conclusions and Recommendations Satisfactory / Need improvement / Unsatisfactory (i) Any action to be taken including suspension (ii) Any other observation/comments for better appraisal of the report Inspected by: (Name) Designation: Date: 7"
16,1,"Annexure - II Our Ref: ....... BO/Coc No. Date: Subject: Suspension of CoC ………………. for …………… (Product name) M/s Kind Attn: (Name of the CEO/MD) Dear Madam/Sir, 1) This has reference to the certificate of conformity No. ....................... granted by BIS under its conformity assessment Scheme-IV for ………………………… (Product name) which is valid up to ………………. 2) Further, reference is invited to discrepancies observed during surveillance inspection visit dated ................... (copy enclosed) 3) Due to the .................................................. (BO to mention reasons and details of non-conformities) and in accordance with the provisions of clause (a) of sub-paragraph 5 of paragraph 11 of Scheme-IV of Schedule-II of the BIS (Conformity Assessment) Regulations, 2018, it has been decided to put the certificate of conformity granted to you under suspension with immediate effect. 4) You are not permitted to use the above mentioned product with certificate of conformity including dispatch of any stock in hand. You are, therefore, advised to ensure stoppage of use of certificate of conformity for the product with immediate effect & confirm the same immediately by suitable means like speed post/e-mail/online portal. You are also advised to submit us the following details as on the date of receipt of communication: i) Quantity of material held in stock: ii) (a) Batch/Control Unit (C.U.)/Lot No(s). and date(s) of manufacture; (b) Brand; (c) Size/type/grade/variety; iii) Packing details; and iv) Pending Orders for material, if any with purchasers' names and addresses 5) You are further required to inform BIS within 15 days of the issuance of this letter i) the details of corrective actions taken along with applicable supporting evidence ii) the quantity available in your stock pertaining to non-conforming Batch/C.U./Lot No. , failing which it will be presumed that you do not have such material in stock. 8"
17,1,"6) As you have been found contravening the essential requirements against the certificate of conformity is granted to you which is also a violation of the ..................... (Quality Control) Order, 20...., BIS is considering the matter to launch prosecution in the Court of Law for violation of said Quality Control Order. If you desire to be heard in person or through a representative authorised by you on your behalf, you may seek an appointment for such a hearing with the undersigned, after submitting your written explanation. 7) Kindly note that, according to Paragraph 5 of Scheme-IV of Schedule-II under the BIS (Conformity Assessment) Regulations, 2018, the certificate of conformity fee is payable by you even during the period when certificate of conformity is not in operation due to suspension. 8) The reply with information sought should be sent immediately by return speed post/e-mail but not later than 15 days from the issuance of this letter failing which your certificate of conformity will be considered for cancellation as per Regulation 19 of the BIS (Conformity Assessment) Regulations, 2018. 9) Kindly acknowledge the receipt and ensure compliance. Encl. As above Signature of designated authority (Name of designated authority) Copy to: Quality Control In-charge (Manufacturer Name & Address) 9"
18,1,"Annexure - III Our Ref: ....... BO/Coc No. Date: Subject: Unsatisfactory performance pertaining to CoC ………………. for …………… (Product name) M/s Kind Attn: (Name of the CEO/MD) Dear Madam/Sir, 1) This has reference to the certificate of conformity No. ....................... granted by BIS under its conformity assessment Scheme-IV for ………………………… (Product name) which is valid up to ……………… 2) A surveillance inspection was carried out at your factory premises on....................... During the visit, following discrepancies in the operation of the certificate of conformity were observed and communicated to you (Ref. Discrepancy-cum-Advisory Report issued during the visit, copy enclosed): 3) You are advised to take appropriate corrective actions to avoid such discrepancies in future and intimate BIS the details of actions taken along with applicable supporting evidence within 15 days from the issuance of this letter. 4) You are required to investigate the reasons for non-conformity by reviewing your quality assurance system and to take appropriate corrective actions which are relevant to the observed non-conformities. Some probable causes that could have led to occurrence of this non-conformity may be attributed (but is not limited) to ................... The quality assurance system of your firm requires review & improvement to ensure that the actions taken are appropriate and relevant to prevent recurrence of non-conformities observed. 5) Kindly note that in case, complete/satisfactory reply is not received within the stipulated period or performance during next surveillance visit is also found unsatisfactory, suspension may be imposed in accordance with clause (a) of sub-paragraph (5) of Paragraph 11 of Scheme - IV of Schedule - II under the BIS (Certification) Regulations, 2018. 6) Kindly acknowledge the receipt and ensure compliance. Thanking you Signature of designated authority (Name of designated authority) Encl: As above 10"
19,1,"Annexure - IV Our Ref: ....... BO/CoC No. Date: Subject: Notice for suspension of CoC .......……… for………. (Product Name) M/s Kind Attn: (Name of the CEO/MD) Dear Madam/Sir, 1) This has reference to the certificate of conformity No. ................................. granted to you by BIS under its conformity assessment Scheme-IV for ........................... (Product name) which is valid up to ………………. 2) Further, reference is invited to discrepancies observed during surveillance inspections dated ........................ and our earlier letter dated .......................... (copies enclosed) 3) Due to the ................................................ (BO to mention reasons with details) and in accordance with the provisions of clause (a) of sub-paragraph 5 of paragraph 11 of Scheme-IV of Schedule-II of the BIS (Conformity Assessment) Regulations, 2018, it is proposed to suspend the certificate of conformity No. .................... 4) In case you have anything to say in this matter, you may submit your explanation to the Bureau within 10 days from the date of issuance of this notice. In case no reply is received or reply received is incomplete or you fail to undertake corrective actions, your certificate of conformity will be put under suspension without any further reference to you. 5) This notice is being issued without any prejudice to the right of this Bureau to take any legal action under the BIS Act, 2016. 6) Kindly acknowledge the receipt and ensure compliance. Thanking You, Signature of designated authority (Name of designated authority) Encl.: As above 11"
20,1,"Annexure - V Our Ref: ....... BO/Coc No. Date: Subject: Suspension of CoC ………………. for …………… (Product name) M/s Kind Attn: (Name of the CEO/MD) Dear Madam/Sir, 1) This has reference to the certificate of conformity No. ....................... granted by BIS under its conformity assessment Scheme-IV for ………………………… (Product name) which is valid up to ………………. 2) Further, reference is invited to our earlier letter dated .............. and discrepancies observed during surveillance inspection visits dated .......... and .......... (copies enclosed) 3) Due to the .................................................. (BO to mention reasons and details of non-conformities) and in accordance with the provisions of clause (a) of sub-paragraph 5 of paragraph 11 of Scheme-IV of Schedule-II of the BIS (Conformity Assessment) Regulations, 2018, it has been decided to put the certificate of conformity granted to you under suspension with immediate effect. 4) You are not permitted to use the above mentioned product with certificate of conformity including dispatch of any stock in hand. You are, therefore, advised to ensure stoppage of use of certificate of conformity for the product with immediate effect & confirm the same immediately by suitable means like speed post/e-mail/online portal. You are also advised to submit us the following details as on the date of receipt of communication: i) Quantity of material held in stock: ii) (a) Batch/Control Unit (C.U.)/Lot No(s). and date(s) of manufacture; (b) Brand; (c) Size/type/grade/variety; iii) Packing details; and iv) Pending Orders for material, if any with purchasers' names and addresses 5) You are further required to inform BIS within 15 days of the issuance of this letter i) the details of corrective actions taken along with applicable supporting evidence ii) the quantity available in your stock pertaining to non-conforming Batch/C.U./Lot No. , failing which it will be presumed that you do not have such material in stock. 12"
21,1,"6) Kindly note that, according to Paragraph 5 of Scheme-IV of Schedule-II under the BIS (Conformity Assessment) Regulations, 2018, the certificate of conformity fee is payable by you even during the period when certificate of conformity is not in operation due to suspension. 7) The reply with information sought should be sent immediately by return speed post/e-mail but not later than 15 days from the issuance of this letter failing which your certificate of conformity will be considered for cancellation as per Regulation 19 of the BIS (Conformity Assessment) Regulations, 2018. 8) Kindly acknowledge the receipt and ensure compliance. Encl. As above Signature of designated authority (Name of designated authority) Copy to: Quality Control In-charge (Manufacturer Name & Address) 13"
22,1,"Annexure - VI Our Ref: ....... BO/Coc No. Date: Subject: Notice for cancellation of CoC ……… for ……….(Product Name) M/s Kind Attn: (Name of the CEO/MD) Dear Madam/Sir, 1) This has reference to the certificate of conformity No. ……….. granted by BIS under its conformity assessment Scheme-IV for ………………………… (Product name) which is valid up to ………………. 2) The following product non-compliances were observed with regard to the operation of the above certificate of conformity which is in violation of the provision of Regulation ........ of the BIS (Conformity Assessment) Regulations, 2018. (RO/BO to give the reasons for proposed cancellation in this space) 3) In view of the above, it is proposed to cancel the certificate of conformity No. ...................... held by you in accordance with the provisions under Section 13 of the BIS Act, 2016 read in conjunction with the provisions of Regulation 19 of the BIS (Conformity Assessment) Regulations, 2018. 4) Your certificate of conformity is already under suspension w.e.f. ............................ as communicated vide our letter dated ......................... It is to reiterate that during the suspension, you are not permitted to use the certificate of conformity including dispatch of any stock in hand. You are advised to re-confirm that you have stopped usage of the certificate of conformity by suitable means like speed post/e-mail/online portal. You are also advised to submit us the following details as on the date of receipt of communication: i) Quantity of material held in stock ii) (a) Batch No(s) and date(s) of manufacture; (b) Brand; (c) size/type/grade/variety iii) Packing details; and iv) Pending orders, if any with purchasers' name and address 14"
23,1,"5) In case you have anything to say in this matter, you may submit your explanation to the Bureau within 21 days from the date of issue of this notice, failing which, it will be presumed that you are no longer interested in continuing the said certificate of conformity and as such the certificate of conformity will be processed for cancellation without any further reference to you. This notice is being issued without any prejudice to the right of this Bureau to take any legal action under section 29 of the BIS Act, 2016. 6) If you desire to be heard in person or through a representative authorised by you on your behalf, you may seek an appointment for such a hearing with the undersigned, after submitting your written explanation. 7) Kindly acknowledge the receipt and ensure compliance. Thanking You, Signature of designated authority (Name of designated authority) Encl.: As above 15"
24,1,"Annexure - VII Our Ref: ....... BO/Coc No. Date: Subject: Cancellation of CoC ……… for ……….(Product Name) M/s Kind Attn: (Name of the CEO/MD) Dear Madam/Sir, 1) This has reference to the certificate of conformity No. ……….. granted by BIS under its conformity assessment Scheme-IV for ………………………… (Product name) which was valid up to ………………. 2) Further, reference is invited to cancellation notice dated ..........., your reply dated ............ and personal hearing held on ......................... 3) It has been decided to cancel your certificate of conformity after ……… as per the provision of Regulation ........ of the BIS (Conformity Assessment) Regulations, 2018 due to the following reasons: (BO to mention the reasons) 4) Your above mentioned certificate of conformity, therefore, stands cancelled w.e.f. …….... As already informed earlier as well, you are neither entitled to use this certificate of conformity after ……… or to claim in your advertisements or in any other publicity material that you are a holding certificate of conformity granted by BIS on your product after ………. 5) Any publicity material such as handbills, pamphlets, letterheads, etc. claiming that you hold BIS certificate of conformity for your above mentioned product should be destroyed or such markings obliterated/defaced immediately. This should be confirmed by you at the earliest, positively within 15 days. 6) Further, you are advised to furnish a statement of your product as follows: i) Quality of material held in stock: a) Type or Grade b) Variety c) Brand, if any ii) Batch/Control Unit (C.U.)/Lot No. iii) Packing iv) Pending orders, if any and purchaser’s name and address 16"
25,1,"7) Please note that any material found with BIS certificate of conformity after …….., will be deemed to be the violation of the provisions of the BIS Act 2016, and Rules and Regulations framed thereunder and action will be taken as per the BIS Act 2016, and Rules and Regulations framed thereunder. 8) You are advised to surrender the original certificate of conformity along with all the attachments/endorsements sheets, etc. and also submit an undertaking to the fact that you have not retained photocopy of the said documents and shall not produce it anywhere under any circumstances subject to prior permission from BIS in this regard. 9) If you are aggrieved by the above order, you may prefer an appeal to the Director General, Bureau of Indian Standards within ninety days from the date of the order with a fee of two thousand rupees as per provisions of section 34 of the BIS Act 2016 read along with Rule 37 of the BIS Rules 2018. 10) Please acknowledge the receipt and ensure compliance. Signature of designated authority (Name of designated authority) 17"
26,1,"09/05/2019 20190501 - Scheme4 Grant of CoC - Guidelines - Google Docs BUREAU OF INDIAN STANDARDS (CENTRAL MARKS DEPARTMENT - I) Our Ref: CMD-I/2:16:1 02 May 2019 Sub: Guidelines for Grant of Certificate of Conformity as per the conformity assessment Scheme – IV of Schedule – II of BIS (Conformity Assessment) Regulations, 2018 These guidelines stipulate the procedure for Grant of Certificate of Conformity (CoC) as per Scheme - IV of Schedule - II of BIS (Conformity Assessment) Regulations, 2018. These are to be read in conjunction with BIS Act 2016, BIS Rules 2018 and BIS (Conformity Assessment) Regulations 2018. In particular, the provision for Grant of CoC are addressed in Regulation 12, 13, 14 & 15 and Scheme - IV of Schedule - II of BIS (Conformity Assessment) Regulations, 2018. Any situation, in general, not covered in these guidelines is to be dealt as per the provisions of Act, Rules and Regulations by the Regional Offices (ROs) and Branch Offices (BOs). The CoC and all the forms mentioned herein corresponds to Scheme - IV of Schedule - II of BIS (Conformity Assessment) Regulations, 2018. General 1. The Bureau grants CoC based on successful assessment of the manufacturing principles infrastructure, production process, quality control and testing capabilities of for grant of the manufacturer through a visit to its manufacturing premises. Conformity of CoC the product to the specified requirements (a standard or a part of a standard or essential requirements) is also established through third party laboratory testing or testing in the manufacturing premises or a combination of both. Application 2. The application shall be made in the Form - V along with Form - III and relevant documents. Products 3. The applicant may apply for grant of CoC for the products and specified for grant of requirements as per Annexure - I to the Bureau along with the documents the CoC mentioned at Sl No. 2 above. Testing of 4. a) The applicant shall submit conforming Test Report(s) of the product the product sample(s) manufactured by the applicant issued by a third party testing laboratory. b) For the products which are operated on factory testing basis as per Annexure - I, test report(s) of product sample(s) from third party laboratory will not be required to be submitted. Third party 5. Test report(s) of the following third party laboratories shall be accepted: laboratory i) Laboratories established, maintained or recognized by the Bureau for the product (including Group-2 labs as specified under the Laboratory Recognition Scheme of the Bureau); ii) Government laboratories empanelled by the Bureau; iii) Any other laboratories as decided by the Executive Committee of the Bureau; https://docs.google.com/document/d/1SSk4gBezeNqYLwS2URZKRkM0AmDr4GoFjtPMBfYPLr4/edit 1/28"
27,1,"09/05/2019 20190501 - Scheme4 Grant of CoC - Guidelines - Google Docs Test 6. a) The test report(s) of the product shall not be more than 180 days old. The report(s) period for counting 180 days shall be from the date of issue of the test shall be report(s) to the date of receipt of the application in the BO. In case of multiple latest test report(s) for one product, the latest product test report shall not be more than 180 days old and the oldest product test report shall not be more than 365 days old. b) If a BO is of the opinion that the test report(s) to be considered for grant of CoC need to be accepted beyond specified time norms due to genuine reasons, the case may be put up for the approval of concerned DDGR with proper justification. DDGR after due consideration of the facts in the recorded justification, may take a decision whether to allow acceptance of the test report(s) which are not within the time limits specified above. Partial test 7. a) It is the responsibility of the applicant to ensure that the test report(s) report(s) submitted are complete in all respects and conforming to the specified requirements. In the event of submission of partial test report, applicant must submit reasons for test report(s) not being complete and proper justification to the satisfaction of Head (BO). Based on the reasons/justification received, the remaining test(s) shall be done in the laboratory of the applicant, with permission of Head (BO), as per procedure given at clause 7 b). b) The factory testing for remaining tests will be carried out by the Bureau during verification visit, subject to: i) Availability of complete testing facility with the applicant for the remaining tests to be done; ii) Payment of inspection fee for the visit; and iii) Availability of sufficient material for carrying out the remaining tests from material of the same control unit of which the test report(s) were submitted along with the application. In case, material from the same control unit is not available, sufficient material from one fresh control units be made available. Long 8. a) For product characteristic requiring testing time 30 days (one month) and duration above, evidence of conformity in the form of test report(s) from any test(s) laboratory, firm’s own or outside should be made available for such tests. The applicant should also simultaneously produce evidence that the long duration test in any of the laboratories specified at clause 5 above, is in progress and the laboratory shall be able to issue the Test Report (TR) within a definite time period (indicating date), which shall be made available by the applicant to the Bureau. b) The provision of in-house/outside laboratory test report for long duration test(s) may be relaxed, in case the applicant firm located in India is newly established and duration of such test(s) is more than 6 months. The appropriate evidence for establishment of manufacturing premises and commencement of production shall be taken. https://docs.google.com/document/d/1SSk4gBezeNqYLwS2URZKRkM0AmDr4GoFjtPMBfYPLr4/edit 2/28"
28,1,"09/05/2019 20190501 - Scheme4 Grant of CoC - Guidelines - Google Docs Undertakin 9. An undertaking (refer clause 11 d) xi)) shall also be obtained from the g, as applicant on its letterhead that, in the event of non-conformity of the sample applicable in long duration test(s) or its inability to submit the test report immediately but not later than 30 days (one month) from the date of test report indicated by the laboratory, the CoC, if granted shall be processed for cancellation. Conformity 10. a) Where ensuring conformity of raw materials is a mandatory requirement of of raw the specified requirement(s) being considered for CoC, such conformity shall material be established through any of the following: i) Raw material is ISI marked or relevant requirements are certified through BIS granted CoC; ii) Test report from any laboratory as specified at clause 5 above; iii) In case i) and ii) are not possible, Test report from any laboratory having NABL accreditation or Raw material manufacturers’ test certificate; iv) In case i), ii) and iii) are not possible, In-house Factory Test Report. b) Where requirement(s) for raw materials are referred to in the specified requirements of the product for guidance or reference only, evidence of conformity of raw material should not be insisted upon. Ensuring conformity of raw material/components shall rest with the applicant. Factory 11. a) A visit will be paid to the factory of the applicant for assessment of the visit manufacturing & testing infrastructure, production process, quality control and testing capabilities, and drawl of product samples (if applicable) for testing in the third party laboratory. b) Duration of the factory visit shall normally be one day in case of Indian manufacturers and two days in case of foreign manufacturers. In case more days are required, the decision in this regard may be taken by Head (BO). c) In case the Grant of CoC is to be considered based on the complete or partial testing of the product in the factory, the man-days required for such visits may be assessed and approved by Head (BO). Inspection fee, as applicable, shall be collected for the additional man-days required for such testing. d) the following documents, as applicable, shall be taken and verified during the factory visit- i) a self-evaluation cum verification report in the proforma, as given in Annexure - II ii) Details of quality control personnel iii) Calibration certificates of testing equipment to be verified during the visit iv) Copies of test certificates of raw material(s), as applicable v) Drawl of verification sample of the product and/or components/raw materials, as applicable vi) Report of hygienic condition, if applicable vii) Plant layout indicating the location of manufacturing area, storage area for raw material and finished product, testing laboratory etc. viii) Location plan of the factory https://docs.google.com/document/d/1SSk4gBezeNqYLwS2URZKRkM0AmDr4GoFjtPMBfYPLr4/edit 3/28"
29,1,"09/05/2019 20190501 - Scheme4 Grant of CoC - Guidelines - Google Docs ix) For the tests which are permitted to be subcontracted and not available with the manufacturer, copy of the agreement or consent letter from the outside laboratory for which arrangement for sub-contracting is made x) Inspection and testing plan as per Form - III proposed to be followed and discussion on the adequacy of the plan xi) Undertaking for long duration test as per the template attached as Annexure - III, wherever applicable (refer clause 9), and xii) Undertaking, as per the template attached as Annexure - IV (refer clause 13 d)). e) During the factory visit, the activities as per clause (c) of sub-paragraph (2) of paragraph 3 of Scheme - IV of Schedule - II of BIS (Conformity Assessment) Regulations 2018 shall be carried out. The discrepancy-cum-advisory report, if required, shall be issued as per Form - VII. Factory 12. a) During the factory visit, FT shall be carried out for as many requirements, Testing as possible. (FT) b) If, during the FT, any non-conformity is observed - no sample shall be drawn for testing in third party laboratory. The applicant may be advised to take corrective action(s), which is/are to be verified through another inspection and testing in the factory (inspection fee to be paid by the applicant for the visit). Drawl of 13. a) Draw only one sample and counter sample from the product variety to be verification covered under the scope of the CoC. If the product is considered for grant of sample CoC on complete FT basis, sample(s) shall not be drawn. b) The requirements (which have already been reported as conforming in test report of third party laboratory submitted with the application) for which testing charges are high (more than ₹ 25,000) or test duration is 30 days or above, need not be carried out on the verification sample. c) After ensuring proper packing of the sample, seal the sample and the counter sample. The guidelines issued by the Laboratory Policy & Planning Department shall be followed for sealing and dispatch of the sample to laboratory for testing. d) An undertaking (refer clause 11 d) xii)) shall also be obtained from the applicant on the letterhead that the CoC, if granted, shall be put under suspension if the sample(s) drawn during the factory visit by the certification officer(s) of the Bureau, do(es) not conform to any of the specified requirements. Processing 14. a) Process of grant of CoC is expected to be completed within 60 days for grant of excluding FT duration. However, for all India first case, it may take 180 days CoC excluding FT duration from the date of receipt of the application, provided the documentation, assessment of the unit and conformity of the product is established satisfactory at first instance during various stages. A template of https://docs.google.com/document/d/1SSk4gBezeNqYLwS2URZKRkM0AmDr4GoFjtPMBfYPLr4/edit 4/28"
30,1,"09/05/2019 20190501 - Scheme4 Grant of CoC - Guidelines - Google Docs the letter to be sent for communication of Grant of CoC is attached as Annexure - V. b) The CoC shall initially be granted for not less than one year and upto two years and attested as per Form - VIII. Review of 15. a) The decision on the adequacy of the inspection and testing plan submitted test report shall be taken by Head of the BO. of verification b) In case of non-conformity of verification sample(s) drawn during the sample factory visit, suspension of CoC shall be imposed immediately. The certificate holder shall take necessary corrective actions and inform the same to the Bureau, and also confirm his readiness to offer fresh samples manufactured after taking the corrective actions. The revocation of suspension in such cases shall be considered only on the basis of complete conforming test report(s) of the fresh samples from third party testing laboratory. In case the fresh sample drawn by the Bureau for consideration of revocation of suspension shows non-conformity in third party laboratory testing, or the certificate holder does not inform corrective actions taken and does not offer improved samples within 30 days of the date of Suspension, the CoC may be processed for cancellation. c) In case of receipt of test report of any sample drawn after grant of CoC [Factory Sample (FS) /Market Sample (MS)] prior to receipt of the test report for the sample drawn during factory visit during the applicant stage, the same shall be treated as a routine sample. However, on receipt of test report of the sample drawn at applicant stage which is found non-conforming, notwithstanding the conformity of the FS/MS drawn after grant of CoC, action as per clause 15 b) above, shall be taken. Incomplete 16. In case of receipt of incomplete test report for the sample drawn for third party test report laboratory testing, the remaining test may be carried out on the counter sample of in a third party laboratory (refer clause 5). If, in any case, it is difficult to test verification the remaining requirements in a third party laboratory nor they were earlier sample recorded in the FT report, the same may be carried out in the factory of the applicant with approval of Head, BO, provided such test facilities exist in the factory. Review of 17. The case shall also be reviewed for the test report of long duration test, for test report which the applicant had submitted an undertaking (refer clause 9 above). If the of long test report for the long duration test is found non-conforming or the applicant duration fails to submit the test report by the stipulated time, the CoC, if granted, shall test be processed for cancellation. All India 18. a) If the application is for a product for which no CoC has been granted first earlier, the application shall be processed by the concerned BO and sent to application DDG(Certification) through concerned DDGR. b) The Certification Officer concerned, who has carried out factory visit for all India first application, shall prepare draft product manual within 07 days of https://docs.google.com/document/d/1SSk4gBezeNqYLwS2URZKRkM0AmDr4GoFjtPMBfYPLr4/edit 5/28"
31,1,"09/05/2019 20190501 - Scheme4 Grant of CoC - Guidelines - Google Docs the factory visit/drawl of verification sample for testing in third party laboratory. Rejection of 19. a) The application may be processed for rejection as per the sub-regulation application (5) of regulation 12 of BIS (Conformity Assessment) Regulations, 2018. It may include one or more of the situations mentioned below: i) Samples not offered for testing within 30 days of recording of application ii) Lack of testing facilities with the applicant iii) Lack of technical personnel with the applicant iv) If corrective actions are not taken within the time period stipulated in discrepancy-cum-advisory report v) The firm has not been clearing the financial dues to the Bureau. vi) The firm has tampered with documents in connection with the grant of the CoC. vii) The firm has indulged in unethical practices in the context of grant of the CoC. viii) Major deviation is observed from the declared manufacturing facility during the factory visit. ix) Failure of firm in providing all assistance to certification officer in connection with carrying out factory visit x) If non-conformity in factory testing is found repeated during the second factory visit. b) Before rejecting an application, a rejection notice of not less than 21 days shall be given to the applicant (template attached as Annexure - VI). The applicant shall be given a reasonable opportunity of being heard either in person or through its representative. In case the facts or the explanation furnished by the applicant or its representative is not satisfactory, the application shall be rejected. The closing of application shall be communicated to the applicant (template of the letter attached as Annexure - VII). c) T he competent authority shall pass speaking orders for decision taken. Product 20. In addition to these guidelines, any product specific guidelines issued by specific CMDs shall be followed, as applicable. guidelines Additional 21. In addition to the requirements mentioned above, the foreign manufacturers features for shall also submit the duly filled formats specified in Annexure - VIII, IX, X foreign and XI. manufactur ers Inspection 22. The inspection fee shall be payable, in advance, as per sub-paragraph (5) of fee paragraph 5 of Scheme - IV of Schedule - II of BIS (Conformity Assessment) Regulations, 2018. Testing fee 23. The testing fee of the sample(s) shall be borne by the applicant. https://docs.google.com/document/d/1SSk4gBezeNqYLwS2URZKRkM0AmDr4GoFjtPMBfYPLr4/edit 6/28"
32,1,"09/05/2019 20190501 - Scheme4 Grant of CoC - Guidelines - Google Docs Provision 24. For the cases, in which manufacturer submits appeal to Director General, the for appeal brief history of the case shall be communicated by RO/BO to concerned CMD (template attached as Annexure - XII). https://docs.google.com/document/d/1SSk4gBezeNqYLwS2URZKRkM0AmDr4GoFjtPMBfYPLr4/edit 7/28"
33,1,09/05/2019 20190501 - Scheme4 Grant of CoC - Guidelines - Google Docs Annexure - I List of products* for grant of CoC Sl. IS Product/IS title and CoC modus Specified FT basis No No. operandi requirements (Complete/Partial/ None) * The products to be included will be considered based on any request received or any Quality Control Order (QCO) issued by the Central Government. https://docs.google.com/document/d/1SSk4gBezeNqYLwS2URZKRkM0AmDr4GoFjtPMBfYPLr4/edit 8/28
34,1,"09/05/2019 20190501 - Scheme4 Grant of CoC - Guidelines - Google Docs Annexure - II Self-evaluation cum verification report 1. General information a) Applicant’s name b) Enclose plant layout: 2. Raw materials a) Raw Materials Used: Sl. Raw Name of With/without BIS Test certificate How received batches/lots No material supplier certification of the supplier nature of package 3. Packing and marking a) Nature of packing b) Quantity per package c) Marking on article d) Method of marking (printing, Stencilling, embossing etc) e) Form of label(s), if any (enclose one set) f) Batch or Code numbering for identification g) In what manner marking differs from the provisions in the specified requirements 4. Details of Quality Control Staff: Sl. No. Name of person Designation Qualification Experience 5. Brand Name(s) Declaration of brand name/trademark proposed to be covered under certification a) Brand Names/Trademark(s) being used: Brand Names/Trademark(s) which would be Owned by Registered/ Date of marked on the product bearing the BIS self or others Unregistered registration/ Certification (Give actual design depiction introduction of the Brand Name/Trade Mark(s) b) https://docs.google.com/document/d/1SSk4gBezeNqYLwS2URZKRkM0AmDr4GoFjtPMBfYPLr4/edit 9/28"
35,1,"09/05/2019 20190501 - Scheme4 Grant of CoC - Guidelines - Google Docs c) Other Brand Names/Trademark(s) used for the same product marketed without BIS Certification as per Scheme - IV. Give reasons. d) In case Brand Names/Trademark(s) of any other party/manufacturer is being used for purposes of the above, give the design depiction of the Brand Names/Trademark(s) and copy of the agreement authorizing the use of the same. e) I/We undertake to inform BIS in advance as and when we propose to use any other Brand Names/ Trademark(s) in conjunction with the operation of the BIS Certification Scheme - IV. f) I/We also undertake that, as far as possible, the entire production which conforms to the specification shall bear labelling and marking as specified by BIS , irrespective of the Brand Names/Trademark(s) used. g) I/We understand that the above has been given only as information to BIS, that BIS has no role in permitting/approving of any Brand Name or Trade Mark, that this is not in anyway be interpreted to mean that BIS has permitted/approved the use of the Brand Name(s) and Trademark(s) listed above, and that the responsibility is entirely mine/ours. Declaration The information given in this report are true to the best of my knowledge and belief. I shall be responsible if any misleading information has been given in this report and the application shall be liable for rejection if wrong information has been given. If the CoC is granted on the basis of information which is found to be incorrect later, the CoC shall be liable for cancellation. I/We declare that we have the requisite manufacturing infrastructure, production processes, quality control and testing capabilities towards maintaining conformance of the product to the specified requirement(s) on continuous basis. Date: (Signature) Name and Designation Place: https://docs.google.com/document/d/1SSk4gBezeNqYLwS2URZKRkM0AmDr4GoFjtPMBfYPLr4/edit 10/28"
36,1,"09/05/2019 20190501 - Scheme4 Grant of CoC - Guidelines - Google Docs Annexure - III Undertaking for long duration test (To be submitted on the letterhead of the firm) The Head ……..(Branch Office) Bureau of Indian Standards Dear Sir/Madam, I, ........................ (name of person), ............................ (designation) have applied for a Certificate of Conformity (CoC) as per Scheme - IV of Schedule - II of BIS (Conformity Assessment) Regulations, 2018 on ................... (date of application as in the application form) to you for ........................... (name of product) as per ....................................... (specified requirements) being manufactured at our factory at ................... (give address). In this regard, I understand and agree that in event of failure of the sample drawn for the purpose of Grant of CoC to use BIS certification in the following type tests or my inability to submit the test report for following tests within 30 days (one month) of the date of completion of the test(s) as confirmed by the laboratory*, the CoC if granted to me, shall be processed for cancellation: Sl. Type test Duration of the Date of completion of the test(s) as confirmed by the No. test laboratory, if applicable 1 2 3 Further, I duly undertake that I shall abide by all the directions issued by the Bureau in this regard. Date: (Name) (Designation) (Seal) * Strike out whatever is not applicable https://docs.google.com/document/d/1SSk4gBezeNqYLwS2URZKRkM0AmDr4GoFjtPMBfYPLr4/edit 11/28"
37,1,"09/05/2019 20190501 - Scheme4 Grant of CoC - Guidelines - Google Docs Annexure - IV Undertaking by applicant (For products not operated on complete factory testing basis) (To be submitted on the letterhead by Member of Management/Authorized Signatory to concerned Head of the Branch office along with the Application and other documents) The Head ………(Branch Office) Bureau of Indian Standards Dear Madam/Sir, I, ............................... (name of person), .................................. (designation) have applied for a Certificate of Conformity (CoC) as per Scheme - IV of Schedule - II of BIS (Conformity Assessment) Regulations, 2018 on ................... (date of application as in the application form) to you for use of BIS certification on ........................ (name of product) as per ...................... (specified requirements) being manufactured at our factory at ......................... (give address). In this regard, I clearly understand and agree to the conditions that- (i) the CoC, if granted against the above application shall be put under suspension by BIS, if the sample drawn during the verification visit fails to conform to the specified requirements, (ii) in such case of suspension, I shall take necessary corrective actions and inform the same to BIS within one month and offer fresh lot of product manufactured after taking corrective actions, from which sample(s) will be drawn by BIS for third party testing, (iii) the revocation of suspension will be considered only on the basis of complete test report(s) of the fresh sample(s) offered, from third party testing laboratory, (iv) the testing fee for testing of sample drawn for consideration of revocation of suspension shall be borne by me, and (v) in case, the fresh sample drawn by BIS for considering revocation of suspension shows non-conformity, or I fail to inform corrective actions within 30 days from the date of suspension, the CoC shall be processed for cancellation. Date: (Name) (Designation) (Seal) https://docs.google.com/document/d/1SSk4gBezeNqYLwS2URZKRkM0AmDr4GoFjtPMBfYPLr4/edit 12/28"
38,1,"09/05/2019 20190501 - Scheme4 Grant of CoC - Guidelines - Google Docs Annexure - V Our Ref: Dated: Subject: Grant of BIS Product Certification CoC No.- ................ as per IS ......... M/s Dear Madam(s)/Sir(s), With reference to your application, we are pleased to inform you that the Certificate of Conformity (CoC) as per Scheme - IV of Schedule - II of BIS (Conformity Assessment) Regulations, 2018 has been granted to you in respect of the followings: Product: (i) Grade (ii) Class (iii) Type (iv) Variety As per ...........………. (essential requirement(s)) The CoC is granted on the explicit condition that you will cover entire/substantial production which conforms to the specified requirements. 2. The number assigned to this CoC is ...................... which has been made operative from ................ and is valid up to ...................... The CoC number shall invariably be referred to in your future correspondence. According to Sub-Paragraph (2) of Paragraph 5 of Scheme - IV of Schedule - II under BIS (Conformity Assessment) Regulations, 2018, the annual CoC fee of ₹ 50,000.00 (Large Scale)/ 40,000.00 (MSME) is payable by you with effect from ...................... for the period of validity of the CoC in advance. 3. The fee stipulated in Paragraph 5 of Scheme - IV of BIS (Conformity Assessment) Regulations, 2018 is payable by you regardless of the fact whether you actually cover your product or not with the BIS certification. Our Receipt No.R/ ............. dated ....................... for the CoC fee for the first operative period is already *issued/enclosed/being sent separately. 4. This advance certification fee will be carried over to the next year on every renewal. 5. The Inspection and Testing Plan (ITP) submitted by you will have to be implemented by your organization strictly and completely. This supervision of the operation of the ITP shall be done by a person responsible for the quality control function in your organization. Kindly inform us the name and designation of the person who will be held responsible for the operation and maintenance of the Scheme. Any future change in this respect will have to be communicated by you to us as and when these take place. 6. On commencement of the production of your product for which you are certified, you may advertise your product with BIS certificate in various media only during the validity of your CoC. The use of BIS certification on letterheads and publicity literature will be permitted only on receipt https://docs.google.com/document/d/1SSk4gBezeNqYLwS2URZKRkM0AmDr4GoFjtPMBfYPLr4/edit 13/28"
39,1,"09/05/2019 20190501 - Scheme4 Grant of CoC - Guidelines - Google Docs of your assurance that in the event of cancellation or lapsing of your CoC, the BIS certification details on your letterheads, publicity literatures etc. will be destroyed/obliterated. 7. This CoC is granted for your manufacturing premises situated at (Address of factory) ............................ Privileges under the CoC shall not be exercised by any other firm company/factory etc. This CoC is not transferable in the event of shifting the manufacturing and testing equipment from the certified premises to some other place, use of CoC shall be stopped till the new premises are inspected and found to be satisfactory by BIS in respect of manufacturing and testing facilities available there and the address of the new premises is endorsed in the CoC. 8.* It may be noted that this CoC is granted which is subject to the condition that if samples drawn on (Date of drawl of verification sample) by BIS during the verification visit before grant of CoC, fail to conform to the specified requirements (in any requirement), the CoC shall be put under suspension, and in case fresh sample after corrective action is not offered within one month or fresh sample fails to conform to the specified requirements, in any requirement, the CoC shall be processed for cancellation (Not applicable for products operated on factory testing basis). Thanking you, Signature of designated authority (Name of designated authority) Encl: As above. (*strike out whichever is not applicable) https://docs.google.com/document/d/1SSk4gBezeNqYLwS2URZKRkM0AmDr4GoFjtPMBfYPLr4/edit 14/28"
40,1,"09/05/2019 20190501 - Scheme4 Grant of CoC - Guidelines - Google Docs Annexure - VI Our Ref.: Date: Subject: Notice for Rejection of Application. M/s Dear Sir/Madam, This is with reference to your application No.CM/A-……..for grant of Certificate of Conformity (CoC) as per Scheme - IV of Schedule - II of BIS (Conformity Assessment) Regulations, 2018 on your product ……….as per ...............……........... (specified requirement(s)) 2. We regret to inform you that it has not been found possible to further process your application because of the following: (BO to mention the reasons) 3. In view of above, it is proposed to reject your application. In case, you have anything to say in the matter, you may send your reply within 21 days of issue of this letter. If you desire to be heard by the undersigned in person or through a representative authorized by you on your behalf, you may seek an appointment for such a hearing with the undersigned, after submitting your written explanation. 4. In case no reply is received from your end within the stipulated period, we will process your application for rejection as per the sub-regulation (5) of regulation 12 of BIS (Conformity Assessment) Regulations, 2018 without any further notice to you. Thanking you, Signature of designated authority (Name of designated authority) https://docs.google.com/document/d/1SSk4gBezeNqYLwS2URZKRkM0AmDr4GoFjtPMBfYPLr4/edit 15/28"
41,1,"09/05/2019 20190501 - Scheme4 Grant of CoC - Guidelines - Google Docs Annexure - VII Our Ref: ....... BO/A- Date: Subject: Rejection of Application No. BO/A – M/s Dear Sir/Madam, This is with reference to your Application No. A- ………….. for grant of Certificate of Conformity (CoC) as per Scheme - IV of Schedule - II of BIS (Conformity Assessment) Regulations, 2018 on your product ………… as per ....................…………. (specified requirements) 2. Kindly refer to our letter of even number dated …………. In this letter we had informed you of our intention to reject your application for the following reasons: (BO to mention the reasons for rejection of application, reference to reply from firm, its examination and consideration and also if any personal hearing is held, reference to the same needs to be indicated) 3. It has, therefore, been decided that the case relating to your above mentioned application be rejected. You may please apply afresh with applicable fee as and when you feel interested in future to get CoC for your product and are in position to comply with the above mentioned requirements. 4. If you are aggrieved by the above order, you may prefer an appeal to the Director General, Bureau of Indian Standards within ninety days from the date of the order with a fee of two thousand rupees as per provisions of section 34 of the BIS Act, 2016 read along with Rule 37 of the BIS Rules, 2018. Thanking You, Signature of designated authority (Name of designated authority) https://docs.google.com/document/d/1SSk4gBezeNqYLwS2URZKRkM0AmDr4GoFjtPMBfYPLr4/edit 16/28"
42,1,"09/05/2019 20190501 - Scheme4 Grant of CoC - Guidelines - Google Docs Annexure-VIII FORM FOR NOMINATION BY MANUFACTURER To The Director General, Bureau of Indian Standard, 9, Bahadur Shah Zafar Marg, New Delhi-110 002. Subject: Nomination of Authorized Indian Representative (as per clause 3.1 of the Agreement) Dear Sir, In terms of the requirement of clause 3 of the agreement, we, M/s__________________, the manufacturer and signatory of the Agreement with BIS, do hereby nominate and appoint Mr./Ms._______________________, son / daughter of Mr.____________________________, resident of ________________________________________________________, INDIA, as our Authorized Indian representative in terms of clause 3 of the Agreement. Mr./Ms. __________________________, would be the person responsible for and on our behalf under the agreement for compliance of terms and conditions of the Agreement and also provisions of the BIS Act 2016, Rules and Regulations. The form also contains his / her signatures in token of his / her acceptance, consent and confirmation of the terms and conditions of the Agreement. Please be advised that the nomination in favour of the authorized India representative shall continue for the purpose of this agreement till such time that some other person is appointed in his / her place in accordance with the terms of the Agreement. Yours Faithfully, Signature of Authorized Indian Representative: Signature: Name: Name: Designation: Designation: Contact Details: Contact Details: Mob. No. : Mob. No.: Email: Email: Complete Postal Address: Complete Postal Address: https://docs.google.com/document/d/1SSk4gBezeNqYLwS2URZKRkM0AmDr4GoFjtPMBfYPLr4/edit 17/28"
43,1,"09/05/2019 20190501 - Scheme4 Grant of CoC - Guidelines - Google Docs Annexure – IX PERFORMANCE BANK GUARANTEE The Director General Bureau of Indian Standards Manak Bhavan 9 Bahadur Shah Zafar Marg New Delhi - 110 002 1. In consideration of Bureau of Indian Standards (hereinafter called ‘BIS’ or ‘the Bureau’) having agreed to exempt ................................................................................... (hereinafter called ‘the Manufacturer’) from the demand under the terms and conditions of an agreement entered into between the Bureau and Manufacturer in respect of grant of Certificate of Conformity (CoC No. .....................................) as per .........................................................by the Bureau to the Manufacturer (hereinafter called ‘the agreement’), of security deposit for due fulfillment by the Manufacturer of the terms and conditions contained in the said Agreement, on production of the bank guarantee for ................................, we .................................. (hereinafter referred to as ‘the bank’) at the request of M/s ...................................................... (Manufacturer), do, undertake to hereby, pay to the Director General of the Bureau by Cheque/ Demand Draft, on behalf of the Bureau, an amount not exceeding USD 10,000 (US Dollars ten thousand only) against any loss or damage caused to or suffered or would be caused to or suffered by the Bureau by reason of any breach by the said Manufacturer of any of the terms or conditions contained in the said Agreement. 2. We,...................................................., do hereby undertake to pay the amounts due and payable under this guarantee without any demur, merely on a demand from the Bureau by reason of breach by the said Manufacturer of any of the terms or conditions contained in the said Agreement or by reason of the Manufacturer’s failure to perform the said Agreement. Any such demand made on the bank shall be conclusive as regards the amount due and payable by the Bank under this guarantee where the decision of the Bureau in these counts shall be final and binding on the bank. However, our liability under this guarantee shall be restricted to an amount not exceeding USD 10,000 (US Dollars ten thousand only). 3. We undertake to pay to the BIS any money so demanded notwithstanding any dispute or disputes raised by the Manufacturer in any suit or proceeding pending before any court or tribunal relating thereto, our liability under this present being absolute and unequivocal. The payment so made by us under this bond shall be valid discharge of our liability for payment thereunder, and the Manufacturer shall have no claim against us for making such payment. 4. We ............................................................................further agree that the guarantee herein contained shall remain in full force and effect during the period that would be taken for the performance of the said agreement and that it shall continue to be enforceable till all the dues of the Bureau under or by virtue of the said Agreement have been fully paid and its claims satisfied or discharged or till the Bureau certifies that the terms and conditions of the said Agreement have been fully or properly carried out by the said Manufacturer and accordingly discharges this guarantee. Unless a demand or claim under this guarantee is made on us in writing on or before https://docs.google.com/document/d/1SSk4gBezeNqYLwS2URZKRkM0AmDr4GoFjtPMBfYPLr4/edit 18/28"
44,1,"09/05/2019 20190501 - Scheme4 Grant of CoC - Guidelines - Google Docs .............................................. we shall be discharged from all liabilities under this guarantee thereafter. 5. We ................................................................ further agree with the Bureau that the Bureau shall have the fullest liberty without our consent and without affecting in any manner our obligations hereunder to vary any of the terms and conditions of the said Agreement or to extend time of performances by the said Manufacturer from time to time or to postpone for any time or from time to time any of the powers exercisable by the Bureau against the said Manufacturer and to forbear or enforce any of the terms and conditions relating to the said agreement and we shall not be relieved from our liability by reason of any such variation, or extension being granted to the said Manufacturer or for any forbearance, act or omission on the part of the Bureau or any indulgence by the Bureau to the said Manufacturer or by any such matter or thing whatsoever which under law relating to sureties would, but for this provision, have effect of so relieving us. 6. This guarantee will not be discharged due to the change in the constitution of the Bank or the Manufacturer. 7. We ................................. lastly undertake not to revoke this guarantee during and even after its currency except with the previous consent of the Bureau in writing. Dated: the ......... day of ................. of .................... for .............................................. Bank Place: Signature: Name: For and on behalf of: Seal: Note: - PBG shall be issued by any Bank having Reserve Bank of India approved branch in India. Original PBG shall be endorsed and routed / forwarded through the Indian branch only. (Give the details of such RBI approved branch in India below) https://docs.google.com/document/d/1SSk4gBezeNqYLwS2URZKRkM0AmDr4GoFjtPMBfYPLr4/edit 19/28"
45,1,"09/05/2019 20190501 - Scheme4 Grant of CoC - Guidelines - Google Docs Annexure – X INDEMNITY BOND (To be typed on non-judicial Stamp Paper of Rs. 100=00 and attested by Notary Public) This Indemnity Bond is executed on this _____ day of ____________, 20____ at New Delhi by M/s __________________________________, a company / firm having its registered / corporate office at ___________________________________________ and a Liaison / Branch Office at ______________________________________________________________ (India) / or legally appointed Agent in India, namely Mr./Ms. _____________________, having his/her/its office at ____________________________________________________, represented through Mr./Ms. _____________________________, son/wife/daughter of Mr. ___________________, its duly authorized representative (hereinafter referred to as ‘the Manufacturer’), in favour of Bureau of Indian Standards, having its headquarters at Manak Bhavan, 9 Bahadur Shah Zafar Marg, New Delhi - 110 002 (hereinafter referred to as ‘BIS’ or ‘the Bureau’) : WHEREAS the manufacturer who is engaged in the business of manufacture of ________________________________ (name the product for which Certificate of Conformity (CoC) is being obtained) outside India, has approached the Bureau for grant of CoC for the aforesaid product, as conforming to specified requirements _______________:________; AND WHEREAS as per the product certification scheme-IV of BIS under which the CoC is granted to the Manufacturer, the Bureau on being satisfied that the product manufactured by the manufacturer conforms to the specified requirements, merely gives a CoC to the manufacturer to use for such product as conforming to the specified requirements; AND WHEREAS the responsibility of conformance to the specified requirements with respect to the product in respect of which the CoC is granted is the sole responsibility of the Manufacturer, and in case of non-conformance, the CoC is liable to be suspended, deferred or cancelled by the Bureau; AND WHEREAS the Manufacturer has entered into an Agreement with the Bureau in connection with the grant of the CoC, wherein it is stipulated that the Manufacturer shall execute the present Indemnity Bond to hold the Bureau indemnified and harmless against any third party claims in respect of non-conformity of the product manufactured by the Manufacturer for which the claim of CoC has been made. NOW THEREFORE this Deed witnesses and it is agreed to and undertaken by the Manufacturer to safeguard the interests of the Bureau and to keep them harmless against any claim or demand made or proceedings initiated by any one against the Bureau in respect of non-conformity of the product manufactured by the Manufacturer for which the CoC is claimed by the Manufacturer, and indemnify the Bureau in that regard including damages, interest or cost thereof. IN WITNESS WHEREOF this Deed has been executed at New Delhi by the aforesaid Manufacturer through its Authorized Representative, in the presence of witnesses. https://docs.google.com/document/d/1SSk4gBezeNqYLwS2URZKRkM0AmDr4GoFjtPMBfYPLr4/edit 20/28"
46,1,09/05/2019 20190501 - Scheme4 Grant of CoC - Guidelines - Google Docs MANUFACTURER: Witnesses : 1. 2. https://docs.google.com/document/d/1SSk4gBezeNqYLwS2URZKRkM0AmDr4GoFjtPMBfYPLr4/edit 21/28
47,1,"09/05/2019 20190501 - Scheme4 Grant of CoC - Guidelines - Google Docs Annexure-XI AGREEMENT FOR THE GRANT OF CERTIFICATE OF CONFORMITY (CoC) (FOR USE BY THE FOREIGN MANUFACTURER) (O n Rs. 100/- non judicial stamp paper, to be attested by Notary Public) The Agreement made at New Delhi on this ……… day of………………..….month ……….. year, between Bureau of Indian Standards, a body corporate established under the Bureau of Indian Standards Act, 2016 having its Head Office at Manak Bhavan, 9, Bahadur Shah Zafar Marg, New Delhi-110 002 (hereinafter referred to as ""BIS"", which expression shall include its administrators, assigns, agents and or representatives) of the one part, AND M/s………………………………………………………., a foreign manufacturer having its office at…………………………………………………… and a Liaison/Branch Office/Office of its legally appointed Agent, namely, Mr/Mrs………………………………. Located in India at ……………………………………………… (hereinafter referred to as the ‘manufacturer’ which expression shall include its heirs, and or assigns) through Mr./Mrs…………………………………. (its Managing Director/proprietor/partner or authorized signatory, as the case may be): Whereas BIS has been established by the BIS Act, 2016 for harmonious development of activities of Standardization, Quality Certification and Marking of goods and for matters connected therewith or incidental thereto; And whereas in furtherance of its functions as provided in the BIS Act, 2016 and in particular to provide service to foreign manufacturers, BIS is empowered to grant Certification of Conformity (CoC) to foreign manufacturers of goods and articles; And whereas under BIS Act, 2016 BIS is authorized to grant CoC to foreign manufacturer on its such goods and articles, which conform to the relevant Indian Standard or essential requirements, and the grant of such CoC is subject to the manufacturer complying with the norms laid down by BIS from time to time; And whereas the foreign manufacturer has applied to Bureau of Indian Standards for grant of CoC under BIS Act, 2016 and BIS after satisfying itself about the capability of the manufacturer and that it satisfies the requirement as laid down in BIS Act, rules and regulations framed thereunder, and the terms and conditions of the CoC, has decided to grant to the manufacturer CoC on the terms and condition hereinafter mentioned. Now the parties hereto agree as under: 1. Definitions: In this Agreement, unless the context otherwise requires, https://docs.google.com/document/d/1SSk4gBezeNqYLwS2URZKRkM0AmDr4GoFjtPMBfYPLr4/edit 22/28"
48,1,"09/05/2019 20190501 - Scheme4 Grant of CoC - Guidelines - Google Docs 1.1 “CoC” means a CoC granted under section 13 of the BIS Act, 2016 to any article or goods, which conforms to the Indian Standard or specified requirements.. 1.2 “manufacturer” means a business enterprise engaged in the manufacture of any article or process, situated at a stated location or locations, that carries out and controls such stages in the manufacture, assessment, handling or storage of a product, that enables it to accept responsibility for continued compliance of the product with the relevant Indian Standard and undertakes all obligations in that connection, with regard to grant of CoC to foreign manufacturer, under the Scheme. 1.3 “third party laboratory” means a laboratory established, maintained or recognized by the Bureau or Government laboratory empaneled by the Bureau. 1.4 “product” means the products to be supplied with CoC. 1.5 “authorised representative” means the person, located in India, nominated and legally appointed by the manufacturer for the purpose of compliance with terms and conditions of this agreement and provisions of BIS Act, 2016, rules and regulations framed thereunder and shall be deemed to be a person having ultimate control over the affairs of the manufacturer for the purposes of this agreement. 2. Fee 2.1 In consideration of BIS granting CoC to the manufacturer and the manufacturer agreeing to abide by the provisions of this agreement and the various obligations and responsibilities and BIS performing its part under the BIS Act, 2016, the manufacturer shall pay to BIS the necessary fee, as applicable from time to time, under the scheme such as advance Annual Certificate of Conformity fee, renewal application fee and any other fee as determined under the BIS (Conformity Assessment) Regulations, 2018. 2.2 The manufacturer also agrees to bear all expenses, including cost to BIS of the man-days spent by BIS certification officer(s) in connection with the inspection at the manufacturing premises and/or at the testing laboratory (from the time of departure from the place of posting till return thereto), and testing fee as the case may be, as decided by BIS in its absolute discretion. 3. Nomination 3.1 The manufacturer shall nominate and appoint a person as his authorised representative located in India after obtaining all necessary permission or sanctions, if required, under the Indian laws, setting out the terms and conditions of such appointment in writing, whose nomination shall be duly communicated to BIS in writing. 3.2 The authorised representative may either be in-charge or a senior officer of the Indian office or a legally appointed agent of the manufacturer in India. The nomination by the manufacturer shall be given on letterhead in the format prescribed. https://docs.google.com/document/d/1SSk4gBezeNqYLwS2URZKRkM0AmDr4GoFjtPMBfYPLr4/edit 23/28"
49,1,"09/05/2019 20190501 - Scheme4 Grant of CoC - Guidelines - Google Docs 3.3 The form containing nomination of the authorised representative by the manufacturer either at the time of execution of this agreement or at the time of fresh appointment during the continuation of this agreement, shall also contain the signature of such authorised representative who has been so appointed, in token of his consent and confirmation of the terms and conditions of this agreement and to signify his willingness for compliance of various provisions of agreement/ BIS Act, 2016, and rules and regulations framed there under. 3.4 The authorised representative appointed shall be deemed to be a person having ultimate control over the affairs of manufacturer in India for the purposes of this agreement and as such shall be responsible for all due compliance of terms and conditions of this agreement as also provisions of BIS Act, 2016 and the rules and made thereunder and shall continue to be so till another authorised representative is appointed in his place in accordance with the terms of the agreement. 3.5 The authorised representative shall remain bound to comply or adhere to the terms and conditions of this agreement, the provisions of BIS Act, 2016, and rules and regulations framed there under for and on behalf of manufacturer and thus shall be responsible and liable for all the acts and omissions and violations of the terms of the agreement or provisions of BIS Act, 2016, and rules and regulations thereunder framed thereunder in his personal capacity. 3.6 The manufacturer shall ensure that his authorised representative does not remain un-represented at any time during the continuation of this agreement, on account of any reasons whatsoever and shall further ensure that the authorised representative already nominated is substituted or another authorised representative is freshly nominated in the records of BIS well before the incumbent authorised representative is relieved of his obligations or liabilities under this agreement. 3.7 It is understood and agreed between the parties that this clause is an essence of this agreement and any violation of this clause shall authorise BIS to terminate or determine this agreement forthwith, whether formally determined or terminated or not, and take steps for cancellation of his CoC. 3.8 It is agreed that such determination will be without prejudice to the other rights of BIS available to it under the BIS Act, 2016, and rules and regulations framed thereunder or under this agreement. 3.9 The BIS shall be entitled to terminate this agreement forthwith in the event it is revealed to or comes to the knowledge of BIS that the manufacturer has failed to comply with the terms of this clause except that in the event of death of authorised representative during the continuation of this agreement, the manufacturer shall be entitled to nominate a new authorised representative within twenty one days of the date of death of such authorised representative failing which provisions of clause 3.6 shall apply mutatis-mutandis. 3.10 It is agreed that in the event the authorised representative nominated by manufacturer severs his relationship or connection with the manufacturer and no new authorised https://docs.google.com/document/d/1SSk4gBezeNqYLwS2URZKRkM0AmDr4GoFjtPMBfYPLr4/edit 24/28"
50,1,"09/05/2019 20190501 - Scheme4 Grant of CoC - Guidelines - Google Docs representative is appointed in his place in terms of clause 3.6 hereinabove by manufacturer before earlier authorised representative being discharged or relieved well within the time, then notwithstanding determination or termination of this agreement, the earlier authorised representative shall remain liable and responsible for all the acts or omissions or violations of the terms and conditions of this agreement or provisions of BIS Act, 2016, and rules and regulations framed thereunder, committed till the time of his resignation or discharge. 3.11 The word “manufacturer” mentioned in the agreement shall mean and include “authorised representative” unless it is repugnant to the context. 4. Acceptance of terms and conditions 4.1 The manufacturer and his authorised agent agree to abide by all the terms and conditions of grant of CoC as per the BIS Act, 2016, rules and regulations framed thereunder. 5. Rights and responsibilities of manufacturer 5.1 The BIS CoC granted to the manufacturer shall only be with respect to …..…………... (mention product) as per IS/Specified requirements ………………. (mention IS Number/document). 5.2 Rights and responsibilities of the manufacturer shall be as conveyed to him by BIS from time to time, and the manufacturer shall abide by the same. 6. Period of validity of BIS CoC / renewal thereof 6.1 CoC shall be valid for the period as expressly stated therein, and shall automatically expire thereafter, unless specifically renewed in writing by BIS for any further period. 6.2 In case an application for renewal of the CoC is submitted by the manufacturer to BIS (during the period of validity of the CoC, or within such period from the date of expiry thereof as may be stipulated by BIS, BIS may consider renewal thereof for a further period as deemed proper by it. 6.3 During the pendency of consideration of such application for renewal, the manufacturer shall not make any claim regarding holding of such CoC, and nor shall be entitled to use this CoC, in any manner, in relation to goods or articles after validity of CoC, till such time that the CoC is renewed by BIS in writing for any further period. 7. Cancellation of CoC 7.1 CoC may be cancelled by BIS in accordance with regulation 19 and paragraph 12 of Bureau of Indian Standards (Conformity Assessment) Regulations, 2018. 8. Suspension of CoC https://docs.google.com/document/d/1SSk4gBezeNqYLwS2URZKRkM0AmDr4GoFjtPMBfYPLr4/edit 25/28"
51,1,"09/05/2019 20190501 - Scheme4 Grant of CoC - Guidelines - Google Docs 8.1 CoC may be suspended by BIS in accordance with paragraph 18 of Scheme - IV of Schedule - II of Bureau of Indian Standards (Conformity Assessment) Regulations, 2018. 9. Termination of agreement 9.1 The manufacturer violates or commits breach of any term or condition of this Agreement, whether by way of an act of commission or omission. 9.2 The manufacturer can also terminate the agreement by giving 30 days’ notice in writing addressed to Head, Foreign Manufacturers Certification Department, Bureau of Indian Standards, 9 Bahadur Shah Zafar Marg, New Delhi–110 002, by registered post or by a notice delivered by hand. 9.3 On determination or termination of the agreement, the manufacturer shall forthwith cease to claim CoC on any of the product manufactured or marketed by manufacturer and shall immediately furnish a statement to BIS indicating the details of the product so manufactured prior to termination of Agreement or CoC and shall comply with all directions that may be conveyed by BIS to it. 9.4 The manufacturer shall also clear all liabilities, financial or otherwise, towards BIS and shall return the original CoC document along with all endorsement to BIS. 10. Indemnity 10.1 The manufacturer agrees and fully understands that under the product certification scheme of BIS under which the CoC is granted, the responsibility of conformance to the relevant Indian Standard with respect to products is solely on the manufacturer. 10.2 The manufacturer, therefore, agrees to indemnify BIS for all claims or damages arising out of its manufacturing of products and / or non-conformance to the specified requirements that may be made against BIS by any person or firm or company or association or consumer. 10.3 The manufacturer agrees and undertakes to execute an Indemnity Bond, in a language acceptable to BIS, as per the prescribed format, indemnifying and holding BIS harmless in respect of any third party claims with regard to conformance of products manufactured by the manufacturer on which the CoC is claimed to the specified requirements. 10.4 The manufacturer further undertakes to furnish a Bank Guarantee, as per the prescribed format, for USD 10000 (US Dollars Ten Thousand only) in favour of BIS, for due compliance of the provisions of the BIS Act, 2016 and the rules and regulations framed thereunder, and the terms and conditions of the CoC. https://docs.google.com/document/d/1SSk4gBezeNqYLwS2URZKRkM0AmDr4GoFjtPMBfYPLr4/edit 26/28"
52,1,"09/05/2019 20190501 - Scheme4 Grant of CoC - Guidelines - Google Docs 10.5 In case of any breach thereof, BIS shall be entitled to invoke the Bank Guarantee at its sole discretion, whose decision in that regard shall be final and binding on the manufacturer. 11. Agreement period 11.1 This agreement comes into force from the date of grant of CoC and till the period for which it is granted or renewed and until withdrawn or terminated or cancelled by either party in accordance with the terms of this agreement. 12. Jurisdiction 12.1 If any dispute arises between the parties to the agreement including touching, interpretation or meaning of the any of the clauses of the agreement or liabilities of the respective rights or obligations or parties of the agreement, courts at Delhi to entertain, try and alone shall have the jurisdiction to resolve such claims or rights or disputes. 12.2 For the purposes of this agreement, the address of the manufacturer shall be its address given in India hereinabove, while that of BIS shall be as mentioned hereinabove. 12.3 All notices or letters addressed to and or delivered at the said address shall be deemed to have been issued or delivered to the respective parties. In witness where of the parties hereto affix their signatures: Bureau of Indian Standards Manufacturer In the presence of: Witnesses: 1. 2. https://docs.google.com/document/d/1SSk4gBezeNqYLwS2URZKRkM0AmDr4GoFjtPMBfYPLr4/edit 27/28"
53,1,09/05/2019 20190501 - Scheme4 Grant of CoC - Guidelines - Google Docs Annexure – XII Name of the BO/RO Date: Name of the Applicant/Certificate holder Address with email Application No./CoC No. Specified requirement(s) Product Varieties covered Date of grant of CoC and validity Review of performance during last two years Details of order appealed against Closure notice/Cancellation notice/Expiry notice/N otice for reduction of scope (as applicable) Proceedings of personal hearing Order of Head (BO)/DDGR Chronological sequence of actions taken with (Please provide as separate attachment) supporting documents Para wise comments on the appeal (Please provide as separate attachment) Any other relevant information (Name and signature of dealing officer) Head (BO) DDGR https://docs.google.com/document/d/1SSk4gBezeNqYLwS2URZKRkM0AmDr4GoFjtPMBfYPLr4/edit 28/28
54,1,"भारतीय मानक ब् यूर( नुनूपताता रनधााणर व निरनयम, 2018 [भारत के राजपत्र, असाधारण, भाग III, खडं 4 में प्रकाशित] भारत सरकार उपभोक् ता माम े, खाद्य और सार्जव निक वर्तरण मंत्रा य उपभोक् ता माम े वर्भाग ( भारतीय मािक ब् यूरो ) अधधसूचिा नई दिल् ली, तारीख : 04 जून, 2018 फा. सं. बीएस/11/11/2018 - भारतीय मािक ब् यरू ो अधधनियम, 2016 (2016 का 11) की धारा 12 और 13 के साथ पठित धारा 39 द्र्ारा प्रदत् त ि्क्तय का उपयोग करत े ुए और भारतीय मािक ब् यरू ो (प्रमाणि) वर्नियम, 1988 को, उि बात के शसर्ाय अधधक्रान्त करते ुए , ्जन्ु ें से अधधक्रमण से पूर् व ाकया गया ुा या करि े का ोप ाकया गया ुा, कायकव ाररणी सशमनत, केन्र ीय सरकार की पूर्ाविएमोदि से नि िश िखत वर्नियम बिाती ुा, अथावत ् : 1. सक्षं िप्त नाम और प्रारंभ (1) इि वर्नियम का संक्षिप् त िाम भारतीय मािक ब् यूरो (अिएपतपता निधावरण) वर्नियम, 2018 ुा । (2) ये राजपत्र में इिके प्रकािि की तारीख से प्रर्त्ृ त ु गे । 2. पररभाषाएँ – इि वर्नियम में जब तक ाक संदभ व से अन् यथा अपेक्षित ि ुो – (क) ‘’अधधनियम’’ से भारतीय मािक ब् यूरो अधधनियम, 2016 अशभप्रेत ुा । #(ख) ‘’नियम’’ से भारतीय मािक ब् यूरो नियम, 2018 अशभप्रेत ुा । (ग) ‘’प्रथम पि’’ से र्ु व् य्क्त या संगिि अशभप्रेत ुा, जो अिएपतपता निधारव ण के श मा , र्स् तए, प्रसंस् करण, पद्धनत या सेर्ा अशभप्रेत ुा । (घ) ‘’अिएसूची’’ से इि वर्नियम से सं ग् ि अिएसूची अशभप्रेत ुा । (ड़़) ‘’स् कीम’’ से अिएसूची II से सं ग् ि स् कीम अशभप्रेत ुा । (च) ‘’वर्निठदवष् ट अपेिा’’ से र्ु आर्श् यकता या प्रत् यािा अशभप्रेत ुा, जो उस मा , र्स् तए, प्रसंस् करण, पद्धनत या सेर्ा से पूरा ुोिा अपेक्षित ुा और उिमें अनिर्ायव अपेिाऍ ं िाशम ुैं। (छ) ‘’ततृ ीय पि’’ से र्ु व् य्क्त या निकाय अशभप्रेत ुा जो अिएपतपता निधावरण के श मा , र्स् त,ए प्रसंस् करण, पद्धनत या सेर्ा उपबंध करिे र्ा े व् य्क्त या सगं िि से स् र्तन्त्र ुा और ्जसका उपयोधगता के पतप में कोई ठुत ि जएडा ुो । (2) इि वर्नियम में प्रयक्ए त से िब्द और पद का, जो पररभावित िुीं ुैं, ाकंतए अधधनियम या नियम में पररभावित ुैं, क्रमि: र्ुीं अथ व ुोगा, जो अधधनियम और नियम में उिका ुा ।"
55,1,"3. अिएपतपता निधावरण स् कीम – (1) अिएपतपता निधावरण स् कीम अिएसूची – (1) में यथा वर्निठदवष् ट ुोगी और इसमें नि िश िखत िाशम ु गे, अथावत:् :- (क) वर्स् तारिेत्र; (ख) चयि, अर्धारण, पएिवर् व ोकि, निणयव , अिएप्रमाणि और निगरािी; (ग) मािक धचन्ु का िडजाइि, उपयोग और नियंत्रण, यठद ागू ुो; (घ) निरीिण और परीिण योजिा या क् र्ाश टी मािएअ , अिं िोधि की अिएसूची और अशभ ेख, ्जिका रखरखार् प्रथम पि द्र्ारा ाकया जािा ुा; (ड.) अिएज्ञ्प्त या अिएपतपता प्रमाणपत्र के पु े या प्रचा ि के दौराि देय फीस। (2) वर्शभन्ि प्रकार की अिएपतपता निधावरण स् कीमें अिएसूची-II में यथा-वर्निठदवष् ट ु गे । 4. मािक धचन्ु का उपयोग करिे या गािे के श अिएज्ञ्प्त मंजूर करिे का आर्ेदि- (1) धारा 13 के अधीि मािक धचन्ु का उपयोग करिे या गािे के श अिएज्ञ्प्त मंजूर करिे ुेतए आर्ेदि अिएसचू ी-II में वर्निठदवष् ट प्रपतप में ब् यूरो को ठदया जा गा । (2) अिएज्ञ्प्त मंजूर करिे और फीस से अतं र्ग्स्व त प्राक्रया अिएसूची-II के स् कीम में यथा वर्निठदवष् ट ुोगी । (3) उपवर्नियम (1) के अधीि आर्ेदि प्राप् त ुोिे पर ब् यूरो आर्ेदि में ठद ग वर्शि्ष्टय के सत् यापि के श पछू ताछ कर सकता ुा और सी अन् य पूछताछ कर सकता ुा, जो आर्श् यक समीी जा । (4) ब् यूरो अिएज्ञ्प्त मंजूर करिे से पु े आर्ेदक या उसके प्राधधकृत प्रनतनिधध को व् य्क्तगत पतप से ब् यरू ो के समि उप्स्थत ुोिे के श कु सकता ुा । (5) उपवर्नियम (4) के अधीि वर्निठदवष् ट प्राधधकृत प्रनतनिधध भारत का रुिे र्ा ा ुोगा। (6) सा आर्ेदि, जो ुर तरु से पूरा िुीं ुा या जो उपवर्नियम (1) और (2) की अपेिाओं के अिएपतप िुीं ुा, ब् यूरो द्र्ारा अस् र्ीकार कर ठदया जा गा । परंत, ए आर्ेदि को अस् र्ीकार करिे से पु े सी आपवॉय ,ं जो ब् यूरो द्र्ारा उपदशितव की जाऍ,ं ब् यूरो से सएसंगत पत्र-व् यर्ुार, की प्रा्प्त की तारीख से 30 ठदि के भीतर इन् ुें दरू करिे का अर्सर प्रदाि ाकया जा गा । परंत, ए पयावप्त कारण ठदखा जािे पर ब् यूरो आगे समय बा ा सकता ुा, जो ाक 30 ठदि से अधधक ि ुो, जासा ाक ब् यूरो सी आपवॉय को ुटािे में आर्ेदक को समथ व बिािे के श आर्श् यक समीता ुो ।"
56,1,"परंत, ए ब् यूरो आर्ेदक को या तो व् य्क्तगत पतप से या उसके द्र्ारा, उसकी ओर स े प्राधधकृत प्रनतनिधध के माध् यम से सएििे का उपयएक् त अर्सर देगा और आर्ेदक अथर्ा उसके प्रनतनिधध, जासा भी माम ा ुो, द्र्ारा ठद ग ाकसी तथ् य अथर्ा स् पष् टीकरण पर वर्चार करेगा । 5. मािक धचन्ु का उपयोग करिे या गािे के श अिएज्ञ्प्त मंजूर करिा – (1) आर्ेदक अिएज्ञ्प्त मंजूर करिे के श पात्र ुा, इससे संतएष् ट ुोिे के बाद ब् यूरो द्र्ारा अिएसूची II में ागू स् कीम में वर्निठदवष् ट प्रपतप में मािक धचन्ु का उपयोग करिे या गाि े के श अिएज्ञ्प्त मंजूर की जा गी । (2) उप-वर्नियम (1) के अधीि अिएज्ञ्प्त अिएसूची II में ागू स् कीम में वर्निठदवष् ट फीस के संदाय के अधीि मंजूर की जा गी । 6. मािक धचन्ु का उपयोग करिे या गाि े के श ित त – (1) मािक धचन्ु का िडजाइि अिएज्ञ्प्त में दी गई अिएकृनत के समाि ुोगा । (2) जब तक ाक ब् यूरो द्र्ारा अन् यथा वर्निठदवष् ट ि ाकया जा , फोटोर्ग्ाफीय पतप से छोटा या बडा ाकया गया मािक धचन्ु उपयोग ाकया जा सकता ुा । (3) अिएज्ञ्प्तधारी, मा , र्स् तए , प्रसंस् करण, पद्धनत या सेर्ा की भारतीय मािक के अिएपतपता के श स् र्यं ्ज मेदार ुोगा, ्जस संदभ व में मािक धचन्ु गाई या प्रयएक् त की ुा। (4) अिएज्ञ्प्तधारी उि मा , र्स् तए , प्रसंस् करण, पद्धनत या सेर्ा पर मािक धचन्ु का उपयोग िुीं करेगा, जो अिएपतप िुीं ुैं या अिएज्ञ्प्त के वर्स् तार िेत्र से बाुर ुा । (5) सा मा या र्स् तएऍ,ं ्जि पर मािक धचन्ु गाई गई ुा और जो संबंधधत मािक के अिएपतप िुीं ुा, उिके बारे में ब् यूरो अिएज्ञ्प्तधारी या उसके प्रनतनिधधय को गार-अिएपतपता र्ा े मा या र्स् तओए ं को र्ापस मंगर्ािे के श निदेि दे सकता ुा । (6) यथा्स्थनत अिएज्ञ्प्त के आस् थगि या नि बि के दौराि, और इसके समा्प्त अथर्ा निरस् तीकरण के बाद ाकसी मा , र्स् त, ए प्रसंस् करण, पद्धनत या सेर्ा पर मािक धचन्ु का उपयोग िुीं ाकया जा गा या िुीं गाया जा गा । (7) अिएज्ञ्प्तधारी अिएपतपता निधावरण स् कीम के उपबंध का अिएपा ि करेगा, ्जसके अधीि अिएज्ञ्प्त मजं ूर की गई ुा, ्जसमें ेबश गं और मएुरांकि की अपेिाऍ भी िाशम ुैं । (8) ब् यूरो द्र्ारा समय-समय पर वर्निठदवष् ट ररकाड व का रखरखार् अिएज्ञ्प्तधारी द्र्ारा ाकया जा गा ।"
57,1,"(9) अिएज्ञ्प्तधारी ब् यूरो को अपिे पररसर पर ाक जािे र्ा े निरीिण या ेखा परीिा या मूल याकं ि, जो भी ागू ुो, के संबंध में पूरी सुायता उप ब् ध करा गा । (10) अिएज्ञ्प्तधारी ब् यूरो द्र्ारा अपेक्षित ुोिे पर उत् पादि के बारे में और मािक धचन् ु उपयोग करिे या गािे के बारे में सूचिा देगा । (11) यठद मा या र्स् तए पर मािक धचन्ु का उपयोग करिे या गािे के श अिएज्ञ्प्त मंजूर की गई ुा, तो अिएज्ञ्प्तधारी उि प्रेविनतय ,वर्तरक , डी र अथर्ा ररटे र की सूची उप ब् ध करा गा, ्जन्ु ें मािक धचन्ु गे मा या र्स् तएओं की आपूनत व की गई ुा। (12) ब् यूरो के पूर्-व अिएमोदि के बबिा अिएज्ञ्प्त ाकसी अन् य व् य्क्त को अन्त ररत िुीं की जा गी । (13) यठद मािक धचन्ु गे मा , र्स् तए , प्रसंस् करण, पद्धनत या सेर्ा के बारे में कोई शिकायत ुोती ुा तो ब् यूरो अिएज्ञ्प्तधारी या उसके प्रनतनिधध, जासा भी माम ा ुो, को मािक धचन्ु गा मा या र्स् तएओं की मर मत करिे, उन्ु ें बद िे या पएि:प्रसंस् करण करिे के निदेि दे सकता ुा। (14) ब् यूरो को अिएज्ञ्प्त के ाकसी ित व में अिएज्ञ्प्तधारी को 30 ठदि की सूचिा देकर संिोधि करिे का अधधकार ुा । 7. अिएज्ञ्प्त की वर्धधमान् यता मािक धचन्ु का उपयोग करिे या गािे के श अिएज्ञ्प्त अिएसूची II में ागू स् कीम में यथा वर्निठदवष् ट अर्धध के श वर्धधमान्य ुोगा । 8. मािक धचन्ु का उपयोग करिे या गािे के श अिएज्ञ्प्त का िर्ीकरण – (1) अिएज्ञ्प्त के िर्ीकरण के श अिएसूची-II में ागू स् कीम में यथा वर्निठदवष् ट आर्ेदि निधावररत फीस के साथ निधावररत प्रपतप में ब् यूरो को ाकया जा गा। (2) उपवर्नियम (1) के अधीि अिएसूची-II में दी गई ागू स् कीम में यथा वर्निठदवष् ट आर्ेदि ब् यूरो को अिएज्ञ्प्त की वर्धधमान्य ता की समा्प्त से पु े भेजिा ुोगा । (3) अिएसूची-II में वर्निठदवष् ट ागू स् कीम के अिएसार उपवर्नियम-I के अधीि आर्ेदि प्राप् त ुोिे पर ब् यरू ो अिएज्ञ्प्त का िर्ीकरण कर सकता ुा या उसको पएि: प्रमािणत कर सकता ुा। (4) िर्ीकरण के श आर्ेदि, यठद वर्धधमान्य ता की अर्धध समाप्त ुोि े से पूर् व िुीं ाकया जाता ुा, तो वर्धधमान्य ता की तारीख स े ेकर 90 ठदि के श अिएज्ञ्प्त का िर्ीकरण आस् थधगत ाकया जा सकता ुा।"
58,1,"परंत,ए यठद आस् थगि की अर्धध के भीतर िर्ीकरण के श आर्ेदि के साथ अपेक्षित फीस प्राप् त िुीं ुोती ुा, तो इसकी वर्धधमान्य ता की समा्प्त के बाद अिएज्ञ्प्त समाप् त ुो जा गी। (5) यठद िर्ीकरण का आर्ेदि अिएज्ञ्प्त की वर्धधमान् यता की समा्प्त के बाद ाकया जाता ुा, तो आर्ेदि के साथ पत 5000/- का वर् ब फीस ी जा गी । (6) यठद िर्ीकरण का आर्दे ि और फीस प्राप् त ुो गई ुा और अिएज्ञ्प्त नि बिाधीि ुा तो नि ब ि रद्द ुोिे तक अिएज्ञ्प्त का िर्ीकरण िुीं ाकया जा गा । (7) यठद इसकी वर्धधमान्य ता की समा्प्त तक नि ब ि रद्द िुीं ुोता ुा, तो अिएज्ञ्प्त की वर्धधमान्य ता की तारीख से ेकर 180 ठदि की अर्धध के श अिएज्ञ्प्त का िर्ीकरण आस्थधगत ाकया जा सकता ुा । (8) यठद सी वर्संगनतय ,ं जो अिएज्ञ्प्त के नि बि का कारण ुैं, को आस्थगि की अर्धध के दौराि ुटा ठदया जाता ुा, तो अिएज्ञ्प्त का िर्ीकरण इसकी वर्धधमान्य ता की तारीख से ाकया जा सकता ुा । (9) यठद सी वर्संगनतय ,ं जो अिएज्ञ्प्त के नि बि का कारण ुैं, आस्थगि की अर्धध के दौराि ुटाई िुीं जाती ुैं, तो अिएज्ञ्प्त इसकी वर्धधमान्य ता की तारीख के बाद समाप् त ुो जा गी। 9. मािक धचन्ु का उपयोग करिे या गािे के श अिएज्ञ्प्त के वर्स् तार िेत्र में पररर्तिव – (1) अिएज्ञ्प्त के वर्स् तार िेत्र में पररर्तिव के श अिएसूची II में ागू स्कीम में यथा वर्निठदवष् ट आर्ेदि निधावररत प्रपतप में फीस के साथ ब् यूरो को ाकया जा । (2) उपवर्नियम (1) के अधीि आर्ेदि की प्रा्प्त पर ब् यूरो सी पूछताछ, जो उधचत समीी जा , करिे के बाद अिएसूची II में ागू स् कीम में वर्निठदवष् ट प्रपतप में अिएज्ञ्प्त के वर्स् तार िेत्र का वर्स् तार कर सकता ुा । (3) ाकसी भी समय यठद ब् यूरो के पास अिएज्ञ्प्त का वर्स् तार िेत्र कम करिे के कारण ुैं, तो अिएज्ञ्प्तधारी को क मुीिे का िोठटस देिे के बाद ब् यूरो सा कर सकता ुा । 10. मािक धचन्ु का उपयोग करिे या गािे के श अिएज्ञ्प्त का नि बि – (1) यठद पयावप्त सा्य ुैं ाक मा , र्स् तए , प्रसंस् करण, पद्धनत या सेर्ा, ्जसके श अिएज्ञ्प्त ठदया गया ुा, वर्निठदवष् ट अपेिाओं के अिएपतप िुीं ुा, तो ब् यूरो श िखत आदेि द्र्ारा अिएज्ञ्प्त नि ् बत करेगा ।"
59,1,"(2) यठद अिएज्ञ्प्तधारी िे अपेक्षित फीस िुीं ठदया ुा तो ब् यूरो अिएज्ञ्प्त रद्द करेगा । (3) उपवर्नियम (2) के अधीि अिएज्ञ्प्त नि ् बत करिे से पु े अिएज्ञ्प्तधारी को 21 ठदि का िोठटस ठदया जा । (4) अिएज्ञ्प्त के नि बि की सूचिा शम िे के बाद अिएज्ञ्प्तधारी तएरंत मािक धचन् ु का उपयोग बंद कर देगा और इसकी सूचिा ब् यूरो को देगा । (5) इस संतए्ष्ट के बाद ाक अिएज्ञ्प्तधारी िे जपतरी सएधारात् मक कारवर्ाई या फीस का भएगताि कर ठदया ुा, तो ब् यूरो नि ब ि प्रनतसंृतत सकता ुा । (6) अिएज्ञ्प्त का नि बि या निरसि, जासा भी माम ा ुो, अिएसूची II में ागू स् कीम में यथा वर्निठदवष् ट ाकया जा गा । (7) यठद मािक धचन्ु गे मा , र्स् तए , प्रसंस् करण, पद्धनत या सेर्ा की क् र्ाश टी के बारे में शिकायत स् थावपत ुोती ुा तो अिएज्ञ्प्त नि ् बत ाकया जा सकता ुा और अिएज्ञ्प्तधारी के श सएधारात् मक कारवर्ाई करिा अपेक्षित ुोगा । (8) उपवर्नियम (6) के अधीि नि बि रद्द करिे की अिएमनत केर् सएधारात् मक कारवर्ाई के संतोिजिक सत् यापि के बाद की जा गी । 11. मािक धचन्ु का उपयोग करिे या गािे के अिएज्ञ्प्त का निरस् तीकरण – (1) ब् यूरो श िखत में न् यिू तम 21 ठदि का श िखत आदेि देकर अिएज्ञ्प्त निरस् त कर सकता ुा, यठद– (क) अिएज्ञ्प्तधारी अिएज्ञ्प्त की ाकसी भी ित व का अिएपा ि करिे में वर्फ रुता ुा; (ख) अिएज्ञ्प्त ग ती से जारी ाकया गया ुा । (2) उपवर्नियम (1) के अधीि िोठटस प्राप् त ुोिे पर अिएज्ञ्प्तधारी द्र्ारा ठद ग स् पष् टीकरण पर ब् यूरो द्र्ारा वर्चार ाकया जा सकता ुा और अिएज्ञ्प्तधारी को या तो व् य्क्तगत पतप से अथर्ा प्राधधकृत प्रनतनिधध के माध् यम से सएिर्ाई का उपयएक् त अर्सर ठदया जा गा । (3) अपराध िमि करिे के माम े में अिएज्ञ्प्त के निरस् तीकरण के श प्रसंस् कृत िुी ं ाकया जा गा । (4) यठद िोठटस की अर्धध की समा्प्त तक कोई स् पष् टीकरण प्राप् त िुीं ुोता ुा, तो ब् यूरो अिएज्ञ्प्त निरस् त कर सकता ुा । (5) यठद अिएज्ञ्प्त क र्ि व से अधधक के श नि ् बत ुा या अिएज्ञ्प्तधारी िे अिएज्ञ्प्त निरस् त करिे का अिएरोध ाकया ुा, तो ब् यूरो बबिा कोई अन् य िोठटस ठद अिएज्ञ्प्त निरस् त कर सकता ुा ।"
60,1,"12. अिएपतपता प्रमाणपत्र मंजूर करिे के श आर्ेदि - (1) यठद मािक धचन्ु का उपयोग ाक बबिा अिएपतपता शसद्ध करिा र्ांनछत ुा तो अिएसूची II में ागू अिएपतपता निधावरण स् कीम में वर्निठदवष् ट प्रपतप में ब् यूरो को धारा 13 के अधीि अिएपतपता का प्रमाणपत्र मंजूर करिे के श आर्ेदि ाकया जा । (2) अिएपतपता प्रमाणपत्र मंजूर करिे की प्राक्रया अिएसूची II में ागू अिएपतपता निधावरण स् कीम में ागू वर्निठदवष् ट ठदिानिददेशि के अिएसार ुोगी । (3) उप-वर्नियम (1) के अधीि आर्ेदि प्राप् त ुोिे के बाद ब् यूरो आर्ेदि में ठद ग वर्शि्ष्टय के सत् यापि के श पूछताछ कर सकता ुा और सी अन् य पूछताछ भी कर सकता ुा, जो यु आर्श् यक समी े । (4) ब् यूरो अिएपतपता प्रमाणपत्र मंजूर करिे से पु े आर्ेदक या उसके प्राधधकृत प्रनतनिधध को ब् यरू ो के समि व् य्क्तगत पतप से उप्स्थत ुोिे के श कु सकता ुा । (5) सा आर्ेदि, जो सभी पु एओं से पूण व िुीं ुा, अथर्ा उप-वर्नियम (1) और (2) की अपेिाओं के अिएपतप िुीं ुा, को ब् यूरो द्र्ारा अस् र्ीकृत ाकया जा गा । परंत,ए आर्ेदि अस् र्ीकृत करिे से पु े, ब् यूरो द्र्ारा संबंधधत पत्र की प्रा्प्त की तारीख के 30 ठदि के भीतर, ब् यूरो िे जो आपवॉय ं बताई ुैं, उिको दरू करिे का अर्सर आर्ेदक को ठदया जा गा। परंत,ए पयावप्त कारण प्रदशितव ाक जािे पर ब् यूरो जासा उधचत समीे, आर्ेदक को सी आपवॉय ं दरू करिे के श समथ व बिािे में 30 ठदि का और अधधक समय आपवॉ दरू करिे के श दे सकता ुा । परंत,ए ब् यूरो आर्ेदक को या तो व् य्क्तगत पतप से अथर्ा उसके द्र्ारा उसकी ओर से प्राधधकृत प्रनतनिधध के माध् यम से सएििे का उपयएक् त अर्सर देगा और आर्ेदक अथर्ा उसके प्रनतनिधध, जासा भी माम ा ुो, द्र्ारा ठद ग ाकसी तथ् य अथर्ा स् पष् टीकरण पर वर्चार करेगा । 13. अिएपतपता प्रमाणपत्र मंजूर करिा (1) ब् यरू ो संतएष् ट ुोिे के बाद ाक आर्ेदक अिएपतपता प्रमाणपत्र मंजूर करिे के श पात्र ुा, अिएसूची-II में ागू स् कीम में वर्निठदवष् ट प्रपतप में मंजूर करेगा । (2) जब नि िश िखत के संदभ व में मािक अथर्ा मािक के क भाग अथर्ा आर्श् यक अपेिाओं के प्रनत अिएपतपता प्रदशितव की जािी ुा, तो अिएपतपता का प्रमाणपत्र ठदया जा सकता ुा ।"
61,1,"(क) मा , र्स् तए , प्रसंस् करण, पद्धनत, सेर्ा अथर्ा खेप या ट में मा और र्स् तएऍ ं । (ख) आपूनतकव ताव की अिएपतपता की घोिणा के आधार पर मा , र्स् त, ए प्रसंस् करण, पद्धनत या सेर्ा । (ग) प्रयोगिा ा में प्रारंशभक परीिण के आधार पर मा या र्स् तएओं का टाइप अिएमोदि परर्ती उत् पादि पर उपयोग सठुत अथर्ा रठुत । (घ) कोई अन् य परर्स्थनत, ्जसमें ब् यूरो की कायकव ाररणी सशमनत यु वर्निश् चय करती ुा ाक अिएपतपता का प्रमाणपत्र मंजूर ाकया जा सकता ुा । (3) उपवर्नियम (1) के अधीि अिएपतपता प्रमाणपत्र मंजूर करिा अिएसूची-II में ागू स् कीम में वर्निठदवष् ट फीस के संदाय के अिएसार ुोगा । 14. अिएपतपता प्रमाणि की ित त – (1) अिएपतपता प्रमाणपत्र धारक र्ु सभी मा , र्स् तए , प्रसंस् करण, पद्धनत या सेर्ा, ्जसके संबंध में अिएपतपता प्रमाणपत्र जारी ाकया गया ुा, की वर्निठदवष् ट अपेिाओं की अिएपतपता के श उत् तरदायी ुोगा । (2) अिएपतपता प्रमाणपत्र धारक र्ु सभी मा , र्स् तए , प्रसंस् करण, पद्धनत अथर्ा सेर्ा, जो अिएपतपता प्रमाणपत्र के अिएपतप िुीं ुैं, अथर्ा वर्स् तार िेत्र से बाुर ुा, के संबंध में अिएपतपता प्रमाण पत्र का उपयोग िुीं करेगा । (3) ाकसी भी मा , र्स् त, ए प्रसंस् करण, पद्धनत या सेर्ा के संबंध में अिएपतपता प्रमाणपत्र का उपयोग अिएपतपता प्रमाणपत्र के आस् थगि, नि बि, निरस् तीकरण ुोिे के बाद, जासा भी माम ा ुो, िुीं ाकया जा गा । (4) अिएपतपता प्रमाणपत्र धारक, अिएपतपता प्रमाणपत्र स् कीम के अधीि मंजूर ाक ग प्रमाणपत्र, के सभी उपबंध , ेबश गं तथा मएुरांकि अपेिाओं सठुत अिएपा ि करेगा। (5) अिएपतपता प्रमाणपत्र धारक ब् यूरो द्र्ारा समय-समय यथा वर्निठदवष् ट अशभ ेख का रखरखार् करेगा । (6) अिएपतपता प्रमाणपत्र धारक अपिे पररसर में निरीिण, ेखा परीिा या निधावरण, जासा भी ागू ुो, करिे के संबंध में ब् यूरो की पूरी सुायता करेगा । (7) अिएपतपता प्रमाणपत्र धारक प्रमाणपत्र अिएपतपता के अधीि िाशम उत् पाद संबंधधत सूचिा ब् यरू ो द्र्ारा जब और जो भी अपेक्षित ुो, मंजूर करेगा ।"
62,1,"(8) यठद अिएपतपता प्रमाणपत्र मा और र्स् तएओ ं के संबंध में मंजूर ाकया गया ुा, तो अिएपतपता प्रमाणपत्र धारक उि प्रेविनतय , वर्तरक अथर्ा डी र या ररटे र , जासा भी माम ा ुो, ्जन्ु ें अिएपतपता प्रमाणपत्र गा सामाि या र्स् तएओं की आपूनत व की गई ुा, की सूची उप ब् ध करा गा । (9) अिएपतपता प्रमाणपत्र ब् यूरो के पूर् व अिएमोदि के बबिा ाकसी भी व् य्क्त को अन् तररत िुीं ाकया जा गा । (10) यठद अिएपतपता प्रमाणपत्र के अधीि िाशम ाकसी मा , र्स् तए , प्रसंस् करण, पद्धनत या सेर्ा के बारे में कोई शिकायत शसद्ध ुो जाती ुा, तो अिएपतपता प्रमाणपत्र धारक उपयएक् त सएधारात् मक कारवर्ाई करेगा, तााक भवर्ष् य में सी शिकायतें पएि: उजागर ि ु । (11) ब् यूरो अिएपतपता प्रमाणपत्र की ितों, अिएपतपता प्रमाणपत्र धारक को 30 ठदि की सूचिा देकर संिोधधत करिे का अधधकार रखता ुा । 15. अिएपतपता प्रमाणपत्र की अर्धध – (1) अिएपतपता प्रमाणपत्र अिएसूची II की स् कीम में यथा वर्निठदवष् ट अर्धध के श वर्धधमान्य ुोगा । (2) यठद अिएपतपता प्रमाणपत्र क खेप अथर्ा ट के मा या र्स् तए के संबंध में मंजूर ाकया गया ुा, तो यु प्रमाणपत्र केर् क बार के श ुोगा और स े माम े में अिएपतपता प्रमाणपत्र की अर्धध ागू िुीं ुोगी । 16. अिएपतपता प्रमाणपत्र का िर्ीकरण – (1) अिएपतपता प्रमाणपत्र का िर्ीकरण आर्ेदि ब् यूरो की अिएसूची II के उपयएक् त अिएपतपता निधावरण स् कीम में यथा-वर्निठदवष् ट निधावररत प्रपतप र्ं फीस सठुत ाकया जा गा । (2) उपवर्नियम (1) के अधीि आर्ेदि ब् यूरो को अिएपतपता प्रमाणपत्र की वर्धधमान् यता तारीख से पु े अिएसूची II में ागू स् कीम में यथा वर्निठदवष् ट ठदिानिददेशि अिएसार ाकया जा गा । (3) उप-वर्नियम (1) के अधीि आर्ेदि प्राप् त ुोिे पर अिएसूची II में ागू अिएपतपता निधावरण स् कीम के अिएसार ब् यरू ो अिएपतपता प्रमाणपत्र का िर्ीकरण या सएधार कर सकता ुा। (4) यठद वर्धध मान्य ता के समाप् त ुोिे से पु े अपेक्षित फीस सठुत िर्ीकरण का आर्ेदि प्राप् त िुीं ुोता ुा तो इसकी वर्धधमान्य ता की तारीख से ेकर 90 ठदि की अर्धध के श अिएपतपता प्रमाणपत्र का िर्ीकरण आस् थधगत ाकया जा गा । परंत, ए आस् थगि की अर्धध में अपेक्षित फीस के साथ िर्ीकरण का आर्ेदि प्राप् त िुी ं ुोता ुा तो इसकी वर्धध मान्य ता की तारीख के बाद अिएपतपता प्रमाणपत्र समाप् त ुो जा गा ।"
63,1,"(5) यठद अिएपतपता प्रमाणपत्र की वर्धधमान् यता के बाद िर्ीकरण का आर्ेदि ाकया जाता ुा तो आर्ेदि के साथ पत 5000/- का अनतररक् त वर् ब फीस ठदया जा गा । (6) यठद िर्ीकरण आर्ेदि प्राप् त ुोता ुा और अिएपतपता प्रमाणपत्र नि बिाधीि ुा, तो नि बि के दरू ाक जािे तक अिएपतपता प्रमाणपत्र का िर्ीकरण िुीं ाकया जा गा । (7) यठद इसकी वर्धधमान्य ता के अतं तक नि बि ुटाया िुीं जाता ुा तो इसकी वर्धधमान्य ता की तारीख से ेकर 180 ठदि तक की अर्धध के श िर्ीकरण आस् थधगत ाकया जा सकता ुा । (8) यठद आस् थगि की अर्धध के दौराि उि वर्संगनतय को दरू कर श या जाता ुा, जो अिएपतपता प्रमाणपत्र के नि बि का कारण थीं, तो अिएपतपता प्रमाणपत्र इसकी वर्धधमान् यता की तारीख से िर्ीकृत ाकया जा । (9) यठद आस् थगि की अर्धध के दौराि सी वर्संगनतय ,ं जो अिएपतपता प्रमाणपत्र के नि बि का कारण थीं, दरू िुीं की जातीं, तो अिएपतपता प्रमाणपत्र इसकी वर्धधमान् यता की तारीख के बाद समाप् त ुो जा गा । (10) यठद अिएपतपता प्रमाणपत्र क खेप अथर्ा ट की मा या र्स् तए के संबंध में मंजूर ाकया गया ुा तो यु प्रमाणपत्र केर् क बार के श ुी ुोगा और से माम े में अिएपतपता प्रमाणपत्र की अर्धध ागू िुीं ुोगी । 17. अिएपतपता प्रमाणपत्र के वर्स् तार िेत्र में पररर्तिव - (1) अिएपतपता प्रमाणपत्र के वर्स् तार िेत्र में पररर्तिव के श अिएसूची II में ागू स् कीम में यथा-वर्निठदवष् ट निधावररत प्रपतप और फीस के साथ में ब् यरू ो को आर्ेदि ाकया जा गा । (2) उपवर्नियम (1) के अधीि आर्ेदि की प्रा्प्त पर ब् यूरो सी पूछताछ, जो उधचत समीी जा , करिे के बाद अिएसूची II में ागू स् कीम में निठदवष् ट प्रपतप में अिएपतपता प्रमाणपत्र के वर्स् तार िेत्र में र्द्ृ धध कर सकता ुा । (3) ाकसी भी समय यठद ब् यूरो के पास अिएपतपता प्रमाणपत्र का वर्स् तार िेत्र घटािे के कारण ुैं, तो ब् यूरो अिपतए पता प्रमाणपत्र धारक को क मुीिे का िोठटस देिे के बाद सा करेगा । 18. अिएपतपता प्रमाणपत्र का नि बि – (1) ब् यूरो श िखत आदेि में अिएपतपता प्रमाणपत्र का नि बि कर सकता ुा, यठद ब् यूरो के पास पयावप्त सा्य ुैं ाक मा , र्स् तए , प्रसंस् करण, पद्धनत या सेर्ा, ्जसके श प्रमाणपत्र ठदया गया ुा, वर्निठदवष् ट आर्श् यकताओं के अिएपतप िुीं ुैं।"
64,1,"(2) यठद अिएपतपता प्रमाणपत्र धारक िे अपेक्षित फीस िुीं ठदया ुा तो ब् यूरो द्र्ारा अिएपतपता प्रमाणपत्र को नि ् बत ाकया जा गा । (3) उपवर्नियम (2) के अधीि अिएपतपता प्रमाणपत्र नि ् बत करिे से पु े अिएपतपता प्रमाणपत्र धारक को 21 ठदि का िोठटस ठदया जा गा । (4) अिएपतपता प्रमाणपत्र के नि ब ि की सूचिा शम िे के बाद अिएपतपता प्रमाणपत्र धारक तएरंत अिएपतपता प्रमाणपत्र का उपयोग बंद करेगा और इसकी सूचिा ब् यूरो को देगा । (5) ब् यूरो स् र्यं की संतए्ष्ट के बाद, ाक अिएपतपता प्रमाणपत्र धारक िे सएधारात् मक कारवर्ाई की ुा अथर्ा फीस का भएगताि कर ठदया ुा, नि बि र्ावपस े सकता ुा । (6) अिएपतपता प्रमाणपत्र का नि बि या प्रनतसंुरण, जासा भी माम ा ुो, अिएसूची II में ागू स् कीम में यथा-वर्निठदवष् ट ाकया जा गा । (7) यठद अिएपतपता प्रमाणपत्र में िाशम मा , र्स् तए , प्रसंस् करण, पद्धनत या सेर्ा की क् र्ाश टी के बारे में शिकायत शसद्ध ुो जाती ुा तो अिएपतपता प्रमाणपत्र नि ् बत ाकया जा सकता ुा और अिएपतपता प्रमाणपत्र धारक के श सएधारात् मक कारवर्ाई करिा अनिर्ायतव : अपेक्षित ुोगी । (8) उपवर्नियम (7) के अधीि नि बि ुटािे की अिएमनत सएधारात् मक कारवर्ाई के संतोिजिक सत्य ापि के बाद दी जा सकती ुा । (9) यठद क खेप अथर्ा ट के मा या र्स् तएओं के संबंध में अिएपतपता प्रमाणपत्र मंजूर ाकया गया ुा, तो यु क बार के श ुी प्रमाणपत्र ुोगा और स े माम े में अिएपतपता प्रमाणपत्र का नि बि या प्रनतसंुरण ागू िुी ं ुोगा । 19. अिएपतपता प्रमाणपत्र का निरस् तीकरण – (1) ब् यूरो, अधधकतम 21 ठदि का िोठटस देकर अिएपतपता प्रमाणपत्र निरस् त कर सकता ुा, यठद – (क) अिएपतपता प्रमाणपत्र धारक अिएपतपता प्रमाणपत्र की ाकसी भी ितों का अिएपा ि करि े में वर्फ रुता ुा; (ख) अिएपतपता प्रमाणपत्र ग ती से जारी ाकया गया ुा । (2) उपवर्नियम (1) के अधीि िोठटस प्राप् त ुोिे पर अिएपतपता प्रमाणपत्र धारक द्र्ारा ठद ग स् पष् टीकरण पर ब् यूरो द्र्ारा वर्चार ाकया जा सकता ुा और अिएपतपता प्रमाणपत्र धारक को व् य्क्तगत पतप से या प्राधधकृत प्रनतनिधध के माध् यम से सएिर्ाई का उपयएक् त अर्सर ठदया जा गा ।"
65,1,"(3) अपराध िमि करिे के माम े में अिएपतपता प्रमाणपत्र निरस् तीकरण के श प्रसंस् कृत िुीं ाकया जा गा । (4) यठद िोठटस की अर्धध की समा्प्त ुोिे पर कोई स् पष् टीकरण प्राप् त िुीं ुोता ुा तो ब् यूरो अिएपतपता प्रमाणपत्र रद्द कर सकता ुा । (5) यठद अिएपतपता प्रमाणपत्र क सा से अधधक के श नि ् बत ुा, अथर्ा अिएपतपता प्रमाणपत्र धारक िे अिएपतपता प्रमाणपत्र निरस् त करिे का अिएरोध ाकया ुा, तो ब् यूरो बबिा कोई िोठटस ठद अिएपतपता प्रमाणपत्र निरस् त कर सकता ुा ।"
66,1,"ुनूसूची-I ुनूपताता रनधााणर स् कीम क प्रकार ननिरनयम 3न1व ि खेंव प्रसंस् कर गरतनिधधाय ं माल और िस् तूओं ं का प्रमा न प्रसंस् कर / प्रबंधा क(ई ुन्य नयथा लागूव स िा ाद्धारत ुनूपताता प्रमा ात्र प्रमा रनधााणर ात्र स् कीम प्रकार ए प्रकार बी प्रकार सी प्रकार डी प्रकार ई प्रकार एफ प्रकार जी चयि वर्निठदवष् ट        अपेिाऍ,ं िमूिे ेिा, आयोजि तथा तायार करिा, अिएप्रयोग निधावरण परीिण, प्रारंशभक खेप/ ट क) क)उत् पादि क) सेर्ा निरीिण, परीिण परीिण प्रारंशभक प्राक्रया वर्तरण क) क)प्रबंध प्रसंस् कर पद्धनत िडजाइि परीिण का प्राक्रया प्राइज , ख) निधावरण का /सेर्ा का प्रारंभ वर्तरण का तथा निधावरण बाजार के र्ं प्रारंशभक अपेिाओं ेखा आर्धधक प्रारंशभक निधावरण प्रारंशभक आर्धधक के अिएसार परीिा परीिण परीिण ख) सेर्ा निधावरण ेखा ख) परीिा ख) वर्तरण प्रसंस् कर फाक् टरी से प्राक्रया /सेर्ा िमूि का का वर्तरण का आर्धधक आर्धधक परीिण निधावरण आर्धधक निधावरण ग) ग) आर्धधक आर्धधक निधावरण निधावरण        समीिा निठदवष् ट आर्श् यकता ओं के स् र्पतप अिएपतपता अिएपा ि के सा् य की ज चं वर्निश् चय प्रदाि  प्रदाि      करिा, करिा,"
67,1,"िर्ीकरण, रद्द वर्स् तार करिा कम करिा, नि बि, रद्द सत् यापि अिएज्ञ्प्त अिएपतपता अिएपतपता      या प्रमाण प्रमाण अिएपतपता पत्र पत्र प्रमाणपत्र जारी करिा निगरािी बाजार   निगरािी   कारखािा निगरािी  निधावरण  ेखा परीिा"
68,1,"ुनूसूची-II स् कीम-I भारतीय मािक के अिएसार मा और र्स् तएओं पर मािक मएुर उपयोग करिे या गािे के श अिएज्ञ्प्त मंजूर करिे ुेतए अिएपतपता निधावरण स् कीम (अिएसूची-I) के अिएसार टाइप ई स्कीम पर आधाररत) वर्स् तार िेत्र 1 (1) इस स् कीम के अधीि जो ाक टाइप ई पर आधाररत ुान निमावण पररसर में निशमतव और संबद्ध भारतीय मािक(क ) की सभी अपेिाओं के अिएपतप मा या र्स् तएओं, इसके बाद इिका उत् पाद के पतप में उल ेख ाकया जा गा, के श ब् यूरो द्र्ारा मािक धचन्ु का उपयोग करिे या गािे ुेतए अिज्ञए ्प्त मंजूर ाकया जा सकता ुा । स् पष् टीकरण – उप-अिएच् छेद (I) के प्रयोजि ुेतए निमावण पररसर(र ) से अशभप्रेत, से पररसर से ुान जो या तो आर्ेदक के स् र्ाशमत् र् में ुो अन् यथा उसका ुो, जु ं निमावण गनतवर्धध का कएछ ठुस् सा ाकया जाता ुा तथा र्ु पररसर िाशम ुो ्जसमें अनं तम निमावण गनतवर्धध पूरी की जाती ुा और जु ं मािक धचन् ु का उपयोग ाकया जािा ुा अथर्ा इसे गाया जािा ुा । (2) अिएज्ञ्प्त मंजूर करिा और उसका प्रचा ि अिएच् छेद-3 में वर्निठदवष् ट प्राक्रयाओं के अिएसार ाकया जा गा । पररभािाऍ ं 2. (क) “निरीिण और परीिण की स् कीम” से ब् यूरो द्र्ारा वर्निठदवष् ट और प्रयोगिा ा स् थावपत करके अिएज्ञ्प्तधारी द्र्ारा अपिाई जािे र्ा ी उत् पादि की प्रसंस् करण में वर्शभन्ि अर्स् थाओं पर नियंत्रण गािे की स् कीम अशभप्रेत ुा । (ख) ‘’ततृ ीय पि प्रयोगिा ा’’ से ब् यूरो द्र्ारा स् थावपत, अिएरक्षित या मान्य ताप्राप् त प्रयोगिा ा, ब्यूरो दर्ारा पाि बद्ध प्रयोगिा ा ं अथर्ा ब् यूरो की कायकव ारणी सशमनत द्र्ारा वर्नि्श्चत अन् य ाकसी प्रयोगिा ा अशभप्रेत ुा ।"
69,1,"स्कीम की प्राक्रयाऍ ं 3. (1) चयि – (क) वर्निमावता पुचाि करेगा ाक, - (i) ागू भारतीय मािक, ्जसके प्रनत र्ु अिएज्ञ्प्त प्राप्त करिे का इच् छएक ुा; (ii) वर्निमावण पररसर(र ) में उप ब् ध मिीिरी तथा– इस स् कीम से सं ग् ि प्रपतप–I में क सूची तायार करे तथा वर्निमावण गनतवर्धध का कोई भाग यठद आउटसोस व ाकया जाता ुा, उस गनतवर्धध में प्रयएक् त मिीिरी के वर्र्रण पथृ क् प्रपतप में दिावया जा गा; (iii) संबद्ध भारतीय मािक, संबद्ध निरीिण और परीिण स् कीम के अिएसार परीिण करिे के श परीिण उपस् कर तथा इस स् कीम के प्रपतप-II में उप ब् ध उपस् कर की क सूची तायार करिा; (iv) से परीिण, ्जसमें उप-संवर्दा करािे की अिएमनत ुा और जो वर्निमावता के पास उप ब् ध िुीं ुैं, कारखािे के बाुर परीिण सएवर्धा की पुचाि करेगा, जुां से परीिण ाक जा सकते ुैं और उसकी सूचिा ब् यूरो को देगा; (ख) उत् पाद की प्रकृनत, अिएज्ञ्प्त का र्ांनछत वर्स् तार िेत्र को ध् याि में रखते ुए अथर्ा िमूिे ेिे के मागवदिी शसद्धांत के अिएसार वर्निमावता द्र्ारा परीिण के श अपेक्षित िमूि की संख् या निधावररत की जा गी । परंत, ए यठद िमूिे के मागदव िी शसद्धांत ब् यूरो की र्ेबसाइट पर उप ब् ध ुैं, तो वर्निमावता द्र्ारा ये अपिाये जा ंगे । (ग) अनं तम उत् पाद संबद्ध भारतीय मािक के अिएपतप ुो, यु सएनि्श्चत ाकया जा सके, इसके श प्रनतठदि ुोिे र्ा े उत् पादि में कायावन्र् यि के श वर्निमावता में इस स्क ीम के साथ सं ग् ि प्रपतप-III में प्रस् तावर्त नियंत्रण के स् तर प्रस् तएत कर सकता ुा; (घ) यठद ब् यूरो िे कएछ वर्निठदवष् ट उत् पाद के श निरीिण और परीिण की स् कीम वर्निठदवष् ट की ुा तो वर्निमावता के श उसका अिएपा ि आर्श् यक ुोगा; (ड़़) वर्निमावता यु सएनि्श्चत करेगा ाक संबद्ध भारतीय मािक की सभी अपेिाओं के प्रनत अिपतए पता के श उत्पाद का परीिण ाकया गया ुा और इस स् कीम के साथ सं ग्ि प्रपतप-IV में परीिण ररपोटव तायार करेगा; (च) से माम े, जु ं ाकसी परीिण की अर्धध क मास से अधधक ुा और आर्ेदक क निमावता इकाई ुा, तो उत्पाद का परीिण पूरी अर्धध अथर्ा क मास की अर्धध के श कारखािे में अथर्ा ततृ ीय पि प्रयोगिा ा में ाकया जा सकता ुा;"
70,1,"(छ) वर्निमावता अिएज्ञ्प्त के श इस स् कीम के साथ सं ग्ि प्रपतप-V में आर्ेदि कर सकता ुा तथा ब् यरू ो अिएज्ञ्प्त मंजूर करिे के श नि िश िखत में से कोई भी ाक्रयावर्धध अथर्ा उिका संशमश्रण अपिा गा, अथावत ् : (1)(I) आर्ेदक, आर्ेदि के साथ ततृ ीय पि प्रयोगिा ा से जारी उत् पाद की पूण व परीिण ररपोटव प्रस् तएत करेगा; (II) ब् यूरो उत् पादि प्राक्रया के सत् यापि के श कारखािे के दौरे की तथा ततृ ीय पि प्रयोगिा ा परीिण के श सत् यापि िमूिा ेि े की व् यर्स् था करेगा; (III) सत् यापि िमूिे की परीिण ररपोटव की प्रतीिा ाक बबिा अिएज्ञ्प्त मंजूर ाकया जा गा तथा परीिण ररपोटव की प्रा्प्त के बाद अिएज्ञ्प्त की समीिा की जा गी; (ii) (I) जब आर्ेदक के पास या तो इि-ुाउस अथर्ा कारखािे से बाुर पूरी परीिण सएवर्धाऍ ं उप ब् ध ु , तो ब् यूरो उत् पादि प्राक्रया के सत् यापि तथा कारखािे में उत् पाद के परीिण के श कारखािे के दौरे की व् यर्स् था करेगा; (II) कारखािे में िमूि के परीिण के आधार पर अिएज्ञ्प्त मंजूर ाकया जा गा; (iii) ब् यूरो उत् पादि प्राक्रया के सत् यापि तथा ततृ ीय पि प्रयोगिा ा में परीिण के श िमूिा ेिे के श दौरे की व् यर्स् था करेगा और इस िमूिे की परीिण ररपोटव के माध् यम से अिएपतपता के प्रदििव के बाद अिएज्ञ्प्त मंजूर ाकया जा गा; (ज) वर्देिी वर्निमावता के माम े में, भारत में ्स्थत क प्राधधकृत भारतीय प्रनतनिधध को इस योजिा के साथ सं ग् ि प्रपतप-VI में िाशमत ाकया जा गा । (2) अर्धारण – (क) आर्ेदि की प्रा्प्त के बाद ब् यूरो यु ज च करेगा ाक आर्ेदक िे आर्ेदि के साथ सभी अपेक्षित दस्तार्ेज प्रस् तएत ाक ुैं । (ख) यठद खडं (क) के अधीि आर्ेदि पूण व ुा, तो ब् यूरो आर्ेदक के साथ परामि व करके कारखािे के दौरे की तारीख नियत करेगा । (ग) कारखािे दौरे के दौराि ब् यूरो द्र्ारा नि िश िखत गनतवर्धधय ंकी जाऍगं ी, अथावत;्- (i) वर्निमावता द्र्ारा प्रस् तएत दस्तार्ेज का सत् यापि; (ii) वर्निमावता द्र्ारा प्रस् तएत नियंत्रण के चरण की पयावप्त ता पर वर्चार-वर्मि,व यठद ागू ुो; (iii) वर्शभन्ि चरण पर गाये नियंत्रण के स् तर सठुत संयंत्र ेआउट तथा वर्निमावण प्राक्रया का सत्य ापि;"
71,1,"(iv) वर्निमावण मिीिरी तथा परीिण उपस् कर, क् र्ाश टी नियंत्रण के प्रभारी व् य्क्त(य ) की सिमता, भंडारण सएवर्धाओं तथा स् र्ास् थ् यकर ्स्थनतय का सत् यापि, यठद ागू ुो; (v) परीिण उपस्कर अिं िोधि सठुत उप ब्ध बएनियादी ढांच े की ्स्थनत का सत् यापि; (vi) कारखािा परीिण तथा ततृ ीय पि प्रयोगिा ा परीिण के श िमिू े ेिा, यठद ागू ुो; (घ) यठद कारखािे के दौरे के दौराि कोई अपयावप् तता पाई जाती ुा तो इस स् कीम के साथ सं ग्ि प्रपतप-VII में वर्निमावता को उसे श िखत में सूधचत ाकया जा गा । (3) समीिा – (क) अिएच् छेद 3 के उप-अिएच् छेद (2) की खडं (ग) के अधीि कारखािे के दौरे की ररपोटव की वर्निठदवष् ट गनतवर्धधय के आधार पर समीिा की जा गी । (ख) उत् पाद के परीिण पररणाम की समीिा उिके सुी ुोिे और भारतीय मािक स े अिएपतपता के श की जा गी और यठद ाकसी परीिण की अर्धध क मास से अधधक ुा तो अिएज्ञ्प्त प्रदाि करिे के श उस परीिण के श वर्निमावता की परीिण ररपोटव पर वर्चार ाकया जा सकता ुा और ततृ ीय पि प्रयोगिा ा ररपोटव प्राप् त ुोिे पर उसकी समीिा की जा सकती ुा । (4) वर्निश् चय - अिएज्ञ्प्त मंजूर करिे का वर्निश्च य तब श या जा , जब ब् यूरो संतएष् ट ुा ाक वर्निमावता के पास निरन्त र आधार पर क् र्ाश टी र्ा े उत् पाद वर्निशमवत करि े के श आर्श् यक बएनियादी ढांचा ुो तथा परीिण के पररणाम संबद्ध भारतीय मािक के साथ उत् पाद की अिएपतपता की पए्ष्ट करते ुैं । (5) सत् यापि – (क) ब् यूरो स् कीम में सं ग् ि प्रपतप-VIII में वर्निमावता को अिएज्ञ्प्त का वर्स् तार िेत्र, अिएज्ञ्प्त संख् या, वर्निमावता का पता, अिएज्ञ्प्त की वर्धधमान्य ता, मएुरांकि फीस, भारतीय मािक के ब् यौरे और मािक धचन्ु की अिएकृनत दिावते ुए अिएज्ञ्प्त मंजूर करेगा। (ख) वर्देिी वर्निमावता के माम े में,ब् यूरो इस स् कीम के साथ सं ग् ि प्रपतप-X में ठद ग र्चिबद्धता बांड सठुत इस स् कीम के साथ सं ग् ि प्रपतप-IX में अिएज्ञ्प्त मंजूर करिे के श करार जारी करेगा, जो वर्देिी वर्निमावता अथर्ा उसके प्राधधकृत भारतीय प्रनतनिधध द्र्ारान जो भी माम ा ुोन क सौ पतपये के गार-न्य ानयक स् टा प पेपर पर वर्धधर्त ् ाकया गया ुो ।"
72,1,"(ग) वर्देिी वर्निमावता के माम े में, इस स् कीम के साथ सं ग् ि प्रपतप-XI के अिएसार दस ुजार यू. स. ड र की निष् पादि बकैं गारंटी वर्निमावता द्र्ारा दी जा गी, जो भारत में भारतीय ररजर् व बकैं द्र्ारा अिएमोठदत ाकसी बकैं की िाखा द्र्ारा जारी की गई ुो। (घ) इस अिएज्ञ्प्त के वर्स् तार िेत्र में िाशम उत् पाद के प्री-िडस् पेच परीिण के आधार पर भारतीय मािक से अिएपतपता दिावते ुए ब् यूरो परीिण प्रमाणपत्र जारी कर सकता ुा। (6) निगरािी – (क) ब् यूरो अिएज्ञ्प्तधारी के पररसर पर पएर्ाविएमनत अथर्ा पएर्ाविएमनत के बबिा निरीिण कर सकता ुा । (ख) उत् पाद के साथ जएड े जोिखम को ध् याि में रखकर निरीिण का वर्निश् चय श या जा गा और से निरीिण के दौराि पा ग वर्च ि को इस स् कीम के साथ सं ग् ि प्रपतप-VII में अिएज्ञ्प्तधारी को सूधचत ाकया जा गा । (ग) ब्यूरो परीिण के श निरीिण के दौराि िमूिे े सकता ुा । (घ) ब् यूरो बाजार से िमूिे े सकता ुा और परीिण अिएरोध के साथ ततृ ीय पि प्रयोगिा ा को परीिण के श िमूिे भेज सकता ुा और यठद ाकसी कारण से बाजार से िमूिे ेिा संभर् िुीं ुो तो िडस् पाच बबदं ए से िमूिे श जा सकते ुा। (ड.) ब् यूरो अधधमाित: संगठित क्रेताओं से फीडबका प्राप् त कर सकता ुा । शिकायत 4. (1) मािक धचन्ु गे उत् पाद की क् र्ाश टी के बारे में प्राप् त ाकसी शिकायत की ब् यूरो पार्ती भेजेगा और ज चं -पडता करेगा । (2) परीिण समय को छोडकर, जु ं उत् पाद का परीिण ाकया जािा ुा, शिकायत बंद करिे की कायर्व ाुी िब्ब े ठदि के भीतर पूरी की जा गी। फीस 5. (1) आर्ेदि फीस, िर्ीकरण आर्ेदि फीस तथा र्ाविकव अिएज्ञ्प्त फीस प्रत् येक के श क ुजार पतपये ुोगा ।"
73,1,"(2) मािक धचन्ु का उपयोग करिे के श उपाबंध-I में यथानिठदवष् ट मएुरांकि फीस श या जा गा । (3) र्ास् तवर्क मएुरांकि फीस अथर्ा न् यूितम मएुरांकि फीस, जो भी अधधक ुा, प्रत् येक र्ि व अिएज्ञ्प्तधारी द्र्ारा देय ुोगा । ठटप् पण 1: पु े सा के श मएुरांकि फीस का निधावरण पु े िौ मास के दौराि धचन्ु गी मात्रा (इकाई) को इकाई दर से गएणा करके पररकश त ाकया जा गा । ठटप् पण 2: पश्चातर्् ती र्िों के श र्ास् तवर्क मुए रांकि फीस पु े िौ मास के बाद - र्ि व दर-र्ि व आधार पर ाकया जा गा । (4) अिएज्ञ्प्त रद्द ुोिे के माम े में ब् यूरो द्र्ारा मएुरांकि फीस र्ापस िुीं ठदया जा गा । परंत, ए यठद कोई भारतीय मािक र्ापस श या जाता ुा और ाकसी अन् य मािक द्र्ारा उसे अधधक्रशमत िुीं ाकया जाता, तो समािएपानतक मएुरांकि फीस र्ापस ाकया जा गा । (5) अिएज्ञ्प्त के वर्स् तार िेत्र में वर्स् तार के माम े में प्रनत ाकस् म अथर्ा ाकस् म के प्रनत समूु, जुा समूुबद्ध करिे के मागवदिी शसद्धांत उप ब् ध ुैं, प चं ुजार पतपये की राशि प्रभाररत की जा गी । (6) निगरािी निरीिण अथर्ा शिकायत की ज चं के दौराि ाक ग निरीिण के अ ार्ा ाकसी भी निरीिण के श प्रनतठदि सात ुजार पतपये का फीस श या जा गा। (7) जब प्री-िडस् पाच निरीिण के आधार पर परीिण प्रमाण पत्र जारी करिा अपेक्षित ुो, तो से निरीिण के श प्रनतठदि आर्ेदक द्र्ारा दस ुजार पतपये का फीस श या जा गा। (8) निगरािी अथर्ा शिकायत की ज चं -पडता के दौराि श ग िमिू के अ ार्ा िमूि के परीिण की फीस आर्ेदक अथर्ा अिएज्ञ्प्तधारी, जो भी माम ा ुो, द्र्ारा र्ुि ाकया जा गा ।"
74,1,"ेबश गं तथा मएुरांकि अपेिाऍ ं 6. (1) प्रत् येक उत् पाद अथर्ा पाकेज, जासा भी माम ा ुो, पर उपाबंध-II में वर्निठदवष् ट अिएसार मािक धचन् ु गाई जा गी । (2) मािक धचन्ु पर अिएज्ञ्प्त संख् या और भारतीय मािक का संदभ व स् पष् टत: ठदखिे र्ा े तरीके से और अिएज्ञ्प्त में यथा-वर्निठदवष् ट अिएसार गाया जा गा । (3) यठद मािक धचन्ु के िीच े अिएज्ञ्प्त संख् या िुीं दी जा सकती ुा, तो उसे मािक धचन्ु के बबल कए पास, उपयएक् त पतप से रािखक पतप मे दी जा गी । (4) भारतीय मािक की अपेिाओं के अिएसार उत् पाद के ब् यौरे, ्जिमें ाकस् म, ट अथर्ा खेप संख् या, वर्निमावण की तारीख अथर्ा सप् ताुन वर्निमावता का परू ा पता, उत् पाद, पाके्जंग पर अथर्ा उत्पाद पर गे ेब पर अां कत ाकया जा गा । (5) मएुरांकि के ब् यौरे पर ब् यूरो की र्ेबसाइट का संदभ व ुो, तााक उपभोक् ता मािक धचन्ु गे उत् पाद की प्रामािणकता का सत् यापि कर सके । (6) यठद उत् पाद अथर्ा पाके्जंग पर मािक धचन् ु िुीं गाई जा सकती ुा, तो इस े परीिण प्रमाणपत्र पर गाया जा । (7) ब् यूरो द्र्ारा ाकसी वर्ििे उत् पाद के श संबद्ध निरीिण और परीिण स् कीम में अनतररक्त ेबश गं और मएुरांकि की अपेिाऍ ंवर्निठदवष् ट की गई ुैं तो उिका अिएपा ि ाकया जा गा । ुनूज्ञप्तत की शत ें 7. अिएज्ञ्प्त की ित त इि वर्नियम के वर्नियम 6 में ठद ग अिएसार ु गी । अिएज्ञ्प्त की वर्धधमान्य ता 8. (1) मािक धचन्ु का उपयोग करिे के श अिएज्ञ्प्त िएपतआत में कम से कम क र्ि व के श और दो र्ि व की अर्धध तक के श ठदया जा गा । (2) अिएज्ञ्प्त कम से कम क र्ि व के श तथा प चं र्िों तक की अर्धध के श िर्ीकृत ाकया जा सकता ुा । (3) अिएज्ञ्प्त के वर्धधमान्य ता अर्धध के श न्यूितम मएुरांकि फीस का भएगताि अधर्ग्म में ाकया जा गा।"
75,1,"अिएज्ञ्प्त का िर्ीकरण 9. (1) मािक धचन्ु के उपयोग करिे के श अिएज्ञ्प्त का िर्ीकरण करिे का आर्ेदि, अिएज्ञ्प्त की समा्प्त से दो मास पूर्व, ब् यूरो को इस स् कीम में सं ग् ि प्रपतप- XII में ाकया जा गा । (2) ब् यूरो इस स्क ीम के साथ सं ग् ि प्रपतप-XIII में अिएज्ञ्प्त का िर्ीकरण करेगा । (3) अिएज्ञ्प्त का िर्ीकरण इि वर्नियम के वर्नियम 8 के अिएसार ाकया जा गा । (4) यठद र्ास् तवर्क मएुरांकि फीस न् यूितम मएुरांकि फीस से अधधक ुा तो आर्ेदक द्र्ारा फीस के अतं र का भएगताि र्ाविकव पतप से ाकया जा गा । (5) जुां उत् पादि की मात्रा बुएत अधधक ुा, र्ु ं ब् यूरो अिएज्ञ्प्तधारी को र्ास् तवर्क मएुरांकि फीस का भएगताि त्रमा ाशसक आधार पर देिे का निदेि दे सकता ुा । अिएज्ञ्प्त के वर्स् तार िेत्र में पररर्तिव 10. (1) मािक धचन्ु का उपयोग करिे के श अिएज्ञ्प्त के वर्स् तार िेत्र में पररर्तिव के श आर्ेदि इस स् कीम के साथ सं ग् ि प्रपतप-XIV में पारा 5 के उप-पारा (5) में वर्निठदवष् ट फीस के साथ ब् यूरो को ाकया जा गा । (2) अिएज्ञ्प्त के वर्स् तार िेत्र में वर्स् तार के श आर्ेदि या तो ततृ ीय पि प्रयोगिा ा द्र्ारा जारी उत् पाद की पूण व परीिण ररपोटव के साथ अथर्ा ब् यूरो को परीिण के श िमूिे ेिे के अिएरोध के साथ ाकया जा गा । (3) यठद निरीिण और परीिण स् कीम अथर्ा बएनियादी ा ांचा, ्जिमें वर्निमावण मिीिरी तथा परीिण उपस् कर िाशम ुैं, में कोई पररर्तिव िुीं ुएआ ुा तथा अिएज्ञ्प्त के वर्स् तार िेत्र का वर्स् तार, िमूिे ेिे के मागदव िी शसद्धांत के उसी समूु में ुा, तो अिएज्ञ्प्त का वर्स् तार िेत्र बा ािे के श परीिण ररपोटव(टों) की आर्श् यकता िुीं ुा। (4) ब् यूरो इस स् कीम के साथ सं ग् ि प्रपतप-XV में अिएज्ञ्प्त के वर्स् तार िेत्र में पररर्तिव करेगा ।"
76,1,"नि बि 11. (1) यठद ाकसी समय, भारतीय मािक के अिएपतप उत् पाद की अिएपतपता के अिएरिण में कठििाई ुो, अथर्ा परीिण उपस् कर काम करिा बंद कर देता ुा अथर्ा बाा , आग भूक प जासी प्राकृनतक आपदाओं के कारण प्रबंधि द्र्ारा घोवित ता ाबंदी सिम न्य ाया य अथर्ा सांवर्धधक निकाय द्र्ारा प्रचा ि बंद करिे का निदेि ठदया जाता ुा, तो अिएज्ञ्प्तधारी ब्यूरो को सूचिा देते ुए स् र्यं मािक धचन्ु का उपयोग नि ् बत कर देगा । (2) जासे ुी कशमय ं दरू कर ी जाती ुैं, नि बि को समाप्त ाकया जा सकता ुा और ब् यूरो को तएरंत, ाकंतए नि बि की समा्प्त के 7 ठदि वर्पश् चातन सूचिा भेजी जा गी। (3) ि पररसर में वर्निमावण-यूनिट स्थािांतररत करिे पर ब् यूरो को सूचिा देते ुए अिएज्ञ्प्तधारी को स् र्यं मािक धचन्ु का उपयोग नि ् बत करिा ुोगा । (4) ब् यूरो द्र्ारा पएरािे पररसर के सत् यापि के बाद र्ं ि पररसर में उत्पादि प्राक्रया के सत् यापि के बाद नि बि समाप्त ाकया जा गा । (5) ब् यूरो के पास यठद पयावप्त कारण ुैं ाक मािक धचन्ु गा उत् पाद संबद्ध भारतीय मािक के अिएपतप िुीं ुा तथा सा प्रमाण सीशमत िुीं ुा, अवपतए उसमें नि िश िखत में से क अथर्ा अधधक कारण िाशम ुो सकते ुैं, तो ाकसी भी समय ब् यूरो अिएज्ञ्प्त रद्द कर सकता ुा और अिएज्ञ्प्तधारी को अपिे उत् पाद पर मािक धचन्ु ि गािे का निददेशि दे सकता ुा :- (i) संबद्ध भारतीय मािक के अिएसार उत् पाद की गार-अिएपतपता दिावती गातार परीिण ररपोटत; (ii) परीिण काशमकव की अिएप ब्धता जबाक, मािक धचन्ु का उपयोग ाकया जा रुा ुा; (iii) गार-अिएपतप उत् पाद पर मािक धचन्ु का उपयोग; (iv) निरीिण और परीिण स् कीम के कायावन् र्यि में मुत् त् र्पूण व वर्च ि; (v) ब् यूरो के पूर्-व मूल यांकि के बबिा वर्निमावण प्राक्रया में बड े संिोधि; (vi) बबिा सूचिा ठद वर्निमावण इकाई को ि पते पर स्थािांतररत करिा; (vii) बबिा सूचिा ठद वर्निमावण इकाई छु मास से अधधक अर्धध के श बंद ुोिा; (viii) ब् यूरो द्र्ारा समय-समय पर जारी अिएदेि का अिएपा ि ि ाकया जािा;"
77,1,"(ख) यठद ाइसेंस नि बिाधीि ुा, तो अिएज्ञ्प्तधारी मािक धचन्ु का उपयोग करिा अथर्ा गािा तथा मािक धचन्ु गे ुए उत्पाद का बाुर भेजिा बंद करेगा और इस संबंध में ब्यूरो को तएरंत पए्ष्ट भेजिी ुोगीन ्जसके बाद सएधारात्मक कायवर्ाुी की पए्ष्ट की जा गी । (ग) ब् यूरो सएधारात् मक कायर्व ाुी के सत् यापि के श फाक् टरी के दौरे की व् यर्स् था कर सकता ुा और अिएज्ञ्प्तधारी िे नि ि श िखत कायर्व ाुी की ुा, से स् र्यं संतएष् ट ुोिे के बाद नि बि समाप्त करिे की अिएमनत दे सकता ुा :- (i) आर्श् यक सएधारात् मक कायर्व ाुी की ुा; और (ii) संबद्ध भारतीय मािक से उत् पाद की अिएपतपता के पयावप् त प्रमाण उप ब् ध करा ुैं । (6) यठद आर्ेदक द्र्ारा अपेक्षित फीस का भएगताि िुीं ाकया गया ुा तो ब् यूरो 21 ठदि का िोठटस जारी करके अिएज्ञ्प्त को नि ् बत कर सकता ुा और अिएज्ञ्प्तधारी को उत्पाद पर मािक धचन्ु का उपयोग ि करिे के निदेि दे सकता ुा। (7) ब्यूरो बकाया प्राप्त ुोिे पर उप-पारा (6) के अधीि जारी नि ंबि को रद्द कर सकता ुा। अिएज्ञ्प्त रद्द करिा 12. ब्यूरो इि वर्नियम के वर्नियम 11 के अिएसार अिएज्ञ्प्त को रद्द करेगा।"
78,1,"उााबधां -I (स् कीम 1 के पारा 5 के उप-परा ा (2) देखें) इकाई दर सू् म घ ए स् ाब-1 स् ाब-2 क्रम भारतीय मािक इकाई दर इकाई दर स् ाब-3 तारीख से इकाई बडे उद्यम मध्यम मात्रा पर मात्रा पर सं. संख्या स् ाब -1 स् ाब-2 िेि प्रमात्रा प्रभार्ी उद्यम* ागू ुा ागू ुा के श 1 आई स 1:1968 1 ध्र्ज ₹ 46,000.00 ₹ 37,000.00 ₹ 0.36 सभी ₹ 0.00 0 ₹ 0.00 24082016 2 आई स 21:1992 1 टि ₹ 64,000.00 ₹ 52,000.00 ₹ 160.00 सभी ₹ 0.00 0 ₹ 0.00 20122016 3 आई स 44:1991 क ाक.र्ग्ा. ₹ 46,000.00 ₹ 37,000.00 ₹ 0.07 सभी ₹ 0.00 0 ₹ 0.00 24082016 क 4 आई स 73:2013 ₹ 72,000.00 ₹ 58,000.00 ₹ 24.00 सभी ₹ 0.00 0 ₹ 0.00 18052016 मीठिक आई स 133:भाग 5 1 ीटर ₹ 72,000.00 ₹ 58,000.00 ₹ 0.26 सभी ₹ 0.00 0 ₹ 0.00 20122016 1:2013 1 ीटर/ 1 6 आई स 158:2015 ₹ 60,000.00 ₹ 48,000.00 ₹ 0.26 सभी ₹ 0.00 0 ₹ 0.00 20122016 ाक.र्ग्ा. 1 ीटर/1 7 आई स 164:2015 ₹ 64,000.00 ₹ 52,000.00 ₹ 0.26 सभी ₹ 0.00 0 ₹ 0.00 20122016 ाक.र्ग्ा. 8 आई स 168:1993 क ीटर ₹ 56,000.00 ₹ 45,000.00 ₹ 0.25 सभी ₹ 0.00 0 ₹ 0.00 6092016 9 आई स 175:1989 100 मीटर ₹ 87,000.00 ₹ 70,000.00 ₹ 14.50 सभी ₹ 0.00 0 ₹ 0.00 20122016 10 आई स 177:1989 100 श नियर ₹ 46,000.00 ₹ 37,000.00 ₹ 6.25 सभी ₹ 0.00 0 ₹ 0.00 24082016 11 आई स 191:2007 1 टि ₹ 86,000.00 ₹ 69,000.00 ₹ 36.60 सभी ₹ 0.00 0 ₹ 0.00 26122016 आई स 204:भाग 12 100 पीस ₹ 46,000.00 ₹ 37,000.00 ₹ 8.70 सभी ₹ 0.00 0 ₹ 0.00 30122016 1:1991 आई स 204:भाग 13 100 पीस ₹ 47,000.00 ₹ 38,000.00 ₹ 8.70 सभी ₹ 0.00 0 ₹ 0.00 30122016 2:1992 14 आई स 205:1992 100 पीस ₹ 46,000.00 ₹ 37,000.00 ₹ 5.60 सभी ₹ 0.00 0 ₹ 0.00 30122016 15 आई स 208:1996 100 पीस ₹ 47,000.00 ₹ 38,000.00 ₹ 8.70 सभी ₹ 0.00 0 ₹ 0.00 30122016 16 आई स 210:2009 1 टि ₹ 49,000.00 ₹ 40,000.00 ₹ 72.00 सभी ₹ 0.00 0 ₹ 0.00 20122016"
79,1,"17 आई स 245:1988 1 टि ₹ 52,000.00 ₹ 42,000.00 ₹ 25.90 सभी ₹ 0.00 0 ₹ 0.00 20122016 18 आई स 251:1998 1 टि ₹ 47,000.00 ₹ 38,000.00 ₹ 1.50 सभी ₹ 0.00 0 ₹ 0.00 20122016 19 आई स 252:2013 1 टि ₹ 58,000.00 ₹ 47,000.00 ₹ 15.90 सभी ₹ 0.00 0 ₹ 0.00 20122016 20 आई स 253:2014 1 टि ₹ 64,000.00 ₹ 52,000.00 ₹ 2.15 सभी ₹ 0.00 0 ₹ 0.00 06082017 21 आई स 261:1982 1 टि ₹ 53,000.00 ₹ 43,000.00 ₹ 35.35 सभी ₹ 0.00 0 ₹ 0.00 20122016 22 आई स 265:1993 1 ाक.र्ग्ा. ₹ 58,000.00 ₹ 47,000.00 ₹ 0.26 सभी ₹ 0.00 0 ₹ 0.00 20122016 23 आई स 266:1993 1 ाक.र्ग्ा. ₹ 73,000.00 ₹ 59,000.00 ₹ 0.26 सभी ₹ 0.00 0 ₹ 0.00 20122016 24 आई स 269:2015 1 टि ₹ 72,000.00 ₹ 58,000.00 ₹ 3.00 सभी ₹ 0.00 0 ₹ 0.00 30122016 क मीठिक 25 आई स 276:2000 ₹ 46,000.00 ₹ 37,000.00 ₹ 37.10 सभी ₹ 0.00 0 ₹ 0.00 24082016 टि 26 आई स 277:2003 1 टि ₹ 47,000.00 ₹ 38,000.00 ₹ 4.50 सभी ₹ 0.00 0 ₹ 0.00 20122016 27 आई स 278:2009 1 टि ₹ 50,000.00 ₹ 40,000.00 ₹ 66.70 सभी ₹ 0.00 0 ₹ 0.00 30122016 28 आई स 280:2006 1 टि ₹ 65,000.00 ₹ 52,000.00 ₹ 3.00 सभी ₹ 0.00 0 ₹ 0.00 06082017 29 आई स 281:2009 1 पीस ₹ 46,000.00 ₹ 37,000.00 ₹ 0.15 सभी ₹ 0.00 0 ₹ 0.00 30122016 30 आई स 285:1992 1 टि ₹ 59,000.00 ₹ 48,000.00 ₹ 50.00 सभी ₹ 0.00 0 ₹ 0.00 20122016 31 आई स 299:2012 1मीठिक टि ₹ 71,000.00 ₹ 57,000.00 ₹ 11.85 सभी ₹ 0.00 0 ₹ 0.00 06082017 आई स 302:भाग 32 1 पीस ₹ 59,000.00 ₹ 48,000.00 ₹ 0.20 सभी ₹ 0.00 0 ₹ 0.00 26052016 2:खंड 59:1999 आई स 302:भाग 33 1 पीस ₹ 73,000.00 ₹ 59,000.00 ₹ 1.30 सभी ₹ 0.00 0 ₹ 0.00 17072017 2:खंड 3:2007 आई स 302:भाग 34 1 पीस ₹ 85,000.00 ₹ 68,000.00 ₹ 1.30 सभी ₹ 0.00 0 ₹ 0.00 28072017 2:खंड 30:2007 आई स 302:भाग 35 1 पीस ₹ 66,000.00 ₹ 53,000.00 ₹ 1.30 सभी ₹ 0.00 0 ₹ 0.00 17072017 2:खंड 201:2008 36 आई स 303:1989 1 र्ग व मीटर ₹ 67,000.00 ₹ 54,000.00 ₹ 0.15 सभी ₹ 0.00 0 ₹ 0.00 30122016 37 आई स 325:1996 1 ाक.र् ट ₹ 46,000.00 ₹ 37,000.00 ₹ 1.75 सभी ₹ 0.00 0 ₹ 0.00 24082016 38 आई स 335:1993 1 ाक.श ₹ 86,000.00 ₹ 71,000.00 ₹ 8.70 सभी ₹ 0.00 0 ₹ 0.00 24082016"
80,1,"1 ीटर/1 39 आई स 341:1973 ₹ 90,000.00 ₹ 72,000.00 ₹ 0.26 सभी ₹ 0.00 0 ₹ 0.00 20122016 ाक.र्ग्ा. 40 आई स 362:1991 100 पीस ₹ 47,000.00 ₹ 38,000.00 ₹ 1.75 सभी ₹ 0.00 0 ₹ 0.00 13112017 41 आई स 363:1993 100 पीस ₹ 46,000.00 ₹ 37,000.00 ₹ 5.75 सभी ₹ 0.00 0 ₹ 0.00 24082016 42 आई स 366:1991 1 पीस ₹ 87,000.00 ₹ 70,000.00 ₹ 1.30 सभी ₹ 0.00 0 ₹ 0.00 30122016 43 आई स 368:2014 1 पीस ₹ 89,000.00 ₹ 72,000.00 ₹ 1.30 सभी ₹ 0.00 0 ₹ 0.00 17072017 44 आई स 369:1992 1 पीस ₹ 1,00,000.00 ₹ 80,000.00 ₹ 1.70 सभी ₹ 0.00 0 ₹ 0.00 30122016 45 आई स 371:1999 100 पीस ₹ 61,000.00 ₹ 49,000.00 ₹ 2.30 सभी ₹ 0.00 0 ₹ 0.00 30122016 46 आई स 374:1979 1 पीस ₹ 65,000.00 ₹ 52,000.00 ₹ 1.75 सभी ₹ 0.00 0 ₹ 0.00 30122016 आई स 398:भाग 47 1 टि ₹ 46,000.00 ₹ 37,000.00 ₹ 34.60 सभी ₹ 0.00 0 ₹ 0.00 24082016 5:1992 आई स 398:भाग 48 1 टि ₹ 46,000.00 ₹ 37,000.00 ₹ 46.00 सभी ₹ 0.00 0 ₹ 0.00 30122016 4:1994 आई स 398:भाग 49 1 टि ₹ 53,000.00 ₹ 43,000.00 ₹ 34.60 सभी ₹ 0.00 0 ₹ 0.00 30122016 1:1996 आई स 398:भाग 50 1 टि ₹ 53,000.00 ₹ 43,000.00 ₹ 90.00 सभी ₹ 0.00 0 ₹ 0.00 30122016 2:1996 51 आई स 411:1991 100 ाक.र्ग्ा ₹ 46,000.00 ₹ 37,000.00 ₹ 1.40 सभी ₹ 0.00 0 ₹ 0.00 24082016 ₹ 52 आई स 418:2004 100 पीस ₹ 1,57,000.00 ₹ 1.60 सभी ₹ 0.00 0 ₹ 0.00 28072017 1,26,000.00 1 ीटर/ 53 आई स 419:1967 ₹ 49,000.00 ₹ 40,000.00 ₹ 0.05 सभी ₹ 0.00 0 ₹ 0.00 20122016 ाक.र्ग्ा 1 ीटर/1 54 आई स 427:2013 ₹ 68,000.00 ₹ 55,000.00 ₹ 0.26 सभी ₹ 0.00 0 ₹ 0.00 20122016 ाक.र्ग्ा. 1 ीटर/1 55 आई स 428:2013 ₹ 68,000.00 ₹ 55,000.00 ₹ 0.26 सभी ₹ 0.00 0 ₹ 0.00 20122016 ाक.र्ग्ा. आई स 432:भाग 56 1 टि ₹ 47,000.00 ₹ 38,000.00 ₹ 3.00 सभी ₹ 0.00 0 ₹ 0.00 30122016 1:1982 आई स 57 1 टि ₹ 53,000.00 ₹ 43,000.00 ₹ 3.00 सभी ₹ 0.00 0 ₹ 0.00 30122016 432:भाग2:1982"
81,1,"58 आई स 444:1987 100 मीटर ₹ 46,000.00 ₹ 37,000.00 ₹ 25.90 सभी ₹ 0.00 0 ₹ 0.00 24082016 59 आई स 446:1987 100 मीटर ₹ 46,000.00 ₹ 37,000.00 ₹ 25.90 सभी ₹ 0.00 0 ₹ 0.00 24082016 60 आई स 447:1988 100 मीटर ₹ 46,000.00 ₹ 37,000.00 ₹ 25.90 सभी ₹ 0.00 0 ₹ 0.00 24082016 61 आई स 455:2015 1 टि ₹ 73,000.00 ₹ 59,000.00 ₹ 3.00 सभी ₹ 0.00 0 ₹ 0.00 30122016 62 आई स 458:2003 1 टि ₹ 46,000.00 ₹ 37,000.00 ₹ 8.70 सभी ₹ 0.00 0 ₹ 0.00 24082016 63 आई स 459:1992 1 टि ₹ 46,000.00 ₹ 37,000.00 ₹ 1.75 सभी ₹ 0.00 0 ₹ 0.00 24082016 64 आई स 513:2008 1 टि ₹ 73,000.00 ₹ 59,000.00 ₹ 3.50 सभी ₹ 0.00 0 ₹ 0.00 06082017 आई स 513:भाग 65 1 टि ₹ 73,000.00 ₹ 59,000.00 ₹ 3.50 सभी ₹ 0.00 0 ₹ 0.00 06082017 1:2016 आई स 513:भाग 1 मीठिक 66 ₹ 79,000.00 ₹ 64,000.00 ₹ 4.30 सभी ₹ 0.00 0 ₹ 0.00 15112017 2:2016 टि 67 आई स 539:1974 क ाक.र्ग्ा. ₹ 46,000.00 ₹ 37,000.00 ₹ 0.26 सभी ₹ 0.00 0 ₹ 0.00 24082016 आई स 550:भाग 68 1 पीस ₹ 46,000.00 ₹ 37,000.00 ₹ 173.00 सभी ₹ 0.00 0 ₹ 0.00 24082016 1:2014 69 आई स 553:1984 क टि ₹ 46,000.00 ₹ 37,000.00 ₹ 34.50 सभी ₹ 0.00 0 ₹ 0.00 24082016 70 आई स 573:1992 1 म.टी ₹ 46,000.00 ₹ 37,000.00 ₹ 44.00 सभी ₹ 0.00 0 ₹ 0.00 24082016 71 आई स 612:1992 1 टि ₹ 46,000.00 ₹ 37,000.00 ₹ 20.80 सभी ₹ 0.00 0 ₹ 0.00 24082016 72 आई स 617:1994 1 टि ₹ 46,000.00 ₹ 37,000.00 ₹ 42.60 सभी ₹ 0.00 0 ₹ 0.00 15112017 73 आई स 623:2008 100 पीस ₹ 46,000.00 ₹ 37,000.00 ₹ 3.50 सभी ₹ 0.00 0 ₹ 0.00 24082016 74 आई स 624:2003 100 पीस ₹ 46,000.00 ₹ 37,000.00 ₹ 3.50 सभी ₹ 0.00 0 ₹ 0.00 24082016 75 आई स 636:1988 100 मीटर ₹ 46,000.00 ₹ 37,000.00 ₹ 17.30 सभी ₹ 0.00 0 ₹ 0.00 24082016 76 आई स 638:1979 1 टि ₹ 64,000.00 ₹ 52,000.00 ₹ 200.00 सभी ₹ 0.00 0 ₹ 0.00 20122016 77 आई स 648:2006 1 टि ₹ 46,000.00 ₹ 37,000.00 ₹ 3.00 सभी ₹ 0.00 0 ₹ 0.00 24082016 78 आई स 650:1991 1 टि ₹ 46,000.00 ₹ 37,000.00 ₹ 15.10 सभी ₹ 0.00 0 ₹ 0.00 30122016 79 आई स 651:2007 1 टि ₹ 67,000.00 ₹ 64,000.00 ₹ 8.70 सभी ₹ 0.00 0 ₹ 0.00 28072017 80 आई स 694:2010 100 मीटर ₹ 93,000.00 ₹ 75,000.00 ₹ 1.80 सभी ₹ 0.00 0 ₹ 0.00 13112017"
82,1,"81 आई स 702:1988 1 टि ₹ 63,000.00 ₹ 51,000.00 ₹ 17.50 सभी ₹ 0.00 0 ₹ 0.00 20122016 82 आई स 704:1984 1 पीस ₹ 52,000.00 ₹ 42,000.00 ₹ 0.14 सभी ₹ 0.00 0 ₹ 0.00 30122016 83 आई स 710:2010 1 र्ग व मीटर ₹ 84,000.00 ₹ 68,000.00 ₹ 0.18 सभी ₹ 0.00 0 ₹ 0.00 30122016 84 आई स 711:1970 1 टि ₹ 55,000.00 ₹ 44,000.00 ₹ 8.00 सभी ₹ 0.00 0 ₹ 0.00 20122016 85 आई स 712:1984 1 टि ₹ 46,000.00 ₹ 37,000.00 ₹ 1.75 सभी ₹ 0.00 0 ₹ 0.00 24082016 1 मीठिक 86 आई स 717:1998 ₹ 51,000.00 ₹ 41,000.00 ₹ 5.00 सभी ₹ 0.00 0 ₹ 0.00 26122016 टि 87 आई स 723:1972 1 टि ₹ 46,000.00 ₹ 37,000.00 ₹ 90.00 सभी ₹ 0.00 0 ₹ 0.00 21122016 88 आई स 745:2003 1 र्ग व मीटर ₹ 56,000.00 ₹ 45,000.00 ₹ 0.15 सभी ₹ 0.00 0 ₹ 0.00 25082017 100 र्ग व 89 आई स 758:1988 ₹ 47,000.00 ₹ 38,000.00 ₹ 12.00 सभी ₹ 0.00 0 ₹ 0.00 20122016 मीटर 90 आई स 774:2004 1 पीस ₹ 74,000.00 ₹ 60,000.00 ₹ 3.50 सभी ₹ 0.00 0 ₹ 0.00 28072017 91 आई स 778:1984 1 पीस ₹ 57,000.00 ₹ 46,000.00 ₹ 0.60 सभी ₹ 0.00 0 ₹ 0.00 30122016 ₹ 92 आई स 779:1994 1 पीस ₹ 1,30,000.00 ₹ 1.75 सभी ₹ 0.00 0 ₹ 0.00 30122016 1,04,000.00 93 आई स 781:1984 1 पीस ₹ 49,000.00 ₹ 40,000.00 ₹ 0.45 सभी ₹ 0.00 0 ₹ 0.00 28072017 94 आई स 784:2001 1 टि ₹ 46,000.00 ₹ 37,000.00 ₹ 8.70 सभी ₹ 0.00 0 ₹ 0.00 24082016 95 आई स 797:1982 1 टि ₹ 46,000.00 ₹ 37,000.00 ₹ 0.90 सभी ₹ 0.00 0 ₹ 0.00 24082016 96 आई स 799:1985 100 ीटर ₹ 59,000.00 ₹ 48,000.00 ₹ 4.20 सभी ₹ 0.00 0 ₹ 0.00 24012017 60000 97 आई स 814:2004 1000 पीस ₹ 1,09,000.00 ₹ 88,000.00 ₹ 1.80 ₹ 0.90 िेि ₹ 0.00 06082017 इकाई 98 आई स 848:2006 1 टि ₹ 46,000.00 ₹ 37,000.00 ₹ 26.00 सभी ₹ 0.00 0 ₹ 0.00 24082016 100 र्ग व 99 आई स 863:1988 ₹ 47,000.00 ₹ 38,000.00 ₹ 16.00 सभी ₹ 0.00 0 ₹ 0.00 20122016 मीटर 100 आई स 868:1990 100ाक.र्ग्ा ₹ 58,000.00 ₹ 47,000.00 ₹ 20.20 सभी ₹ 0.00 0 ₹ 0.00 20122016 101 आई स 878:2008 100 पीस ₹ 56,000.00 ₹ 45,000.00 ₹ 1.10 सभी ₹ 0.00 0 ₹ 0.00 06082017 102 आई स 884:1985 1 पीस ₹ 53,000.00 ₹ 43,000.00 ₹ 120.00 सभी ₹ 0.00 0 ₹ 0.00 30122016"
83,1,"1 मीठिक 103 आई स 899:1971 ₹ 72,000.00 ₹ 58,000.00 ₹ 34.50 सभी ₹ 0.00 0 ₹ 0.00 13112017 टि 104 आई स 902:1992 1 पीस ₹ 65,000.00 ₹ 52,000.00 ₹ 11.00 सभी ₹ 0.00 0 ₹ 0.00 24082016 105 आई स 903:1993 1 पीस ₹ 56,000.00 ₹ 45,000.00 ₹ 1.90 सभी ₹ 0.00 0 ₹ 0.00 30122016 106 आई स 907:1984 1 पीस ₹ 61,000.00 ₹ 49,000.00 ₹ 6.40 सभी ₹ 0.00 0 ₹ 0.00 24082016 107 आई स 915:2012 1 फ् ास्क ₹ 52,000.00 ₹ 42,000.00 ₹ 1.05 सभी ₹ 0.00 0 ₹ 0.00 20122016 108 आई स 916:2000 100 ठटि ₹ 58,000.00 ₹ 47,000.00 ₹ 8.70 सभी ₹ 0.00 0 ₹ 0.00 20122016 109 आई स 928:1984 1 पीस ₹ 83,000.00 ₹ 67,000.00 ₹ 62.50 सभी ₹ 0.00 0 ₹ 0.00 30122016 110 आई स 952:2012 1 पीस ₹ 56,000.00 ₹ 45,000.00 ₹ 8.80 सभी ₹ 0.00 0 ₹ 0.00 24082016 111 आई स 996:2009 1 पीस ₹ 49,000.00 ₹ 40,000.00 ₹ 2.00 सभी ₹ 0.00 0 ₹ 0.00 30122016 112 आई स 1007:1984 1 ाक.र्ग्ा. ₹ 50,000.00 ₹ 40,000.00 ₹ 0.18 सभी ₹ 0.00 0 ₹ 0.00 20122016 113 आई स 1008:2004 1 ाक.र्ग्ा. ₹ 56,000.00 ₹ 45,000.00 ₹ 0.18 सभी ₹ 0.00 0 ₹ 0.00 20122016 114 आई स 1011:2002 1 टि ₹ 51,000.00 ₹ 41,000.00 ₹ 8.70 सभी ₹ 0.00 0 ₹ 0.00 20122016 115 आई स 1015:2000 100 बकेट ₹ 1,10,000.00 ₹ 88,000.00 ₹ 3.70 सभी ₹ 0.00 0 ₹ 0.00 06082017 1 मीठिक 116 आई स 1030:1998 ₹ 46,000.00 ₹ 37,000.00 ₹ 36.00 सभी ₹ 0.00 0 ₹ 0.00 24082016 टि 117 आई स 1038:1983 1 टि ₹ 53,000.00 ₹ 43,000.00 ₹ 17.30 सभी ₹ 0.00 0 ₹ 0.00 30122016 118 आई स 1051:1980 100 ीटर ₹ 61,000.00 ₹ 49,000.00 ₹ 34.50 सभी ₹ 0.00 0 ₹ 0.00 20122016 1 ाक ो 119 आई स 1061:2017 ₹ 72,000.00 ₹ 58,000.00 ₹ 43.20 सभी ₹ 0.00 0 ₹ 0.00 20122016 ीटर 120 आई स 1065:1989 कटि ₹ 50,000.00 ₹ 40,000.00 ₹ 8.60 सभी ₹ 0.00 0 ₹ 0.00 20122016 1 ाक ो 121 आई स 1069:1993 ₹ 53,000.00 ₹ 43,000.00 ₹ 6.00 सभी ₹ 0.00 0 ₹ 0.00 20122016 ीटर 122 आई स 1079:2017 1 टि ₹ 86,000.00 ₹ 69,000.00 ₹ 3.75 सभी ₹ 0.00 0 ₹ 0.00 06082017 123 आई स 1084:2005 क टि ₹ 46,000.00 ₹ 37,000.00 ₹ 86.00 सभी ₹ 0.00 0 ₹ 0.00 24082016 124 आई स 1109:1980 क टि ₹ 53,000.00 ₹ 43,000.00 ₹ 85.00 सभी ₹ 0.00 0 ₹ 0.00 20122016"
84,1,"125 आई स 1117:1975 100 पीस ₹ 53,000.00 ₹ 43,000.00 ₹ 13.80 सभी ₹ 0.00 0 ₹ 0.00 20122016 126 आई स 1144:1980 1 टि ₹ 75,000.00 ₹ 60,000.00 ₹ 9.60 सभी ₹ 0.00 0 ₹ 0.00 06082017 127 आई स 1155:1968 1 ाक.र्ग्ा. ₹ 54,000.00 ₹ 44,000.00 ₹ 0.10 सभी ₹ 0.00 0 ₹ 0.00 24012017 128 आई स 1159:1981 1 ाक.र्ग्ा. ₹ 46,000.00 ₹ 37,000.00 ₹ 0.10 सभी ₹ 0.00 0 ₹ 0.00 20122016 129 आई स 1161:2014 1 टि ₹ 46,000.00 ₹ 37,000.00 ₹ 8.70 सभी ₹ 0.00 0 ₹ 0.00 24082016 130 आई स 1165:2002 1 टि ₹ 80,000.00 ₹ 64,000.00 ₹ 40.00 सभी ₹ 0.00 0 ₹ 0.00 20122016 131 आई स 1166:1986 1 टि ₹ 79,000.00 ₹ 64,000.00 ₹ 34.50 सभी ₹ 0.00 0 ₹ 0.00 06082017 132 आई स 1170:1992 1 टि ₹ 46,000.00 ₹ 37,000.00 ₹ 91.30 सभी ₹ 0.00 0 ₹ 0.00 24082016 आई स 1180:भाग ₹ 133 1 केर्ी ₹ 1,42,000.00 ₹ 3.00 सभी ₹ 0.00 0 ₹ 0.00 24082016 1:2014 1,14,000.00 134 आई स 1221:1991 1 ीटर ₹ 59,000.00 ₹ 48,000.00 ₹ 0.17 सभी ₹ 0.00 0 ₹ 0.00 20122016 135 आई स 1223:2001 100 पीस ₹ 46,000.00 ₹ 37,000.00 ₹ 12.10 सभी ₹ 0.00 0 ₹ 0.00 24082016 136 आई स 1237:2012 10 र्ग.व मी ₹ 57,000.00 ₹ 46,000.00 ₹ 3.50 सभी ₹ 0.00 0 ₹ 0.00 30122016 आई स 1239:भाग 137 1 टि ₹ 75,000.00 ₹ 60,000.00 ₹ 8.70 सभी ₹ 0.00 0 ₹ 0.00 06082017 1:2004 आई स 1239:भाग 138 1 टि ₹ 46,000.00 ₹ 37,000.00 ₹ 43.20 सभी ₹ 0.00 0 ₹ 0.00 24082016 2:2011 139 आई स 1251:1988 1 टि ₹ 47,000.00 ₹ 38,000.00 ₹ 97.95 सभी ₹ 0.00 0 ₹ 0.00 20122016 ₹ 140 आई स 1258:2005 100 पीस ₹ 1,67,000.00 ₹ 2.60 सभी ₹ 0.00 0 ₹ 0.00 28072017 1,34,000.00 आई स 1269:भाग 141 100 मी. ₹ 60,000.00 ₹ 49,000.00 ₹ 0.32 सभी ₹ 0.00 0 ₹ 0.00 24082016 1:1997 आई स 1269:भाग 142 100 मी. ₹ 60,000.00 ₹ 49,000.00 ₹ 0.32 सभी ₹ 0.00 0 ₹ 0.00 24082016 2:1997 143 आई स 1293:2005 100 पीस ₹ 78,000.00 ₹ 63,000.00 ₹ 1.75 सभी ₹ 0.00 0 ₹ 0.00 30122016 144 आई स 1319:1983 क टि ₹ 64,000.00 ₹ 52,000.00 ₹ 24.00 सभी ₹ 0.00 0 ₹ 0.00 20122016 आई स 1321:भाग 145 क टि ₹ 46,000.00 ₹ 37,000.00 ₹ 86.00 सभी ₹ 0.00 0 ₹ 0.00 24082016 1:2003 146 आई स 1322:1993 100 मीटर ₹ 71,000.00 ₹ 57,000.00 ₹ 4.90 सभी ₹ 0.00 0 ₹ 0.00 28072017"
85,1,"147 आई स 1328:1996 1 र्ग व मीटर ₹ 66,000.00 ₹ 53,000.00 ₹ 0.55 सभी ₹ 0.00 0 ₹ 0.00 13112017 148 आई स 1341:1992 100 पीस ₹ 46,000.00 ₹ 37,000.00 ₹ 1.75 सभी ₹ 0.00 0 ₹ 0.00 30122016 आई स 1363:भाग 149 1 टि ₹ 59,000.00 ₹ 48,000.00 ₹ 26.00 सभी ₹ 0.00 0 ₹ 0.00 28072017 1:2002 आई स 1363:भाग 150 1 टि ₹ 59,000.00 ₹ 48,000.00 ₹ 26.00 सभी ₹ 0.00 0 ₹ 0.00 28072017 2:2002 आई स 1363:भाग 151 1 टि ₹ 59,000.00 ₹ 48,000.00 ₹ 26.00 सभी ₹ 0.00 0 ₹ 0.00 28072017 3:2002 आई स 1364:भाग 152 1 टि ₹ 46,000.00 ₹ 37,000.00 ₹ 26.00 सभी ₹ 0.00 0 ₹ 0.00 28072017 1:2002 153 आई स 1370:1993 10 र्ग.वमी. ₹ 46,000.00 ₹ 37,000.00 ₹ 3.50 सभी ₹ 0.00 0 ₹ 0.00 24082016 154 आई स 1374:2007 1 टि ₹ 46,000.00 ₹ 37,000.00 ₹ 5.20 सभी ₹ 0.00 0 ₹ 0.00 24082016 आई स 1381:भाग 155 1 पीस ₹ 50,000.00 ₹ 40,000.00 ₹ 0.25 सभी ₹ 0.00 0 ₹ 0.00 20122016 1:2003 100 र्ग व 156 आई स 1422:1983 ₹ 53,000.00 ₹ 43,000.00 ₹ 11.60 सभी ₹ 0.00 0 ₹ 0.00 20122016 मीटर 1 मीठिक 157 आई स 1470:2013 ₹ 46,000.00 ₹ 37,000.00 ₹ 6.00 सभी ₹ 0.00 0 ₹ 0.00 24082016 टि आई स 1475:भाग 158 1 पीस ₹ 46,000.00 ₹ 37,000.00 ₹ 17.30 सभी ₹ 0.00 0 ₹ 0.00 24082016 1:2001 159 आई स 1488:1989 क टि ₹ 57,000.00 ₹ 46,000.00 ₹ 285.00 सभी ₹ 0.00 0 ₹ 0.00 20122016 आई स 1489:भाग 160 1 टि ₹ 68,000.00 ₹ 55,000.00 ₹ 3.00 सभी ₹ 0.00 0 ₹ 0.00 30122016 1:2015 आई स 1489:भाग 161 1 टि ₹ 64,000.00 ₹ 45,000.00 ₹ 2.00 सभी ₹ 0.00 0 ₹ 0.00 24082016 2:2015 162 आई स 1507:1977 1 टि ₹ 49,000.00 ₹ 40,000.00 ₹ 196.00 सभी ₹ 0.00 0 ₹ 0.00 20122016 आई स 1534:भाग 163 क पीस ₹ 39,200.00 ₹ 32,200.00 ₹ 0.18 सभी ₹ 0.00 0 ₹ 0.00 1072006 1:1977 164 आई स 1536:2001 1 टि ₹ 85,000.00 ₹ 68,000.00 ₹ 8.70 सभी ₹ 0.00 0 ₹ 0.00 06082017 165 आई स 1537:1976 1 टि ₹ 46,000.00 ₹ 37,000.00 ₹ 8.70 सभी ₹ 0.00 0 ₹ 0.00 24082016 166 आई स 1538:1993 1 टि ₹ 62,000.00 ₹ 50,000.00 ₹ 41.35 सभी ₹ 0.00 0 ₹ 0.00 20122016"
86,1,"100 िीट का 167 आई स 1551:1991 ₹ 51,000.00 ₹ 41,000.00 ₹ 0.36 सभी ₹ 0.00 0 ₹ 0.00 20122016 1 ब क्स आई स ₹ 168 100 मीटर ₹ 1,85,000.00 ₹ 18.00 सभी ₹ 0.00 0 ₹ 0.00 28072017 1554:भाग1:1988 1,48,000.00 आई स 1554:भाग ₹ 169 100 मीटर ₹ 2,71,000.00 ₹ 184.00 सभी ₹ 0.00 0 ₹ 0.00 13112017 2:1988 2,17,000.00 170 आई स 1580:1991 1 टि ₹ 46,000.00 ₹ 37,000.00 ₹ 8.65 सभी ₹ 0.00 0 ₹ 0.00 24082016 171 आई स 1592:2003 1 टि ₹ 46,000.00 ₹ 37,000.00 ₹ 8.65 सभी ₹ 0.00 0 ₹ 0.00 24082016 172 आई स 1610:2000 1 पीस ₹ 73,000.00 ₹ 42,000.00 ₹ 1.75 सभी ₹ 0.00 0 ₹ 0.00 24082016 आई स 1626:भाग 173 1 टि ₹ 46,000.00 ₹ 37,000.00 ₹ 21.00 सभी ₹ 0.00 0 ₹ 0.00 2062017 2:1994 ₹ 174 आई स 1656:2007 कटि ₹ 1,33,000.00 ₹ 172.80 सभी ₹ 0.00 0 ₹ 0.00 20122016 1,07,000.00 175 आई स 1658:2006 1 टि ₹ 46,000.00 ₹ 37,000.00 ₹ 8.70 सभी ₹ 0.00 0 ₹ 0.00 24082016 176 आई स 1659:2004 1 र्ग.व मी ₹ 73,000.00 ₹ 59,000.00 ₹ 0.36 सभी ₹ 0.00 0 ₹ 0.00 30122016 177 आई स 1660:2009 1 टि ₹ 47,000.00 ₹ 38,000.00 ₹ 17.30 सभी ₹ 0.00 0 ₹ 0.00 30122016 178 आई स 1664:2002 1 टि ₹ 84,000.00 ₹ 68,000.00 ₹ 58.30 सभी ₹ 0.00 0 ₹ 0.00 20122016 179 आई स 1694:1994 1 ाक.र्ग्ा. ₹ 63,000.00 ₹ 51,000.00 ₹ 1.60 सभी ₹ 0.00 0 ₹ 0.00 20122016 180 आई स 1695:2014 1 ाक.र्ग्ा. ₹ 46,000.00 ₹ 37,000.00 ₹ 1.30 सभी ₹ 0.00 0 ₹ 0.00 24082016 181 आई स 1697:1994 1 ाक.र्ग्ा. ₹ 46,000.00 ₹ 37,000.00 ₹ 1.30 सभी ₹ 0.00 0 ₹ 0.00 24082016 182 आई स 1698:1994 1 ाक.र्ग्ा. ₹ 62,000.00 ₹ 50,000.00 ₹ 1.30 सभी ₹ 0.00 0 ₹ 0.00 20122016 183 आई स 1703:2000 1 पीस ₹ 57,000.00 ₹ 46,000.00 ₹ 0.40 सभी ₹ 0.00 0 ₹ 0.00 28072017 184 आई स 1709:1984 1 पीस ₹ 88,000.00 ₹ 72,000.00 ₹ 0.07 सभी ₹ 0.00 0 ₹ 0.00 24082016 185 आई स 1710:1989 1 पीस ₹ 63,000.00 ₹ 51,000.00 ₹ 20.00 2750 ₹ 10.00 िेि ₹ 0.00 24082016 186 आई स 1726:1991 1 टि ₹ 58,000.00 ₹ 47,000.00 ₹ 19.35 सभी ₹ 0.00 0 ₹ 0.00 30122016 187 आई स 1729:2002 1 टि ₹ 46,000.00 ₹ 37,000.00 ₹ 8.70 सभी ₹ 0.00 0 ₹ 0.00 24082016 188 आई स 1741:1960 क टि ₹ 66,000.00 ₹ 51,000.00 ₹ 86.00 सभी ₹ 0.00 0 ₹ 0.00 20122016"
87,1,"189 आई स 1746:1992 1 ाक.र्ग्ा. ₹ 76,000.00 ₹ 61,000.00 ₹ 0.26 सभी ₹ 0.00 0 ₹ 0.00 20122016 190 आई स 1759:1986 100 पीस ₹ 46,000.00 ₹ 37,000.00 ₹ 10.25 सभी ₹ 0.00 0 ₹ 0.00 28072017 आई स 1783:भाग 191 क ड्रम ₹ 46,000.00 ₹ 37,000.00 ₹ 0.35 सभी ₹ 0.00 0 ₹ 0.00 24082016 1:2014 आई स 1783:भाग 192 क ड्रम ₹ 60,000.00 ₹ 48,000.00 ₹ 1.80 सभी ₹ 0.00 0 ₹ 0.00 20122016 2:2014 193 आई स 1784:1998 100 पीस ₹ 46,000.00 ₹ 37,000.00 ₹ 3.50 सभी ₹ 0.00 0 ₹ 0.00 28072017 आई स 1785:भाग 194 1 टि ₹ 76,000.00 ₹ 61,000.00 ₹ 21.00 सभी ₹ 0.00 0 ₹ 0.00 30122016 1:1983 आई स 1785:भाग 195 1 टि ₹ 50,000.00 ₹ 40,000.00 ₹ 19.00 सभी ₹ 0.00 0 ₹ 0.00 30122016 2:1983 196 आई स 1786:2008 1 टि ₹ 46,000.00 ₹ 37,000.00 ₹ 3.00 सभी ₹ 0.00 0 ₹ 0.00 24082016 1 मीठिक 197 आई स 1804:2004 ₹ 46,000.00 ₹ 37,000.00 ₹ 21.00 सभी ₹ 0.00 0 ₹ 0.00 24082016 टि 198 आई स 1806:1975 1 टि ₹ 56,000.00 ₹ 45,000.00 ₹ 34.50 सभी ₹ 0.00 0 ₹ 0.00 20122016 199 आई स 1824:1978 100 ीटर ₹ 90,000.00 ₹ 72,000.00 ₹ 34.50 सभी ₹ 0.00 0 ₹ 0.00 20122016 200 आई स1825:1983 1 काि ₹ 62,000.00 ₹ 50,000.00 ₹ 2.10 सभी ₹ 0.00 0 ₹ 0.00 20122016 क ाक ो 201 आई स 1827:1989 ₹ 46,000.00 ₹ 37,000.00 ₹ 346.00 सभी ₹ 0.00 0 ₹ 0.00 24082016 ीटर 202 आई स 1832:1978 क टि ₹ 55,000.00 ₹ 44,000.00 ₹ 86.40 सभी ₹ 0.00 0 ₹ 0.00 20122016 203 आई स 1834:1984 1 टि ₹ 57,000.00 ₹ 46,000.00 ₹ 70.00 सभी ₹ 0.00 0 ₹ 0.00 17072017 आई स 1838:भाग 204 1 र्ग व मीटर ₹ 46,000.00 ₹ 37,000.00 ₹ 0.55 सभी ₹ 0.00 0 ₹ 0.00 24082016 1:1983 आई स 1838:भाग 205 1 र्ग वमीटर ₹ 46,000.00 ₹ 37,000.00 ₹ 0.40 सभी ₹ 0.00 0 ₹ 0.00 13072016 3:2011 206 आई स 1848:2007 1 टि ₹ 60,000.00 ₹ 48,000.00 ₹ 8.60 सभी ₹ 0.00 0 ₹ 0.00 06082017 207 आई स 1855:2003 1 टि ₹ 46,000.00 ₹ 37,000.00 ₹ 17.30 सभी ₹ 0.00 0 ₹ 0.00 24082016 208 आई स 1856:2005 1 टि ₹ 56,000.00 ₹ 45,000.00 ₹ 17.30 सभी ₹ 0.00 0 ₹ 0.00 28072017 209 आई स 1875:1992 1 टि ₹ 60,000.00 ₹ 48,000.00 ₹ 3.60 सभी ₹ 0.00 0 ₹ 0.00 20122016"
88,1,"210 आई स 1879:2010 1 टि ₹ 71,000.00 ₹ 57,000.00 ₹ 26.00 सभी ₹ 0.00 0 ₹ 0.00 06082017 211 आई स 1884:1993 1 पीस ₹ 58,000.00 ₹ 47,000.00 ₹ 0.36 सभी ₹ 0.00 0 ₹ 0.00 24082016 आई स 1891:भाग 1 मीठिक ₹ 212 ₹ 1,56,000.00 ₹ 300.00 सभी ₹ 0.00 0 ₹ 0.00 16022015 1:1994 टि 1,25,000.00 213 आई स 1912:1984 क टि ₹ 46,000.00 ₹ 37,000.00 ₹ 17.30 सभी ₹ 0.00 0 ₹ 0.00 24082016 1 मीठिक 214 आई स 1919:1982 ₹ 68,000.00 ₹ 56,000.00 ₹ 100.00 600 ₹ 50.00 600 ₹ 25.00 24082016 टि 215 आई स 1929:1982 1 टि ₹ 46,000.00 ₹ 37,000.00 ₹ 22.70 सभी ₹ 0.00 0 ₹ 0.00 24082016 216 आई स 1932:1986 1 टि ₹ 69,000.00 ₹ 56,000.00 ₹ 16.00 2000 ₹ 8.00 2000 ₹ 4.00 20122016 217 आई स 1943:1995 1 टि ₹ 55,000.00 ₹ 44,000.00 ₹ 17.30 सभी ₹ 0.00 0 ₹ 0.00 26122016 218 आई स 1970:1995 1 स्प्रेयर ₹ 83,000.00 ₹ 67,000.00 ₹ 9.60 सभी ₹ 0.00 0 ₹ 0.00 06082017 219 आई स 1971:1996 1 प प ₹ 67,000.00 ₹ 54,000.00 ₹ 5.00 सभी ₹ 0.00 0 ₹ 0.00 06082017 आई स 1989:भाग 220 1 जोडा ₹ 67,000.00 ₹ 54,000.00 ₹ 0.50 सभी ₹ 0.00 0 ₹ 0.00 20122016 1:1986 आई स 1989:भाग 221 1 जोडा ₹ 68,000.00 ₹ 55,000.00 ₹ 0.50 सभी ₹ 0.00 0 ₹ 0.00 20122016 2:1986 222 आई स 1993:2006 1 टि ₹ 51,000.00 ₹ 41,000.00 ₹ 4.95 सभी ₹ 0.00 0 ₹ 0.00 06082017 223 आई स 1997:2008 1 पीस ₹ 56,000.00 ₹ 45,000.00 ₹ 1.40 सभी ₹ 0.00 0 ₹ 0.00 20122016 224 आई स 2002:2009 1 टि ₹ 72,000.00 ₹ 58,000.00 ₹ 3.30 सभी ₹ 0.00 0 ₹ 0.00 06082017 225 आई स 2004:1991 1 टि ₹ 46,000.00 ₹ 37,000.00 ₹ 3.00 सभी ₹ 0.00 0 ₹ 0.00 24082016 226 आई स 2028:2004 1 पीस ₹ 52,000.00 ₹ 42,000.00 ₹ 0.20 सभी ₹ 0.00 0 ₹ 0.00 30122016 227 आई स 2029:1998 1 पीस ₹ 52,000.00 ₹ 42,000.00 ₹ 0.20 सभी ₹ 0.00 0 ₹ 0.00 30122016 10 ाक ो 228 आई स 2036:1995 ₹ 77,000.00 ₹ 64,000.00 ₹ 1.60 सभी ₹ 0.00 0 ₹ 0.00 24082016 र्ग्ाम आई स 2039:भाग 229 1 टि ₹ 74,000.00 ₹ 60,000.00 ₹ 12.35 सभी ₹ 0.00 0 ₹ 0.00 04072016 1 से 3:1991 1 मीठिक 230 आई स 2041:2009 ₹ 46,000.00 ₹ 37,000.00 ₹ 3.00 सभी ₹ 0.00 0 ₹ 0.00 24082016 टि"
89,1,"क र्ग व ₹ 231 आई स 2046:1995 ₹ 1,36,000.00 ₹ 0.60 सभी ₹ 0.00 0 ₹ 0.00 24082016 मीटर 1,20,000.00 232 आई स 2052:2009 1 टि ₹ 46,000.00 ₹ 37,000.00 ₹ 3.45 सभी ₹ 0.00 0 ₹ 0.00 24082016 233 आई स 2061:1995 100 पीस ₹ 46,000.00 ₹ 37,000.00 ₹ 3.50 सभी ₹ 0.00 0 ₹ 0.00 24082016 234 आई स 2062:2011 1 टि ₹ 62,000.00 ₹ 50,000.00 ₹ 3.00 सभी ₹ 0.00 0 ₹ 0.00 20122016 1 235 आई स 2074:भाग ीटर/ाक ो ₹ 84,000.00 ₹ 68,000.00 ₹ 0.26 सभी ₹ 0.00 0 ₹ 0.00 13112017 1:2015 र्ग्ाम 236 आई स 2076:1981 1 र्ग व मीटर ₹ 84,000.00 ₹ 68,000.00 ₹ 0.08 सभी ₹ 0.00 0 ₹ 0.00 01042015 ₹ 237 आई स 2082:1993 1 पीस ₹ 1,30,000.00 ₹ 6.00 सभी ₹ 0.00 0 ₹ 0.00 30122016 1,04,000.00 100 र्ग व 238 आई स 2089:1977 ₹ 65,000.00 ₹ 52,000.00 ₹ 8.60 सभी ₹ 0.00 0 ₹ 0.00 20122016 मीटर आई स 2095:भाग 239 1 टि ₹ 51,000.00 ₹ 41,000.00 ₹ 5.25 सभी ₹ 0.00 0 ₹ 0.00 21122016 1:2011 240 आई स 2096:1992 1 टि ₹ 46,000.00 ₹ 37,000.00 ₹ 10.00 सभी ₹ 0.00 0 ₹ 0.00 24082016 241 आई स 2097:2012 1 पीस ₹ 91,000.00 ₹ 76,000.00 ₹ 5.40 सभी ₹ 0.00 0 ₹ 0.00 2062017 242 आई स 2098:1997 1 टि ₹ 46,000.00 ₹ 37,000.00 ₹ 5.25 सभी ₹ 0.00 0 ₹ 0.00 24082016 243 आई स 2124:2000 1 टि ₹ 46,000.00 ₹ 37,000.00 ₹ 3.50 सभी ₹ 0.00 0 ₹ 0.00 24082016 244 आई स 2141:2000 1 टि ₹ 69,000.00 ₹ 56,000.00 ₹ 69.00 सभी ₹ 0.00 0 ₹ 0.00 30122016 245 आई स 2142:1992 1 टि ₹ 51,000.00 ₹ 41,000.00 ₹ 51.00 सभी ₹ 0.00 0 ₹ 0.00 20122016 आई स 2185:भाग 10 घि 246 ₹ 59,000.00 ₹ 48,000.00 ₹ 17.30 1000 ₹ 8.70 िेि ₹ 0.00 30122016 3:1984 मीटर आई स 247 1 टि ₹ 82,000.00 ₹ 75,000.00 ₹ 26.80 सभी ₹ 0.00 0 ₹ 0.00 24082016 2185:भाग1:2005 आई स 2202:भाग 248 1 र्ग व मीटर ₹ 88,000.00 ₹ 71,000.00 ₹ 0.90 सभी ₹ 0.00 0 ₹ 0.00 13112017 1:1999 249 आई स 2215:2006 1000 पीस ₹ 46,000.00 ₹ 37,000.00 ₹ 10.40 सभी ₹ 0.00 0 ₹ 0.00 24082016 250 आई स 2257:1989 1 ीटर ₹ 46,000.00 ₹ 37,000.00 ₹ 0.18 सभी ₹ 0.00 0 ₹ 0.00 24082016"
90,1,"251 आई स 2266:2002 1 टि ₹ 75,000.00 ₹ 60,000.00 ₹ 34.10 सभी ₹ 0.00 0 ₹ 0.00 13112017 252 आई स 2312:1967 1 पीस ₹ 96,000.00 ₹ 77,000.00 ₹ 2.20 सभी ₹ 0.00 0 ₹ 0.00 30122016 1 ीटर/ 253 आई स 2339:2013 ₹ 46,000.00 ₹ 37,000.00 ₹ 0.26 सभी ₹ 0.00 0 ₹ 0.00 24082016 ाक ो र्ग्ाम 254 आई स 2347:2017 1 पीस ₹ 46,000.00 ₹ 37,000.00 ₹ 0.87 सभी ₹ 0.00 0 ₹ 0.00 24082016 255 आई स 2358:1984 क टि ₹ 46,000.00 ₹ 37,000.00 ₹ 255.60 सभी ₹ 0.00 0 ₹ 0.00 20122016 256 आई स 2365:1977 1 टि ₹ 68,000.00 ₹ 55,000.00 ₹ 34.60 सभी ₹ 0.00 0 ₹ 0.00 13112017 257 आई स 2373:1981 1 पीस ₹ 46,000.00 ₹ 37,000.00 ₹ 17.30 सभी ₹ 0.00 0 ₹ 0.00 24082016 आई स 2386:भाग 258 1 पीस ₹ 46,000.00 ₹ 37,000.00 ₹ 3.50 सभी ₹ 0.00 0 ₹ 0.00 24082016 3:1963 259 आई स 2396:1988 100 मीटर ₹ 64,000.00 ₹ 52,000.00 ₹ 25.90 सभी ₹ 0.00 0 ₹ 0.00 20122016 260 आई स 2403:2014 100 पीस ₹ 50,000.00 ₹ 40,000.00 ₹ 1.75 सभी ₹ 0.00 0 ₹ 0.00 30122016 261 आई स 2404:1993 1 टि ₹ 64,000.00 ₹ 52,000.00 ₹ 20.70 सभी ₹ 0.00 0 ₹ 0.00 20122016 262 आई स 2414:2005 100 पीस ₹ 73,000.00 ₹ 59,000.00 ₹ 14.60 सभी ₹ 0.00 0 ₹ 0.00 17072017 263 आई स2415:2015 100 पीस ₹ 46,000.00 ₹ 37,000.00 ₹ 1.75 सभी ₹ 0.00 0 ₹ 0.00 24082016 आई स 2418:भाग 264 1 पीस ₹ 80,000.00 ₹ 60,000.00 ₹ 0.06 सभी ₹ 0.00 0 ₹ 0.00 24082016 1:1977 265 आई स 2465:1984 100 मीटर ₹ 46,000.00 ₹ 37,000.00 ₹ 0.42 सभी ₹ 0.00 0 ₹ 0.00 24082016 आई स 2494:भाग 266 100 पीस ₹ 51,000.00 ₹ 41,000.00 ₹ 3.50 सभी ₹ 0.00 0 ₹ 0.00 30122016 1:1994 267 आई स 2508:1984 1 ाक.र्ग्ा. ₹ 46,000.00 ₹ 37,000.00 ₹ 0.18 सभी ₹ 0.00 0 ₹ 0.00 24082016 268 आई स 2512:1978 1 पीस ₹ 46,000.00 ₹ 37,000.00 ₹ 0.18 सभी ₹ 0.00 0 ₹ 0.00 24082016 269 आई स 2546:1974 1 पीस ₹ 56,000.00 ₹ 45,000.00 ₹ 1.70 सभी ₹ 0.00 0 ₹ 0.00 28072017 आई स 2547:भाग 270 1 टि ₹ 82,000.00 ₹ 66,000.00 ₹ 5.00 सभी ₹ 0.00 0 ₹ 0.00 30122016 1:1976 आई स 2548:भाग 271 1 पीस ₹ 61,000.00 ₹ 49,000.00 ₹ 0.90 सभी ₹ 0.00 0 ₹ 0.00 28072017 2:1996 272 आई स 2552:1989 क पीस ₹ 46,000.00 ₹ 37,000.00 ₹ 0.18 सभी ₹ 0.00 0 ₹ 0.00 24082016"
91,1,"आई स 2553:भाग 273 1 र्ग व मीटर ₹ 46,000.00 ₹ 37,000.00 ₹ 0.54 सभी ₹ 0.00 0 ₹ 0.00 06082017 1:1990 आई स 2553:भाग 274 1 र्ग व मीटर ₹ 65,000.00 ₹ 53,000.00 ₹ 0.90 सभी ₹ 0.00 0 ₹ 0.00 2062017 2:1992 275 आई स 2556:1994 1 टि ₹ 57,000.00 ₹ 46,000.00 ₹ 36.00 सभी ₹ 0.00 0 ₹ 0.00 24082016 आई स 2556:भाग 276 1 टि ₹ 46,000.00 ₹ 37,000.00 ₹ 14.00 सभी ₹ 0.00 0 ₹ 0.00 24082016 1:1994 आई स 277 1 टि ₹ 46,000.00 ₹ 37,000.00 ₹ 14.00 सभी ₹ 0.00 0 ₹ 0.00 30082017 2556:भाग5:1994 आई स 2556:भाग 278 1 टि ₹ 46,000.00 ₹ 37,000.00 ₹ 14.00 सभी ₹ 0.00 0 ₹ 0.00 30082017 6:1995 आई स 2556:भाग 279 1 टि ₹ 46,000.00 ₹ 37,000.00 ₹ 14.00 सभी ₹ 0.00 0 ₹ 0.00 30082017 7:1995 आई स 2556:भाग 280 1 टि ₹ 46,000.00 ₹ 37,000.00 ₹ 14.00 सभी ₹ 0.00 0 ₹ 0.00 30082017 14:1995 आई स 2556:भाग 281 1 टि ₹ 46,000.00 ₹ 37,000.00 ₹ 14.00 सभी ₹ 0.00 0 ₹ 0.00 30082017 16:2002 आई स 2556:भाग 282 1 टि ₹ 46,000.00 ₹ 37,000.00 ₹ 14.00 सभी ₹ 0.00 0 ₹ 0.00 30082017 2:2004 आई स 2556:भाग 283 1 टि ₹ 52,000.00 ₹ 42,000.00 ₹ 36.00 सभी ₹ 0.00 0 ₹ 0.00 24082016 3:2004 आई स 2556:भाग 284 1 टि ₹ 46,000.00 ₹ 37,000.00 ₹ 14.00 सभी ₹ 0.00 0 ₹ 0.00 30082017 4:2004 आई स 2556:भाग 285 1 टि ₹ 46,000.00 ₹ 37,000.00 ₹ 14.00 सभी ₹ 0.00 0 ₹ 0.00 30082017 8:2004 आई स 2556:भाग 286 1 टि ₹ 46,000.00 ₹ 37,000.00 ₹ 14.00 सभी ₹ 0.00 0 ₹ 0.00 30082017 9:2004 आई स 2556:भाग 287 1 टि ₹ 46,000.00 ₹ 37,000.00 ₹ 14.00 सभी ₹ 0.00 0 ₹ 0.00 30082017 15:2004 आई स 2556:भाग 288 1 टि ₹ 46,000.00 ₹ 37,000.00 ₹ 14.00 सभी ₹ 0.00 0 ₹ 0.00 13112017 17:2004 289 आई स 2557:1994 क ाक.र्ग्ा. ₹ 56,000.00 ₹ 45,000.00 ₹ 0.80 सभी ₹ 0.00 0 ₹ 0.00 06082017 290 आई स 2558:1994 1 ाक.र्ग्ा. ₹ 65,000.00 ₹ 50,000.00 ₹ 1.30 सभी ₹ 0.00 0 ₹ 0.00 20122016"
92,1,"291 आई स 2566:1993 1 टि ₹ 63,000.00 ₹ 51,000.00 ₹ 17.30 सभी ₹ 0.00 0 ₹ 0.00 26122016 292 आई स 2567:1978 100 ीटर ₹ 52,000.00 ₹ 42,000.00 ₹ 34.50 सभी ₹ 0.00 0 ₹ 0.00 20122016 293 आई स 2568:1978 1 टि ₹ 51,000.00 ₹ 41,000.00 ₹ 60.00 सभी ₹ 0.00 0 ₹ 0.00 20122016 294 आई स 2569:1978 1 टि ₹ 64,000.00 ₹ 52,000.00 ₹ 160.00 सभी ₹ 0.00 0 ₹ 0.00 20122016 295 आई स 2573:1986 1 जोड े ₹ 68,000.00 ₹ 55,000.00 ₹ 0.20 सभी ₹ 0.00 0 ₹ 0.00 13112017 296 आई स 2581:2002 1 टि ₹ 46,000.00 ₹ 37,000.00 ₹ 34.60 सभी ₹ 0.00 0 ₹ 0.00 24082016 297 आई स 2593:1984 100 मी. ₹ 79,000.00 ₹ 64,000.00 ₹ 18.80 सभी ₹ 0.00 0 ₹ 0.00 30122016 298 आई स 2596:2004 100 पीस ₹ 46,000.00 ₹ 37,000.00 ₹ 1.75 सभी ₹ 0.00 0 ₹ 0.00 24082016 299 आई स 2619:1993 1 पीस ₹ 55,000.00 ₹ 44,000.00 ₹ 0.16 सभी ₹ 0.00 0 ₹ 0.00 20122016 300 आई स 2641:1989 I पीस ₹ 55,000.00 ₹ 44,000.00 ₹ 1.00 सभी ₹ 0.00 0 ₹ 0.00 30122016 301 आई स 2645:2003 1 टि ₹ 70,000.00 ₹ 56,000.00 ₹ 70.00 सभी ₹ 0.00 0 ₹ 0.00 13112017 10000 302 आई स 2653:2004 ₹ 48,000.00 ₹ 39,000.00 ₹ 8.00 सभी ₹ 0.00 0 ₹ 0.00 20122016 ब क्स 303 आई स 2681:1993 1 पीस ₹ 46,000.00 ₹ 37,000.00 ₹ 0.27 सभी ₹ 0.00 0 ₹ 0.00 28072017 304 आई स 2692:1989 1 पीस ₹ 46,000.00 ₹ 37,000.00 ₹ 0.55 सभी ₹ 0.00 0 ₹ 0.00 24082016 आई स 2705:भाग 305 1 पीस ₹ 46,000.00 ₹ 37,000.00 ₹ 7.00 सभी ₹ 0.00 0 ₹ 0.00 24082016 2:1992 1000 ाक ो 306 आई स 2712:1998 ₹ 65,000.00 ₹ 53,000.00 ₹ 4.40 सभी ₹ 0.00 0 ₹ 0.00 24082016 र्ग्ाम आई स 2713:भाग 307 1 पीस ₹ 46,000.00 ₹ 37,000.00 ₹ 3.50 सभी ₹ 0.00 0 ₹ 0.00 24082016 1 to 3:1980 10 र्ग व 308 आई स 2721:2003 ₹ 67,000.00 ₹ 54,000.00 ₹ 1.80 सभी ₹ 0.00 0 ₹ 0.00 28072017 मीटर 309 आई स 2730:1977 1 टि ₹ 50,000.00 ₹ 40,000.00 ₹ 25.00 सभी ₹ 0.00 0 ₹ 0.00 20122016 310 आई स 2745:1983 1 पीस ₹ 55,000.00 ₹ 44,000.00 1.2 सभी ₹ 0.00 0 ₹ 0.00 13112017 311 आई स 2785:1979 1 टि ₹ 50,000.00 ₹ 40,000.00 ₹ 34.50 सभी ₹ 0.00 0 ₹ 0.00 20122016 312 आई स 2791:1992 1 ाक.र्ग्ा. ₹ 46,000.00 ₹ 37,000.00 ₹ 0.26 सभी ₹ 0.00 0 ₹ 0.00 24082016"
93,1,"313 आई स 2802:1964 100 ीटर ₹ 46,000.00 ₹ 37,000.00 ₹ 10.00 सभी ₹ 0.00 0 ₹ 0.00 24082016 314 आई स 2830:2012 1 टि ₹ 49,000.00 ₹ 40,000.00 ₹ 3.00 सभी ₹ 0.00 0 ₹ 0.00 20122016 315 आई स 2831:2012 1 टि ₹ 56,000.00 ₹ 45,000.00 ₹ 3.00 सभी ₹ 0.00 0 ₹ 0.00 06082017 316 आई स 2871:2012 1 पीस ₹ 93,000.00 ₹ 73,000.00 ₹ 4.20 सभी ₹ 0.00 0 ₹ 0.00 28072017 317 आई स 2878:2004 1 पीस ₹ 71,000.00 ₹ 57,000.00 ₹ 18.00 सभी ₹ 0.00 0 ₹ 0.00 28072017 318 आई स 2879:1998 1 टि ₹ 46,000.00 ₹ 37,000.00 ₹ 3.00 सभी ₹ 0.00 0 ₹ 0.00 24082016 319 आई स 2888:2004 1 टि ₹ 54,000.00 ₹ 44,000.00 ₹ 540.00 सभी ₹ 0.00 0 ₹ 0.00 06082017 320 आई स 2923:1995 1 ाक.र्ग्ा. ₹ 65,000.00 ₹ 52,000.00 ₹ 1.45 सभी ₹ 0.00 0 ₹ 0.00 20122016 321 आई स 2925:1984 1 पीस ₹ 70,000.00 ₹ 56,000.00 ₹ 0.36 सभी ₹ 0.00 0 ₹ 0.00 30122016 आई स 322 1 ीटर ₹ 81,000.00 ₹ 65,000.00 ₹ 0.26 सभी ₹ 0.00 0 ₹ 0.00 20122016 2932:भाग1:2013 आई स 2933:भाग 323 1 ीटर ₹ 68,000.00 ₹ 55,000.00 ₹ 0.27 सभी ₹ 0.00 0 ₹ 0.00 20122016 1:2013 324 आई स 2980:1999 1 पीस ₹ 60,000.00 ₹ 48,000.00 ₹ 0.27 सभी ₹ 0.00 0 ₹ 0.00 28072017 325 आई स 2993:1998 1 पीस ₹ 46,000.00 ₹ 37,000.00 ₹ 0.90 सभी ₹ 0.00 0 ₹ 0.00 24082016 326 आई स 2997:1964 1 पीस ₹ 65,000.00 ₹ 53,000.00 ₹ 7.20 सभी ₹ 0.00 0 ₹ 0.00 24082016 327 आई स 3017:1985 1 पीस ₹ 90,000.00 ₹ 72,000.00 ₹ 0.55 सभी ₹ 0.00 0 ₹ 0.00 30122016 क मीठिक 328 आई स 3024:2015 ₹ 59,000.00 ₹ 48,000.00 ₹ 17.50 सभी ₹ 0.00 0 ₹ 0.00 24082016 टि आई स 3055:भाग 329 1 पीस ₹ 59,000.00 ₹ 48,000.00 ₹ 0.40 सभी ₹ 0.00 0 ₹ 0.00 30122016 1:1994 आई स 3055:भाग 330 1 पीस ₹ 59,000.00 ₹ 48,000.00 ₹ 0.50 सभी ₹ 0.00 0 ₹ 0.00 30122016 2:2004 331 आई स 3062:1995 1 स्प्रेयर ₹ 63,000.00 ₹ 51,000.00 ₹ 4.60 सभी ₹ 0.00 0 ₹ 0.00 06082017 332 आई स 3074:2013 कटि ₹ 70,000.00 ₹ 56,000.00 ₹ 8.70 सभी ₹ 0.00 0 ₹ 0.00 04072016 333 आई स 3087:2005 1 र्ग व मीटर ₹ 99,000.00 ₹ 80,000.00 ₹ 0.20 सभी ₹ 0.00 0 ₹ 0.00 13112017 334 आई स 3097:2006 1 र्ग व मीटर ₹ 46,000.00 ₹ 37,000.00 ₹ 0.20 सभी ₹ 0.00 0 ₹ 0.00 24082016"
94,1,"आई स 3099:भाग 335 500 पीस ₹ 46,000.00 ₹ 37,000.00 ₹ 1.75 सभी ₹ 0.00 0 ₹ 0.00 30122016 1 to 2:1992 आई स 3104:भाग 336 1 पीस ₹ 46,000.00 ₹ 37,000.00 ₹ 0.36 सभी ₹ 0.00 0 ₹ 0.00 24082016 1:1982 337 आई स3118:1978 1 पीस ₹ 1,07,000.00 ₹ 86,000.00 ₹ 26.00 सभी ₹ 0.00 0 ₹ 0.00 30122016 338 आई स 3119:1978 1 पीस ₹ 1,08,000.00 ₹ 87,000.00 ₹ 26.00 सभी ₹ 0.00 0 ₹ 0.00 30122016 ₹ 339 आई स 3181:1992 1 र्ग व मीटर ₹ 1,49,000.00 ₹ 0.85 सभी ₹ 0.00 0 ₹ 0.00 26052016 1,20,000.00 आई स/आई सO 340 1 टि ₹ 46,000.00 ₹ 37,000.00 ₹ 8.70 सभी ₹ 0.00 0 ₹ 0.00 24082016 3183:2007 341 आई स 3183:2007 1 टि ₹ 46,000.00 ₹ 37,000.00 ₹ 8.70 सभी ₹ 0.00 0 ₹ 0.00 24082016 आई स 3196:भाग 342 1 पीस ₹ 1,36,000.00 ₹ 98,000.00 ₹ 27.20 सभी ₹ 0.00 0 ₹ 0.00 13112017 4:2001 आई स 3196:भाग 343 1 पीस ₹ 1,36,000.00 ₹ 96,000.00 ₹ 3.50 50000 ₹ 2.65 िेि ₹ 0.00 28072017 2:2006 आई स 3196:भाग 344 1 पीस ₹ 1,36,000.00 ₹ 96,000.00 ₹ 3.50 50000 ₹ 2.65 िेि ₹ 0.00 28072017 1:2013 345 आई स 3224:2002 1 पीस ₹ 1,03,000.00 ₹ 83,000.00 ₹ 1.60 सभी ₹ 0.00 0 ₹ 0.00 30122016 2800 2800 346 आई स 3308:1981 1घि मीटर ₹ 65,400.00 ₹ 55,600.00 ₹ 240.00 ₹ 12.00 ₹ 6.00 इकाई इकाई 347 आई स 3309:1992 1 ाक.र्ग्ा. ₹ 46,000.00 ₹ 37,000.00 ₹ 0.26 सभी ₹ 0.00 0 ₹ 0.00 24082016 348 आई स 3319:1995 1000 पीस ₹ 71,000.00 ₹ 57,000.00 ₹ 10.40 सभी ₹ 0.00 0 ₹ 0.00 28072017 349 आई स 3323:1980 100 पीस ₹ 46,000.00 ₹ 37,000.00 ₹ 3.50 सभी ₹ 0.00 0 ₹ 0.00 24082016 350 आई स 3327:1982 1 पेडी थ्रेिर ₹ 46,000.00 ₹ 37,000.00 ₹ 6.80 सभी ₹ 0.00 0 ₹ 0.00 24082016 351 आई स 3383:1982 ₹ 54,000.00 ₹ 44,000.00 ₹ 45.00 सभी ₹ 0.00 0 ₹ 0.00 20122016 क टि 352 आई स 3390:1988 1 मीटर ₹ 72,000.00 ₹ 58,000.00 ₹ 3.50 सभी ₹ 0.00 0 ₹ 0.00 30122016 353 आई स 3419:1988 100 पीस ₹ 81,000.00 ₹ 65,000.00 ₹ 1.15 सभी ₹ 0.00 0 ₹ 0.00 30122016 354 आई स 3443:1980 1 टि ₹ 46,000.00 ₹ 37,000.00 ₹ 8.75 सभी ₹ 0.00 0 ₹ 0.00 02062017 100 िीट का 355 आई स 3450:1994 ₹ 46,000.00 ₹ 37,000.00 ₹ 0.36 सभी ₹ 0.00 0 ₹ 0.00 24082016 1 ब क्स"
95,1,"356 आई स 3459:2004 1 टि ₹ 71,000.00 ₹ 59,000.00 ₹ 28.75 सभी ₹ 0.00 0 ₹ 0.00 27122016 357 आई स 3462:1986 1 र्ग व मीटर ₹ 46,000.00 ₹ 37,000.00 ₹ 0.22 सभी ₹ 0.00 0 ₹ 0.00 24082016 358 आई स 3466:1988 1 टि ₹ 64,000.00 ₹ 45,000.00 ₹ 2.00 सभी ₹ 0.00 0 ₹ 0.00 24082016 क ाक ो 359 आई स 3470:2002 ₹ 46,000.00 ₹ 37,000.00 ₹ 2.20 10000 ₹ 1.73 िेि ₹ 0.00 24082016 ीटर 360 आई स 3502:2009 1 टि ₹ 46,000.00 ₹ 37,000.00 ₹ 3.00 सभी ₹ 0.00 0 ₹ 0.00 24082016 आई स 3513:भाग 361 1 र्ग व मीटर ₹ 71,000.00 ₹ 59,000.00 ₹ 3.50 सभी ₹ 0.00 0 ₹ 0.00 24082016 3:1989 362 आई स 3521:1999 1 पीस ₹ 46,000.00 ₹ 37,000.00 ₹ 0.90 सभी ₹ 0.00 0 ₹ 0.00 24082016 363 आई स 3549:1983 100 मीटर ₹ 89,000.00 ₹ 72,000.00 ₹ 161.80 सभी ₹ 0.00 0 ₹ 0.00 20122016 364 आई स 3564:1995 1 पीस ₹ 84,000.00 ₹ 68,000.00 ₹ 2.60 सभी ₹ 0.00 0 ₹ 0.00 28072017 365 आई स 3575:1993 क पीस ₹ 49,000.00 ₹ 40,000.00 ₹ 0.30 सभी ₹ 0.00 0 ₹ 0.00 28072017 366 आई स 3589:2001 1 टि ₹ 46,000.00 ₹ 37,000.00 ₹ 8.70 सभी ₹ 0.00 0 ₹ 0.00 24082016 367 आई स 3601:2006 1 टि ₹ 73,000.00 ₹ 59,000.00 ₹ 8.70 सभी ₹ 0.00 0 ₹ 0.00 06082017 368 आई स 3623:1978 1 टि ₹ 46,000.00 ₹ 37,000.00 ₹ 26.00 सभी ₹ 0.00 0 ₹ 0.00 24082016 369 आई स3626:2001 1 टि ₹ 46,000.00 ₹ 37,000.00 ₹ 87.00 सभी ₹ 0.00 0 ₹ 0.00 20062017 370 आई स 3650:1981 1 पीस ₹ 46,000.00 ₹ 37,000.00 ₹ 0.32 सभी ₹ 0.00 0 ₹ 0.00 24082016 371 आई स 3652:1995 ₹ 46,000.00 ₹ 37,000.00 ₹ 3.40 सभी ₹ 0.00 0 ₹ 0.00 24082016 1 स्प्रेयर 372 आई स 3686:1966 1 पीस ₹ 46,000.00 ₹ 37,000.00 ₹ 3.50 सभी ₹ 0.00 0 ₹ 0.00 24082016 373 आई स 3725:1966 1 ाक.र्ग्ा. ₹ 48,000.00 ₹ 39,000.00 ₹ 1.75 सभी ₹ 0.00 0 ₹ 0.00 30122016 374 आई स 3735:1996 1 जोडा ₹ 46,000.00 ₹ 37,000.00 ₹ 0.36 सभी ₹ 0.00 0 ₹ 0.00 24082016 375 आई स 3736:1995 1 जोडा ₹ 72,000.00 ₹ 58,000.00 ₹ 1.20 सभी ₹ 0.00 0 ₹ 0.00 20122016 376 आई स 3745:2006 1 पीस ₹ 55,000.00 ₹ 44,000.00 ₹ 0.42 सभी ₹ 0.00 0 ₹ 0.00 30122016 377 आई स 3757:1985 1 टि ₹ 48,000.00 ₹ 39,000.00 ₹ 13.35 सभी ₹ 0.00 0 ₹ 0.00 09092016 378 आई स 3768:1996 1 मीटर ₹ 79,000.00 ₹ 63,200.00 ₹ 3.17 सभी ₹ 0.00 0 ₹ 0.00 19012016"
96,1,"आई स 3812:भाग ₹ 379 1 टि ₹ 1,25,000.00 ₹ 9.20 सभी ₹ 0.00 0 ₹ 0.00 28072017 1:2013 1,00,000.00 380 आई स 3818:1992 100 पीस ₹ 46,000.00 ₹ 37,000.00 ₹ 8.65 सभी ₹ 0.00 0 ₹ 0.00 30122016 आई स 3829:भाग 381 1 पीस ₹ 46,000.00 ₹ 37,000.00 ₹ 103.70 सभी ₹ 0.00 0 ₹ 0.00 24082016 2:1978 आई स 3829:भाग 382 1 पीस ₹ 46,000.00 ₹ 37,000.00 ₹ 103.70 सभी ₹ 0.00 0 ₹ 0.00 24082016 3:1985 आई स 3829:भाग 383 1 पीस ₹ 46,000.00 ₹ 37,000.00 ₹ 103.70 सभी ₹ 0.00 0 ₹ 0.00 24082016 1:1999 384 आई स 3830:1979 1 पीस ₹ 51,000.00 ₹ 41,000.00 ₹ 140.00 सभी ₹ 0.00 0 ₹ 0.00 28072017 385 आई स 3831:1979 1 पीस ₹ 46,000.00 ₹ 37,000.00 ₹ 1.75 सभी ₹ 0.00 0 ₹ 0.00 24082016 386 आई स 3832:2005 1 पीस ₹ 46,000.00 ₹ 37,000.00 ₹ 17.30 सभी ₹ 0.00 0 ₹ 0.00 24082016 387 आई स 3854:1997 100 पीस ₹ 69,000.00 ₹ 56,000.00 ₹ 3.50 सभी ₹ 0.00 0 ₹ 0.00 30122016 388 आई स 3899:1981 1 टि ₹ 58,000.00 ₹ 47,000.00 ₹ 193.35 सभी ₹ 0.00 0 ₹ 0.00 20122016 389 आई स 3902:1975 क टि ₹ 58,000.00 ₹ 47,000.00 ₹ 172.80 सभी ₹ 0.00 0 ₹ 0.00 20122016 390 आई स 3903:1984 100 ीटर ₹ 51,000.00 ₹ 41,000.00 ₹ 34.50 सभी ₹ 0.00 0 ₹ 0.00 20122016 391 आई स 3906:1995 क स्प्रेयर ₹ 53,000.00 ₹ 43,000.00 ₹ 3.45 सभी ₹ 0.00 0 ₹ 0.00 20122016 392 आई स 3975:1999 1 टि ₹ 49,000.00 ₹ 40,000.00 ₹ 10.40 सभी ₹ 0.00 0 ₹ 0.00 20122016 393 आई स 3976:2003 1 जोडा ₹ 46,000.00 ₹ 37,000.00 ₹ 0.42 सभी ₹ 0.00 0 ₹ 0.00 24082016 394 आई स 3989:2009 1 टि ₹ 61,000.00 ₹ 49,000.00 ₹ 8.70 सभी ₹ 0.00 0 ₹ 0.00 06082017 395 आई स 3992:1982 1 पीस ₹ 46,000.00 ₹ 37,000.00 ₹ 0.30 सभी ₹ 0.00 0 ₹ 0.00 13112017 396 आई स 3993:1993 1 पीस ₹ 46,000.00 ₹ 37,000.00 ₹ 1.40 सभी ₹ 0.00 0 ₹ 0.00 13112017 आई स 4003:भाग 397 1 पीस ₹ 53,000.00 ₹ 43,000.00 ₹ 0.36 सभी ₹ 0.00 0 ₹ 0.00 28072017 1:1978 आई स 4003:भाग 398 1 पीस ₹ 59,000.00 ₹ 48,000.00 ₹ 5.25 सभी ₹ 0.00 0 ₹ 0.00 28072017 2:1986 399 आई स 4035:1967 1 बेड ₹ 51,000.00 ₹ 41,000.00 ₹ 3.40 सभी ₹ 0.00 0 ₹ 0.00 09062016 400 आई स 4038:1986 1 पीस ₹ 46,000.00 ₹ 37,000.00 ₹ 1.75 सभी ₹ 0.00 0 ₹ 0.00 24082016"
97,1,"401 आई स 4109:1967 100 पीस ₹ 46,000.00 ₹ 37,000.00 ₹ 59.00 सभी ₹ 0.00 0 ₹ 0.00 28072017 402 आई स 4123:1982 1 पीस ₹ 53,000.00 ₹ 43,000.00 ₹ 5.25 सभी ₹ 0.00 0 ₹ 0.00 17072017 100 र्ग.व 403 आई स 4135:1974 ₹ 65,000.00 ₹ 53,000.00 ₹ 28.80 सभी ₹ 0.00 0 ₹ 0.00 24082016 मीटर 404 आई स 4148:1989 100 जोड े ₹ 46,000.00 ₹ 37,000.00 ₹ 1.74 सभी ₹ 0.00 0 ₹ 0.00 24082016 405 आई स 4151:1993 1 पीस ₹ 46,000.00 ₹ 37,000.00 ₹ 0.45 सभी ₹ 0.00 0 ₹ 0.00 24082016 406 आई स 4159:2002 1 पीस ₹ 81,000.00 ₹ 65,000.00 ₹ 1.75 सभी ₹ 0.00 0 ₹ 0.00 30122016 मीटर 407 आई स 4199:2001 ₹ 46,000.00 ₹ 37,000.00 ₹ 43.20 सभी ₹ 0.00 0 ₹ 0.00 24082016 क ाक ो 408 आई स 4246:2002 1 पीस ₹ 1,13,000.00 ₹ 91,000.00 ₹ 3.50 सभी ₹ 0.00 0 ₹ 0.00 13112017 409 आई स 4250:1980 1 पीस ₹ 79,000.00 ₹ 64,000.00 ₹ 3.50 सभी ₹ 0.00 0 ₹ 0.00 30122016 410 आई स 4266:1967 1 पीस ₹ 46,000.00 ₹ 37,000.00 ₹ 2.50 सभी ₹ 0.00 0 ₹ 0.00 24082016 411 आई स 4270:2001 1 टि ₹ 71,000.00 ₹ 57,000.00 ₹ 8.70 सभी ₹ 0.00 0 ₹ 0.00 20122016 412 आई स 4283:1981 1 पीस ₹ 89,000.00 ₹ 72,000.00 ₹ 1.75 सभी ₹ 0.00 0 ₹ 0.00 30122016 413 आई स 4308:2003 1 ाक.र्ग्ा. ₹ 61,000.00 ₹ 49,000.00 ₹ 0.20 सभी ₹ 0.00 0 ₹ 0.00 30122016 414 आई स 4320:1982 1 टि ₹ 48,000.00 ₹ 39,000.00 ₹ 250.00 सभी ₹ 0.00 0 ₹ 0.00 20122016 415 आई स 4328:1967 1 पीस ₹ 46,000.00 ₹ 37,000.00 ₹ 3.50 सभी ₹ 0.00 0 ₹ 0.00 24082016 416 आई स 4351:2003 1 टि ₹ 56,000.00 ₹ 45,000.00 ₹ 137.50 सभी ₹ 0.00 0 ₹ 0.00 28072017 417 आई स 4355:1977 1 र्ग व मीटर ₹ 46,000.00 ₹ 37,000.00 ₹ 0.07 सभी ₹ 0.00 0 ₹ 0.00 24082016 418 आई स 4375:1975 100 िंबर ₹ 46,000.00 ₹ 37,000.00 ₹ 2.75 सभी ₹ 0.00 0 ₹ 0.00 24082016 419 आई स 4381:1967 1 पीस ₹ 46,000.00 ₹ 37,000.00 ₹ 8.70 सभी ₹ 0.00 0 ₹ 0.00 24082016 420 आई स 4398:1994 क टि ₹ 70,000.00 ₹ 56,000.00 ₹ 5.85 सभी ₹ 0.00 0 ₹ 0.00 06092016 421 आई स 4432:1988 1 टि ₹ 46,000.00 ₹ 37,000.00 ₹ 3.00 सभी ₹ 0.00 0 ₹ 0.00 24082016 422 आई स 4447:1994 1 ाक.र्ग्ा. ₹ 59,000.00 ₹ 48,000.00 ₹ 0.20 सभी ₹ 0.00 0 ₹ 0.00 13112017 423 आई स 4448:1994 1 टि ₹ 46,000.00 ₹ 37,000.00 ₹ 260.00 सभी ₹ 0.00 0 ₹ 0.00 26122016"
98,1,"आई स 4454:भाग 424 1 टि ₹ 46,000.00 ₹ 37,000.00 ₹ 3.00 सभी ₹ 0.00 0 ₹ 0.00 24082016 1:2001 425 आई स 4467:1996 क ाक.र्ग्ा. ₹ 75,000.00 ₹ 60,000.00 ₹ 0.20 सभी ₹ 0.00 0 ₹ 0.00 20122016 1 मीठिक 426 आई स 4505:2015 ₹ 46,000.00 ₹ 37,000.00 ₹ 300.00 1000 ₹ 200.00 5000 ₹ 100.00 24082016 टि 427 आई स 4508:1992 1 पीस ₹ 48,000.00 ₹ 39,000.00 ₹ 0.60 सभी ₹ 0.00 0 ₹ 0.00 30122016 428 आई स 4509:1992 1 पीस ₹ 46,000.00 ₹ 37,000.00 ₹ 0.50 सभी ₹ 0.00 0 ₹ 0.00 24082016 429 आई स 4521:2001 1 टि ₹ 1,07,000.00 ₹ 86,000.00 ₹ 103.70 सभी ₹ 0.00 0 ₹ 0.00 13112017 430 आई स 4533:1995 1 पीस ₹ 77,000.00 ₹ 62,000.00 ₹ 14.00 सभी ₹ 0.00 0 ₹ 0.00 30122016 1 मीठिक 431 आई स 4572:2014 ₹ 46,000.00 ₹ 37,000.00 ₹ 290.00 150 ₹ 145.00 िेि ₹ 0.00 24082016 टि 432 आई स 4588:1986 1 टि ₹ 46,000.00 ₹ 37,000.00 ₹ 25.90 सभी ₹ 0.00 0 ₹ 0.00 24082016 100 र्ग व 433 आई स 4605:1981 ₹ 47,000.00 ₹ 38,000.00 ₹ 9.40 सभी ₹ 0.00 0 ₹ 0.00 17072017 मीटर 434 आई स 4654:1993 1 टि ₹ 56,000.00 ₹ 45,000.00 ₹ 13.80 सभी ₹ 0.00 0 ₹ 0.00 20122016 435 आई स 4684:1975 1 टि ₹ 46,000.00 ₹ 37,000.00 ₹ 24.00 2000 ₹ 12.00 िेि ₹ 0.00 24082016 436 आई स 4751:1994 1 टि ₹ 57,000.00 ₹ 46,000.00 ₹ 0.08 सभी ₹ 0.00 0 ₹ 0.00 06082017 437 आई स 4752:1994 1 टि ₹ 61,000.00 ₹ 49,000.00 ₹ 0.20 सभी ₹ 0.00 0 ₹ 0.00 06082017 438 आई स 4761:1968 1 पीस ₹ 56,000.00 ₹ 44,800.00 ₹ 0.23 सभी ₹ 0.00 0 ₹ 0.00 21012016 439 आई स 4766:1982 1 टि ₹ 54,000.00 ₹ 44,000.00 ₹ 270.00 सभी ₹ 0.00 0 ₹ 0.00 20122016 440 आई स 4783:1982 क टि ₹ 46,000.00 ₹ 37,000.00 ₹ 69.10 सभी ₹ 0.00 0 ₹ 0.00 24082016 441 आई स 4808:1982 100 ीटर. ₹ 46,000.00 ₹ 37,000.00 ₹ 31.00 सभी ₹ 0.00 0 ₹ 0.00 24082016 442 आई स 4835:1979 1 टि ₹ 1,02,000.00 ₹ 85,000.00 ₹ 86.00 सभी ₹ 0.00 0 ₹ 0.00 24082016 443 आई स 4860:1968 100 पीस ₹ 46,000.00 ₹ 37,000.00 ₹ 4.00 सभी ₹ 0.00 0 ₹ 0.00 24082016 444 आई स 4923:2017 1 टि ₹ 74,000.00 ₹ 60,000.00 ₹ 8.70 सभी ₹ 0.00 0 ₹ 0.00 20122016 445 आई स 4947:2006 1 पीस ₹ 79,000.00 ₹ 64,000.00 ₹ 1.75 सभी ₹ 0.00 0 ₹ 0.00 13112017 446 आई स 4948:2002 1 टि ₹ 53,000.00 ₹ 43,000.00 ₹ 30.00 सभी ₹ 0.00 0 ₹ 0.00 30122016"
99,1,"447 आई स 4964:2013 100 र्ेस्् स ₹ 46,000.00 ₹ 37,000.00 ₹ 5.25 सभी ₹ 0.00 0 ₹ 0.00 24082016 448 आई स 4984:1995 1 टि ₹ 50,000.00 ₹ 40,000.00 ₹ 86.40 सभी ₹ 0.00 0 ₹ 0.00 28072017 449 आई स 4985:2000 1 टि ₹ 58,000.00 ₹ 47,000.00 ₹ 86.40 सभी ₹ 0.00 0 ₹ 0.00 28072017 आई स 4989:भाग 450 1 ाक. ी. ₹ 86,000.00 ₹ 74,000.00 ₹ 220.00 सभी ₹ 0.00 0 ₹ 0.00 24082016 4:2003 451 आई स 4989:2006 1 ीटर ₹ 46,000.00 ₹ 37,000.00 ₹ 0.20 सभी ₹ 0.00 0 ₹ 0.00 24082016 452 आई स 4990:2011 1 र्ग व मीटर ₹ 90,000.00 ₹ 72,000.00 ₹ 0.25 सभी ₹ 0.00 0 ₹ 0.00 30122016 453 आई स 5022:1989 1 पीस ₹ 46,000.00 ₹ 37,000.00 ₹ 1.75 सभी ₹ 0.00 0 ₹ 0.00 24082016 454 आई स 5029:1979 1 पीस ₹ 65,000.00 ₹ 53,000.00 ₹ 17.30 सभी ₹ 0.00 0 ₹ 0.00 24082016 455 आई स 5035:1969 1 पीस ₹ 46,000.00 ₹ 37,000.00 ₹ 140.00 सभी ₹ 0.00 0 ₹ 0.00 24082016 आई स 5135:भाग 456 क डस्टर ₹ 46,000.00 ₹ 37,000.00 ₹ 3.30 सभी ₹ 0.00 0 ₹ 0.00 24082016 1:1994 457 आई स 5143:1988 1 पीस ₹ 48,000.00 ₹ 39,000.00 ₹ 0.40 सभी ₹ 0.00 0 ₹ 0.00 30122016 458 आई स 5175:1992 1 टि ₹ 46,000.00 ₹ 37,000.00 ₹ 43.20 सभी ₹ 0.00 0 ₹ 0.00 24082016 459 आई स 5191:1993 1 ाक.र्ग्ा. ₹ 88,000.00 ₹ 71,000.00 ₹ 0.42 सभी ₹ 0.00 0 ₹ 0.00 20122016 460 आई स 5204:1969 1 पीस ₹ 46,000.00 ₹ 37,000.00 ₹ 36.00 सभी ₹ 0.00 0 ₹ 0.00 24082016 461 आई स 5206:1983 क टि ₹ 1,17,000.00 ₹ 97,000.00 ₹ 60.00 सभी ₹ 0.00 0 ₹ 0.00 24082016 ₹ 462 आई स 5244:2014 1 पीस ₹ 2,03,000.00 ₹ 79.80 सभी ₹ 0.00 0 ₹ 0.00 30122016 1,63,000.00 463 आई स 5277:1978 100 ीटर ₹ 54,000.00 ₹ 44,000.00 ₹ 34.50 सभी ₹ 0.00 0 ₹ 0.00 20122016 464 आई स 5278:1969 1 टि ₹ 46,000.00 ₹ 37,000.00 ₹ 306.70 सभी ₹ 0.00 0 ₹ 0.00 20122016 465 आई स 5279:1969 100 ीटर ₹ 49,000.00 ₹ 40,000.00 ₹ 34.50 सभी ₹ 0.00 0 ₹ 0.00 20122016 466 आई स 5290:1993 1 पीस ₹ 62,000.00 ₹ 50,000.00 ₹ 5.60 सभी ₹ 0.00 0 ₹ 0.00 30122016 467 आई स 5291:1969 1 पीस ₹ 46,000.00 ₹ 37,000.00 ₹ 103.70 सभी ₹ 0.00 0 ₹ 0.00 24082016 आई स 468 1 पीस ₹ 66,000.00 ₹ 53,000.00 ₹ 6.00 सभी ₹ 0.00 0 ₹ 0.00 30122016 5312:भाग1:2004 469 आई स 5342:1996 क ाक.र्ग्ा. ₹ 65,000.00 ₹ 52,000.00 ₹ 1.40 सभी ₹ 0.00 0 ₹ 0.00 20122016"
100,1,"470 आई स 5346:1994 1 ाक.र्ग्ा. ₹ 54,000.00 ₹ 44,000.00 ₹ 0.45 सभी ₹ 0.00 0 ₹ 0.00 20122016 471 आई स 5382:1985 1 पीस ₹ 76,000.00 ₹ 61,000.00 ₹ 0.26 सभी ₹ 0.00 0 ₹ 0.00 20122016 472 आई स 5405:1980 1000 पीस ₹ 46,000.00 ₹ 37,000.00 ₹ 10.00 सभी ₹ 0.00 0 ₹ 0.00 24082016 473 आई स 5410:2013 100 ाक.र्ग्ा ₹ 46,000.00 ₹ 37,000.00 ₹ 8.60 सभी ₹ 0.00 0 ₹ 0.00 24082016 1 टि 474 आई स 5430:2017 (डीआरसी ₹ 57,000.00 ₹ 46,000.00 ₹ 51.80 सभी ₹ 0.00 0 ₹ 0.00 20122016 बी स) 475 आई स 5456:2006 1 पीस ₹ 46,000.00 ₹ 37,000.00 ₹ 26.00 सभी ₹ 0.00 0 ₹ 0.00 24082016 476 आई स 5470:2002 ₹ 46,000.00 ₹ 37,000.00 ₹ 17.30 सभी ₹ 0.00 0 ₹ 0.00 24082016 क टि क 477 आई स 5487:1992 ₹ 57,000.00 ₹ 46,000.00 ₹ 51.80 सभी ₹ 0.00 0 ₹ 0.00 20122016 ाक ो ीटर 478 आई स 5504:1997 1 टि ₹ 46,000.00 ₹ 37,000.00 ₹ 7.50 सभी ₹ 0.00 0 ₹ 0.00 24082016 479 आई स 5509:2000 1 र्ग व मीटर ₹ 70,000.00 ₹ 56,000.00 ₹ 0.70 सभी ₹ 0.00 0 ₹ 0.00 13112017 480 आई स 5513:1996 1 पीस ₹ 53,000.00 ₹ 43,000.00 ₹ 6.00 सभी ₹ 0.00 0 ₹ 0.00 30122016 481 आई स 5514:1996 1 पीस ₹ 46,000.00 ₹ 37,000.00 ₹ 0.82 सभी ₹ 0.00 0 ₹ 0.00 30122016 482 आई स 5516:1996 1 पीस ₹ 51,000.00 ₹ 41,000.00 ₹ 5.60 सभी ₹ 0.00 0 ₹ 0.00 30122016 483 आई स 5517:1993 1 टि ₹ 46,000.00 ₹ 37,000.00 ₹ 3.00 सभी ₹ 0.00 0 ₹ 0.00 24082016 क मीठिक 484 आई स 5522:2014 ₹ 55,300.00 ₹ 44,300.00 ₹ 17.00 सभी ₹ 0.00 0 ₹ 0.00 23092016 टि 485 आई स5531:2014 1 टि ₹ 77,000.00 ₹ 62,000.00 ₹ 17.30 सभी ₹ 0.00 0 ₹ 0.00 20122016 486 आई स 5557:2004 1 जोडा ₹ 95,000.00 ₹ 76,000.00 ₹ 0.80 सभी ₹ 0.00 0 ₹ 0.00 20122016 487 आई स 5604:1984 1 पीस ₹ 46,000.00 ₹ 37,000.00 ₹ 17.30 सभी ₹ 0.00 0 ₹ 0.00 24082016 488 आई स 5631:1970 1 पीस ₹ 46,000.00 ₹ 37,000.00 ₹ 2.30 सभी ₹ 0.00 0 ₹ 0.00 29062016 489 आई स 5672:1992 1 टि ₹ 77,000.00 ₹ 62,000.00 ₹ 38.50 सभी ₹ 0.00 0 ₹ 0.00 06082017 490 आई स 5676:1995 100 जोड े ₹ 46,000.00 ₹ 37,000.00 ₹ 8.60 सभी ₹ 0.00 0 ₹ 0.00 24082016 491 आई स 5679:1986 1 पीस ₹ 46,000.00 ₹ 37,000.00 ₹ 0.55 सभी ₹ 0.00 0 ₹ 0.00 24082016"
101,1,"492 आई स 5719:2005 1 ाक.र्ग्ा.. ₹ 68,000.00 ₹ 55,000.00 ₹ 0.20 सभी ₹ 0.00 0 ₹ 0.00 20122016 493 आई स 5820:1970 1 टि ₹ 46,000.00 ₹ 37,000.00 ₹ 40.00 सभी ₹ 0.00 0 ₹ 0.00 30122016 494 आई स 5852:2004 100 जोड े ₹ 46,000.00 ₹ 37,000.00 ₹ 4.30 सभी ₹ 0.00 0 ₹ 0.00 24082016 495 आई स 5872:1990 कटि ₹ 46,000.00 ₹ 37,000.00 ₹ 3.00 सभी ₹ 0.00 0 ₹ 0.00 24082016 496 आई स 5884:1993 1 र्ग व मीटर ₹ 46,000.00 ₹ 37,000.00 ₹ 0.90 सभी ₹ 0.00 0 ₹ 0.00 24082016 497 आई स 5950:1984 100 मी. ₹ 82,000.00 ₹ 66,000.00 ₹ 1.80 सभी ₹ 0.00 0 ₹ 0.00 30122016 498 आई स 5982:2003 क टि ₹ 63,000.00 ₹ 51,000.00 ₹ 48.00 5000 ₹ 24.00 िेि ₹ 0.00 06082017 499 आई स 5983:1980 1 जोडा ₹ 46,000.00 ₹ 37,000.00 ₹ 1.50 सभी ₹ 0.00 0 ₹ 0.00 24082016 500 आई स 5986:2017 1 टि ₹ 70,000.00 ₹ 56,000.00 ₹ 3.75 सभी ₹ 0.00 0 ₹ 0.00 06082017 501 आई स 6003:2010 1 टि ₹ 55,000.00 ₹ 44,000.00 ₹ 10.49 सभी ₹ 0.00 0 ₹ 0.00 13112017 502 आई स6006:2014 1 टि ₹ 46,000.00 ₹ 37,000.00 ₹ 20.80 सभी ₹ 0.00 0 ₹ 0.00 24082016 503 आई स 6014:1978 100 ीटर. ₹ 46,000.00 ₹ 37,000.00 ₹ 30.00 सभी ₹ 0.00 0 ₹ 0.00 24082016 504 आई स 6022:1994 1 ाक.र्ग्ा. ₹ 46,000.00 ₹ 37,000.00 ₹ 1.30 सभी ₹ 0.00 0 ₹ 0.00 24082016 505 आई स 6031:1997 1 ाक.र्ग्ा. ₹ 46,000.00 ₹ 37,000.00 ₹ 0.18 सभी ₹ 0.00 0 ₹ 0.00 24082016 क मीठिक 506 आई स 6046:1982 ₹ 53,000.00 ₹ 43,000.00 ₹ 2.00 सभी ₹ 0.00 0 ₹ 0.00 20122016 टि 507 आई स 6047:2009 क टि ₹ 59,000.00 ₹ 48,000.00 ₹ 25.90 सभी ₹ 0.00 0 ₹ 0.00 06082017 10 र्ग व 508 आई स 6073:2006 ₹ 46,000.00 ₹ 37,000.00 ₹ 3.50 सभी ₹ 0.00 0 ₹ 0.00 24082016 मीटर 509 आई स 6149:1984 1 पीस ₹ 46,000.00 ₹ 37,000.00 ₹ 0.42 सभी ₹ 0.00 0 ₹ 0.00 28072017 510 आई स 6218:2008 1 जोडा ₹ 59,000.00 ₹ 48,000.00 ₹ 5.60 सभी ₹ 0.00 0 ₹ 0.00 13112017 511 आई स 6240:2008 1 टि ₹ 77,000.00 ₹ 62,000.00 ₹ 3.90 सभी ₹ 0.00 0 ₹ 0.00 06082017 512 आई स 6312:1994 1 िंबर ₹ 85,640.00 ₹ 68,512.00 ₹ 0.14 सभी ₹ 0.00 0 ₹ 0.00 27112015 513 आई स 6315:1992 1 पीस ₹ 46,000.00 ₹ 37,000.00 ₹ 5.25 सभी ₹ 0.00 0 ₹ 0.00 24082016 514 आई स 6385:1997 1 ाक.र्ग्ा. ₹ 71,000.00 ₹ 57,000.00 ₹ 3.20 सभी ₹ 0.00 0 ₹ 0.00 20122016 515 आई स 6392:1971 1 पीस ₹ 46,000.00 ₹ 37,000.00 ₹ 1.75 सभी ₹ 0.00 0 ₹ 0.00 24082016"
102,1,"516 आई स 6406:1994 1 ाक.र्ग्ा. ₹ 46,000.00 ₹ 37,000.00 ₹ 1.30 सभी ₹ 0.00 0 ₹ 0.00 24082016 ₹ 517 आई स 6419:1996 ाक ो र्ग्ाम. ₹ 1,79,000.00 ₹ 0.12 सभी ₹ 0.00 0 ₹ 0.00 22062015 1,43,200.00 518 आई स 6438:1980 1 टि ₹ 46,000.00 ₹ 37,000.00 ₹ 69.10 सभी ₹ 0.00 0 ₹ 0.00 20122016 519 आई स6444:1979 1 टि ₹ 46,000.00 ₹ 37,000.00 ₹ 19.00 सभी ₹ 0.00 0 ₹ 0.00 20122016 520 आई स 6452:1989 1टि ₹ 44,000.00 ₹ 38,000.00 ₹ 4.00 सभी ₹ 0.00 0 ₹ 0.00 12022013 521 आई स 6593:1972 1 पीस ₹ 97,000.00 ₹ 78,000.00 ₹ 26.00 सभी ₹ 0.00 0 ₹ 0.00 30122016 आई स 6595:भाग 522 1 पीस ₹ 46,000.00 ₹ 37,000.00 ₹ 5.30 सभी ₹ 0.00 0 ₹ 0.00 24082016 2:1993 आई स 6595:भाग 523 1 पीस ₹ 65,000.00 ₹ 52,000.00 ₹ 5.30 सभी ₹ 0.00 0 ₹ 0.00 30122016 1:2002 524 आई स 6623:2004 1 टि ₹ 48,000.00 ₹ 39,000.00 ₹ 13.35 सभी ₹ 0.00 0 ₹ 0.00 9092016 525 आई स 6649:1985 1 टि ₹ 46,000.00 ₹ 37,000.00 ₹ 13.35 सभी ₹ 0.00 0 ₹ 0.00 9092016 ₹ 526 आई स 6685:2009 1 पीस ₹ 1,86,000.00 ₹ 1.00 सभी ₹ 0.00 0 ₹ 0.00 30082017 1,49,000.00 527 आई स 6701:1985 100 पीस ₹ 46,000.00 ₹ 37,000.00 ₹ 1.10 सभी ₹ 0.00 0 ₹ 0.00 24082016 528 आई स 6760:1972 1000 पीस ₹ 46,000.00 ₹ 37,000.00 ₹ 1.20 सभी ₹ 0.00 0 ₹ 0.00 17072017 100 र्ग व 529 आई स 6803:1972 ₹ 46,000.00 ₹ 37,000.00 ₹ 8.60 2000 ₹ 3.45 िेि ₹ 0.00 24082016 मीटर 530 आई स 6901:2009 1 पीस ₹ 46,000.00 ₹ 37,000.00 ₹ 3.50 सभी ₹ 0.00 0 ₹ 0.00 24082016 सभीइका 531 आई स 6908:1991 1 टि ₹ 46,000.00 ₹ 37,000.00 ₹ 16.00 ₹ 0.00 0 ₹ 0.00 24082016 ई 532 आई स 6909:1990 1 टि ₹ 79,000.00 ₹ 64,000.00 ₹ 3.00 सभी ₹ 0.00 0 ₹ 0.00 21122016 533 आई स 6911:2017 क टि ₹ 96,000.00 ₹ 77,000.00 ₹ 12.00 सभी ₹ 0.00 0 ₹ 0.00 20122016 534 आई स 6956:2001 1 टि ₹ 63,000.00 ₹ 51,000.00 ₹ 55.00 सभी ₹ 0.00 0 ₹ 0.00 20122016 535 आई स7021:1973 क टि ₹ 80,000.00 ₹ 64,000.00 ₹ 20.00 सभी ₹ 0.00 0 ₹ 0.00 20122016 536 आई स 7058:2005 100 ीटर ₹ 42,600.00 ₹ 36,300.00 ₹ 40.00 सभी ₹ 0.00 0 ₹ 0.00 26092006 537 आई स 7079:2008 100 पीस ₹ 46,000.00 ₹ 37,000.00 ₹ 8.70 सभी ₹ 0.00 0 ₹ 0.00 24082016"
103,1,"538 आई स 7083:1973 1 पीस ₹ 46,000.00 ₹ 37,000.00 ₹ 2.40 सभी ₹ 0.00 0 ₹ 0.00 29062016 आई स 7092:भाग 539 1 टि ₹ 46,000.00 ₹ 37,000.00 ₹ 87.00 सभी ₹ 0.00 0 ₹ 0.00 24082016 2:1987 आई स 7098:भाग ₹ 540 100 मी. ₹ 1,28,000.00 ₹ 12.00 सभी ₹ 0.00 0 ₹ 0.00 27072017 1:1988 1,03,000.00 आई स 7098:भाग 541 1 मी. ₹ 81,000.00 ₹ 78,000.00 ₹ 3.50 सभी ₹ 0.00 0 ₹ 0.00 24082016 3:1993 आई स 7098:भाग ₹ 542 100 मी. ₹ 1,52,000.00 ₹ 17.30 सभी ₹ 0.00 0 ₹ 0.00 28072017 2:2011 1,22,000.00 543 आई स 7123:1993 100 ीटर ₹ 46,530.00 ₹ 37,224.00 ₹ 60.00 सभी ₹ 0.00 0 ₹ 0.00 01122015 544 आई स 7142:1995 1 पीस ₹ 1,36,000.00 ₹ 96,000.00 ₹ 2.65 50000 ₹ 1.75 िेि ₹ 0.00 24082016 545 आई स 7181:1986 1 टि ₹ 72,000.00 ₹ 58,000.00 ₹ 40.00 सभी ₹ 0.00 0 ₹ 0.00 26122016 546 आई स 7224:2006 1 टि ₹ 67,000.00 ₹ 54,000.00 ₹ 1.73 सभी ₹ 0.00 0 ₹ 0.00 06082017 547 आई स 7231:1994 1 पीस ₹ 72,000.00 ₹ 58,000.00 ₹ 0.90 सभी ₹ 0.00 0 ₹ 0.00 30122016 548 आई स 7283:1992 1 टि ₹ 46,000.00 ₹ 37,000.00 ₹ 3.00 सभी ₹ 0.00 0 ₹ 0.00 24082016 आई स 7285:भाग 549 1 पीस ₹ 1,36,000.00 ₹ 96,000.00 ₹ 10.40 सभी ₹ 0.00 0 ₹ 0.00 24082016 1:2004 550 आई स7312:1993 1 पीस ₹ 1,36,000.00 ₹ 96,000.00 ₹ 10.40 सभी ₹ 0.00 0 ₹ 0.00 28072017 551 आई स 7347:1974 1 पीस ₹ 46,000.00 ₹ 37,000.00 ₹ 2.20 सभी ₹ 0.00 0 ₹ 0.00 24082016 552 आई स 7372:1995 1 पीस ₹ 46,000.00 ₹ 37,000.00 ₹ 0.90 सभी ₹ 0.00 0 ₹ 0.00 24082016 553 आई स 7378:1974 7378 ₹ 51,000.00 ₹ 41,000.00 ₹ 2.35 सभी ₹ 0.00 0 ₹ 0.00 20092016 554 आई स 7402:2011 क ाफलटर ₹ 46,000.00 ₹ 37,000.00 ₹ 0.36 सभी ₹ 0.00 0 ₹ 0.00 24082016 555 आई स 7452:1990 1 टि ₹ 46,000.00 ₹ 37,000.00 ₹ 13.90 सभी ₹ 0.00 0 ₹ 0.00 30122016 556 आई स 7454:1991 1 पीस ₹ 46,000.00 ₹ 37,000.00 ₹ 4.35 सभी ₹ 0.00 0 ₹ 0.00 24082016 557 आई स 7466:1994 100 गास्केट ₹ 74,000.00 ₹ 61,000.00 ₹ 1.75 सभी ₹ 0.00 0 ₹ 0.00 20122016 558 आई स 7532:1974 1 टि ₹ 70,000.00 ₹ 56,000.00 ₹ 34.60 सभी ₹ 0.00 0 ₹ 0.00 20122016 559 आई स 7538:1996 1 ाक.र् ट ₹ 77,000.00 ₹ 62,000.00 ₹ 4.00 सभी ₹ 0.00 0 ₹ 0.00 30122016 560 आई स 7577:1986 1 पीस ₹ 46,000.00 ₹ 37,000.00 ₹ 2.90 सभी ₹ 0.00 0 ₹ 0.00 24082016"
104,1,"आई स 7593:भाग 561 क स्प्रेयर ₹ 1,00,000.00 ₹ 80,000.00 ₹ 7.00 सभी ₹ 0.00 0 ₹ 0.00 06082017 1:1986 आई स 7620:भाग 562 1 पीस ₹ 58,000.00 ₹ 47,000.00 ₹ 260.00 सभी ₹ 0.00 0 ₹ 0.00 24082016 1:1986 563 आई स 7652:1988 1 पीस ₹ 46,000.00 ₹ 37,000.00 ₹ 3.50 सभी ₹ 0.00 0 ₹ 0.00 24082016 564 आई स 7653:1975 1 पीस ₹ 46,000.00 ₹ 37,000.00 ₹ 1.75 सभी ₹ 0.00 0 ₹ 0.00 24082016 आई स 7809:भाग 565 100 रो ₹ 46,000.00 ₹ 37,000.00 ₹ 0.90 5000 ₹ 0.55 िेि ₹ 0.00 24082016 3:खंड1:1986 आई स 7834:भाग 566 100 पीस ₹ 55,000.00 ₹ 44,000.00 ₹ 11.00 सभी ₹ 0.00 0 ₹ 0.00 30122016 1:1987 आई स 7834:भाग 567 100 पीस ₹ 57,000.00 ₹ 46,000.00 ₹ 8.65 सभी ₹ 0.00 0 ₹ 0.00 30122016 3:1987 आई स 7834:भाग 568 100 पीस ₹ 67,000.00 ₹ 54,000.00 ₹ 6.00 सभी ₹ 0.00 0 ₹ 0.00 30122016 4:1987 आई स 7834:भाग 569 100 पीस ₹ 60,000.00 ₹ 48,000.00 ₹ 8.65 सभी ₹ 0.00 0 ₹ 0.00 30122016 8:1987 570 आई स 7887:1992 1 टि ₹ 66,000.00 ₹ 53,000.00 ₹ 3.00 सभी ₹ 0.00 0 ₹ 0.00 20122016 571 आई स 7898:2001 1 मिीि ₹ 47,000.00 ₹ 38,000.00 ₹ 12.00 सभी ₹ 0.00 0 ₹ 0.00 13112017 100 र्ग व 572 आई स 7903:2011 ₹ 99,000.00 ₹ 80,000.00 ₹ 7.00 सभी ₹ 0.00 0 ₹ 0.00 20122016 मीटर 573 आई स 7904:1995 टि ₹ 46,000.00 ₹ 37,000.00 ₹ 81.00 सभी ₹ 0.00 0 ₹ 0.00 24082016 574 आई स 7933:1975 1 ाक.र्ग्ा. ₹ 93,000.00 ₹ 75,000.00 ₹ 0.54 सभी ₹ 0.00 0 ₹ 0.00 20122016 575 आई स 7948:1987 100 ीटर ₹ 47,000.00 ₹ 38,000.00 ₹ 200.00 सभी ₹ 0.00 0 ₹ 0.00 20122016 576 आई स 8025:1990 1 टि ₹ 48,000.00 ₹ 39,000.00 ₹ 34.50 सभी ₹ 0.00 0 ₹ 0.00 20122016 577 आई स 8028:1987 100 ीटर ₹ 48,000.00 ₹ 39,000.00 ₹ 34.50 सभी ₹ 0.00 0 ₹ 0.00 20122016 578 आई स 8034:2002 1 पीस ₹ 46,000.00 ₹ 37,000.00 ₹ 17.30 सभी ₹ 0.00 0 ₹ 0.00 24082016 579 आई स 8035:1999 1 पीस ₹ 46,000.00 ₹ 37,000.00 ₹ 1.75 सभी ₹ 0.00 0 ₹ 0.00 24082016 580 आई स 8041:1990 1 टि ₹ 75,000.00 ₹ 60,000.00 ₹ 3.00 सभी ₹ 0.00 0 ₹ 0.00 30122016 581 आई स8042:2015 1 टि ₹ 64,000.00 ₹ 45,000.00 ₹ 2.00 सभी ₹ 0.00 0 ₹ 0.00 24082016"
105,1,"582 आई स 8074:1990 100 ीटर ₹ 49,000.00 ₹ 40,000.00 ₹ 34.50 सभी ₹ 0.00 0 ₹ 0.00 20122016 583 आई स 8086:1991 1 पीस ₹ 46,000.00 ₹ 37,000.00 ₹ 4.35 सभी ₹ 0.00 0 ₹ 0.00 24082016 584 आई स 8088:1976 1 पीस ₹ 46,000.00 ₹ 37,000.00 ₹ 6.80 सभी ₹ 0.00 0 ₹ 0.00 24082016 585 आई स 8110:2000 1 मी. ₹ 76,000.00 ₹ 62,000.00 ₹ 1.20 सभी ₹ 0.00 0 ₹ 0.00 24082016 586 आई स 8144:1997 1000 पीस ₹ 46,000.00 ₹ 37,000.00 ₹ 1.75 सभी ₹ 0.00 0 ₹ 0.00 24082016 587 आई स 8229:1986 1 टि ₹ 48,000.00 ₹ 39,000.00 ₹ 3.40 सभी ₹ 0.00 0 ₹ 0.00 30122016 588 आई स 8249:1994 1 टि ₹ 54,000.00 ₹ 44,000.00 ₹ 17.30 सभी ₹ 0.00 0 ₹ 0.00 20122016 589 आई स 8275:1976 1 पीस ₹ 46,000.00 ₹ 37,000.00 ₹ 5.30 सभी ₹ 0.00 0 ₹ 0.00 24082016 590 आई स 8291:1976 100 ीटर ₹ 47,000.00 ₹ 38,000.00 ₹ 34.50 सभी ₹ 25.90 िेि ₹ 0.00 20122016 591 आई स 8309:1993 1 टि ₹ 58,000.00 ₹ 47,000.00 ₹ 560.00 सभी ₹ 0.00 0 ₹ 0.00 13112017 592 आई स 8329:2000 क टि ₹ 88,000.00 ₹ 72,000.00 ₹ 17.30 सभी ₹ 0.00 0 ₹ 0.00 24082016 593 आई स 8391:1987 1 टि ₹ 82,000.00 ₹ 66,000.00 ₹ 43.20 सभी ₹ 0.00 0 ₹ 0.00 20122016 594 आई स 8418:1999 1 पीस ₹ 64,000.00 ₹ 52,000.00 ₹ 4.00 सभी ₹ 0.00 0 ₹ 0.00 24082016 595 आई स 8421:1977 1 पीस ₹ 46,000.00 ₹ 37,000.00 ₹ 26.00 सभी ₹ 0.00 0 ₹ 0.00 24082016 596 आई स 8423:1994 100 मीटर ₹ 58,000.00 ₹ 47,000.00 ₹ 13.90 सभी ₹ 0.00 0 ₹ 0.00 28072017 597 आई स 8442:2008 1 पीस ₹ 46,000.00 ₹ 37,000.00 ₹ 26.00 सभी ₹ 0.00 0 ₹ 0.00 24082016 598 आई स8446:1991 क टि ₹ 57,000.00 ₹ 46,000.00 ₹ 285.00 सभी ₹ 0.00 0 ₹ 0.00 20122016 599 आई स 8448:1989 1 पीस ₹ 46,000.00 ₹ 37,000.00 ₹ 1.75 सभी ₹ 0.00 0 ₹ 0.00 24082016 600 आई स 8462:1977 1 पीस ₹ 88,000.00 ₹ 71,000.00 ₹ 26.00 सभी ₹ 0.00 0 ₹ 0.00 13112017 आई स 8471:भाग ₹ 601 1 पीस ₹ 46,000.00 ₹ 37,000.00 सभी ₹ 0.00 0 ₹ 0.00 24082016 4:1977 2,520.00 ₹ 602 आई स 8471:2003 1 पीस ₹ 46,000.00 ₹ 37,000.00 सभी ₹ 0.00 0 ₹ 0.00 24082016 2,520.00 603 आई स 8472:1998 1 पीस ₹ 64,000.00 ₹ 52,000.00 ₹ 4.20 सभी ₹ 0.00 0 ₹ 0.00 30122016 604 आई स 8481:2005 1 ीटर ₹ 51,000.00 ₹ 41,000.00 ₹ 0.30 सभी ₹ 0.00 0 ₹ 0.00 06072017 605 आई स 8498:2013 100 ीटर ₹ 48,000.00 ₹ 39,000.00 ₹ 38.40 सभी ₹ 0.00 0 ₹ 0.00 20122016"
106,1,"606 आई स 8598:1987 1 टि ₹ 50,000.00 ₹ 40,000.00 ₹ 8.70 सभी ₹ 0.00 0 ₹ 0.00 30122016 1 ाक ो 607 आई स 8654:2001 ₹ 95,000.00 ₹ 76,000.00 ₹ 86.00 1000 ₹ 51.80 िेि ₹ 0.00 20122016 ीटर 608 आई स 8707:2013 क टि ₹ 48,000.00 ₹ 39,000.00 ₹ 156.00 सभी ₹ 0.00 0 ₹ 0.00 20122016 609 आई स 8708:2006 क टि ₹ 53,000.00 ₹ 43,000.00 ₹ 265.00 सभी ₹ 0.00 0 ₹ 0.00 20122016 610 आई स 8737:1995 1 पीस ₹ 69,000.00 ₹ 56,000.00 ₹ 0.42 सभी ₹ 0.00 0 ₹ 0.00 30122016 611 आई स 8749:2002 1 पीस ₹ 46,000.00 ₹ 37,000.00 ₹ 1.75 सभी ₹ 0.00 0 ₹ 0.00 24082016 आई स 8783:भाग 612 100 मी. ₹ 46,000.00 ₹ 37,000.00 ₹ 0.38 100000 ₹ 0.19 िेि ₹ 0.00 24082016 4:खंड1:1995 आई स 8783:भाग 613 100 मी. ₹ 74,000.00 ₹ 60,000.00 ₹ 1.00 10000 ₹ 0.50 सभी ₹ 0.00 30122016 4:खंड3:1995 614 आई स 8794:1988 1 टि ₹ 56,000.00 ₹ 45,000.00 ₹ 56.00 सभी ₹ 0.00 0 ₹ 0.00 26122016 615 आई स 8808:1999 100 पीस ₹ 64,000.00 ₹ 52,000.00 ₹ 12.00 सभी ₹ 0.00 0 ₹ 0.00 28072017 616 आई स 8887:2004 क टि ₹ 94,000.00 ₹ 76,000.00 ₹ 49.00 सभी ₹ 0.00 0 ₹ 0.00 20122016 617 आई स 8931:1993 1 पीस ₹ 53,000.00 ₹ 43,000.00 ₹ 0.50 सभी ₹ 0.00 0 ₹ 0.00 30122016 618 आई स 8944:2005 100 ीटर ₹ 52,000.00 ₹ 42,000.00 ₹ 40.00 सभी ₹ 0.00 0 ₹ 0.00 20122016 1 मीठिक 619 आई स 8951:2001 ₹ 61,000.00 ₹ 49,000.00 ₹ 3.00 सभी ₹ 0.00 0 ₹ 0.00 26122016 टि 1 मीठिक 620 आई स 8952:1995 ₹ 46,000.00 ₹ 37,000.00 ₹ 56.00 सभी ₹ 0.00 0 ₹ 0.00 24082016 टि 621 आई स 8960:1978 1 टि ₹ 50,000.00 ₹ 40,000.00 ₹ 50.00 सभी ₹ 0.00 0 ₹ 0.00 20122016 622 आई स 8978:1992 1 पीस ₹ 1,04,000.00 ₹ 84,000.00 ₹ 2.60 सभी ₹ 0.00 0 ₹ 0.00 30122016 623 आई स 9020:2002 1 थ्रािर ₹ 46,000.00 ₹ 37,000.00 ₹ 25.90 सभी ₹ 0.00 0 ₹ 0.00 24082016 624 आई स 9079:2002 1 पीस ₹ 87,000.00 ₹ 70,000.00 ₹ 8.70 सभी ₹ 0.00 0 ₹ 0.00 30122016 1 ाक.श /1 625 आई स 9103:1999 ₹ 65,000.00 ₹ 50,000.00 ₹ 52.00 सभी ₹ 0.00 0 ₹ 0.00 24082016 टि 626 आई स 9128:1999 1000 पीस ₹ 46,000.00 ₹ 37,000.00 ₹ 1.75 सभी ₹ 0.00 0 ₹ 0.00 2062017"
107,1,"आई स 9165:भाग 627 1000 पीस ₹ 73,000.00 ₹ 60,000.00 ₹ 43.20 सभी ₹ 0.00 0 ₹ 0.00 24082016 2:1992 628 आई स 9167:1979 100 पीस ₹ 68,000.00 ₹ 56,000.00 ₹ 3.40 सभी ₹ 0.00 0 ₹ 0.00 24082016 629 आई स 9271:2004 1 टि ₹ 81,000.00 ₹ 69,000.00 ₹ 80.00 सभी ₹ 0.00 0 ₹ 0.00 24082016 आई स 630 1 पीस ₹ 61,000.00 ₹ 49,000.00 ₹ 40.00 सभी ₹ 0.00 0 ₹ 0.00 24082016 9281:भाग1:1979 आई स 9281:भाग 631 1 पीस ₹ 61,000.00 ₹ 49,000.00 ₹ 40.00 सभी ₹ 0.00 0 ₹ 0.00 24082016 3:1981 632 आई स 9282:2002 1 टि ₹ 54,000.00 ₹ 44,000.00 ₹ 87.00 सभी ₹ 0.00 0 ₹ 0.00 28072017 633 आई स 9283:2013 1 ाक.र् ट ₹ 46,000.00 ₹ 37,000.00 ₹ 1.75 5000 ₹ 1.35 10000 ₹ 0.90 24082016 634 आई स 9295:1983 क टि ₹ 61,000.00 ₹ 49,000.00 ₹ 8.70 सभी ₹ 0.00 0 ₹ 0.00 20122016 635 आई स 9354:1980 100 ीटर ₹ 52,000.00 ₹ 42,000.00 ₹ 34.50 सभी ₹ 0.00 0 ₹ 0.00 20122016 636 आई स 9356:1980 100 ीटर ₹ 52,000.00 ₹ 42,000.00 ₹ 38.00 सभी ₹ 0.00 0 ₹ 0.00 20122016 637 आई स 9359:1995 क टि ₹ 53,000.00 ₹ 43,000.00 ₹ 90.00 सभी ₹ 0.00 0 ₹ 0.00 20122016 638 आई स 9360:1980 1 टि ₹ 66,000.00 ₹ 53,000.00 ₹ 86.40 सभी ₹ 0.00 0 ₹ 0.00 20122016 सभी 639 आई स 9395:1979 1 बेड ₹ 51,000.00 ₹ 41,000.00 ₹ 50.00 इकाई के ₹ 0.00 0 ₹ 0.00 24082016 श आई स 9471:भाग 640 1 पीस ₹ 46,000.00 ₹ 37,000.00 ₹ 0.03 सभी ₹ 0.00 0 ₹ 0.00 24082016 2:1980 आई स 9471:भाग 641 1 पीस ₹ 46,000.00 ₹ 37,000.00 ₹ 1.00 सभी ₹ 0.00 0 ₹ 0.00 24082016 3:1980 आई स 9471:भाग 642 1 पीस ₹ 46,000.00 ₹ 37,000.00 ₹ 0.30 सभी ₹ 0.00 0 ₹ 0.00 24082016 4:1980 आई स 9471:भाग 643 1 पीस ₹ 46,000.00 ₹ 37,000.00 ₹ 0.50 सभी ₹ 0.00 0 ₹ 0.00 24082016 5:1980 आई स 644 1 पीस ₹ 46,000.00 ₹ 37,000.00 ₹ 1.50 सभी ₹ 0.00 0 ₹ 0.00 24082016 9471:भाग6:2000 आई स 9471:भाग 645 1 पीस ₹ 46,000.00 ₹ 37,000.00 ₹ 0.05 सभी ₹ 0.00 0 ₹ 0.00 24082016 7:2000"
108,1,"646 आई स 9473:2002 100 पीस ₹ 46,000.00 ₹ 37,000.00 ₹ 17.20 सभी ₹ 0.00 0 ₹ 0.00 24082016 1 मीठिक 647 आई स 9523:2000 ₹ 79,000.00 ₹ 64,000.00 ₹ 43.90 सभी ₹ 0.00 0 ₹ 0.00 20122016 टि 648 आई स 9532:1980 क टि ₹ 51,000.00 ₹ 41,000.00 ₹ 17.20 सभी ₹ 0.00 0 ₹ 0.00 20122016 आई स 9537:भाग 649 100मी. ₹ 47,000.00 ₹ 38,000.00 ₹ 2.00 सभी ₹ 0.00 0 ₹ 0.00 30122016 2:1981 आई स 9537:भाग 650 100 मी. ₹ 51,000.00 ₹ 41,000.00 ₹ 2.20 सभी ₹ 0.00 0 ₹ 0.00 30122016 3:1983 आई स 9537:भाग 651 100 मीटर ₹ 52,200.00 ₹ 44,200.00 ₹ 5.30 सभी ₹ 0.00 0 ₹ 0.00 1072006 4:1983 1 मीठिक 652 आई स 9550:2001 ₹ 83,000.00 ₹ 67,000.00 ₹ 4.70 सभी ₹ 0.00 0 ₹ 0.00 26122016 टि 653 आई स 9562:1980 1 पीस ₹ 58,000.00 ₹ 47,000.00 ₹ 1.45 सभी ₹ 0.00 0 ₹ 0.00 13112017 654 आई स 9573:2012 100मी. ₹ 80,000.00 ₹ 64,000.00 ₹ 13.50 सभी ₹ 0.00 0 ₹ 0.00 06082017 655 आई स 9585:1980 1 पीस ₹ 47,000.00 ₹ 38,000.00 ₹ 0.16 सभी ₹ 0.00 0 ₹ 0.00 20122016 656 आई स 9665:1981 100 ीटर ₹ 59,000.00 ₹ 48,000.00 ₹ 118.00 सभी ₹ 0.00 0 ₹ 0.00 20122016 1 मीठिक 657 आई स 9738:2003 ₹ 46,000.00 ₹ 37,000.00 ₹ 280.00 सभी ₹ 0.00 0 ₹ 0.00 24082016 टि 658 आई स 9758:1981 1 पीस ₹ 46,000.00 ₹ 37,000.00 ₹ 3.50 सभी ₹ 0.00 0 ₹ 0.00 24082016 659 आई स 9762:1994 100 पीस ₹ 56,000.00 ₹ 45,000.00 ₹ 5.40 सभी ₹ 0.00 0 ₹ 0.00 13112017 660 आई स 9763:2000 100 पीस ₹ 71,000.00 ₹ 57,000.00 ₹ 12.60 सभी ₹ 0.00 0 ₹ 0.00 13112017 661 आई स 9798:2013 1 पीस ₹ 46,000.00 ₹ 37,000.00 ₹ 0.44 सभी ₹ 0.00 0 ₹ 0.00 24082016 662 आई स 9825:2003 1000 टाब ेट ₹ 46,000.00 ₹ 37,000.00 ₹ 0.72 सभी ₹ 0.00 0 ₹ 0.00 24082016 663 आई स 9836:1981 1 पीस ₹ 88,000.00 ₹ 72,000.00 ₹ 7.80 सभी ₹ 0.00 0 ₹ 0.00 24082016 664 आई स 9857:1990 100 मीटर ₹ 46,000.00 ₹ 37,000.00 ₹ 4.40 सभी ₹ 0.00 0 ₹ 0.00 24082016 665 आई स 9890:1981 1 पीस ₹ 46,000.00 ₹ 37,000.00 ₹ 0.70 सभी ₹ 0.00 0 ₹ 0.00 24082016 आई स 9968:भाग 666 100 मीटर ₹ 1,11,000.00 ₹ 89,000.00 ₹ 4.00 सभी ₹ 0.00 0 ₹ 0.00 13112017 1:1988"
109,1,"आई स 9968:भाग ₹ 667 100 मीटर ₹ 1,69,000.00 ₹ 93.90 सभी ₹ 0.00 0 ₹ 0.00 13112017 2:2002 1,36,000.00 668 आई स 9972:2002 1 पीस ₹ 46,000.00 ₹ 37,000.00 ₹ 1.20 सभी ₹ 0.00 0 ₹ 0.00 24082016 आई स 9974:भाग 669 1 पीस ₹ 88,000.00 ₹ 72,000.00 ₹ 1.75 सभी ₹ 0.00 0 ₹ 0.00 24082016 1:1981 आई स 670 1 पीस ₹ 46,000.00 ₹ 37,000.00 ₹ 17.30 1500 ₹ 10.40 िेि ₹ 0.00 24082016 10001:1981 आई स 671 100 ीटर ₹ 46,000.00 ₹ 37,000.00 ₹ 33.00 सभी ₹ 0.00 0 ₹ 0.00 24082016 10025:1981 आई स 672 क ाक.र्ग्ा. ₹ 54,000.00 ₹ 44,000.00 ₹ 0.15 सभी ₹ 0.00 0 ₹ 0.00 18052016 10065:1981 आई स 673 1 पीस ₹ 53,000.00 ₹ 43,000.00 ₹ 1.50 सभी ₹ 0.00 0 ₹ 0.00 30122016 10080:1982 आई स 674 1 पीस ₹ 1,01,000.00 ₹ 81,000.00 ₹ 3.80 सभी ₹ 0.00 0 ₹ 0.00 28072017 10086:1982 आई स 675 1 टि ₹ 46,000.00 ₹ 37,000.00 ₹ 69.20 सभी ₹ 0.00 0 ₹ 0.00 30122016 10124:भाग1:2009 आई स 676 1 टि ₹ 46,000.00 ₹ 37,000.00 ₹ 73.75 सभी ₹ 0.00 0 ₹ 0.00 28072017 10124:भाग 2:2009 आई स 677 100 ब क्स ₹ 46,000.00 ₹ 37,000.00 ₹ 3.50 सभी ₹ 0.00 0 ₹ 0.00 24082016 10212:भाग 1:1986 आई स 678 100 था े ₹ 46,000.00 ₹ 37,000.00 ₹ 12.00 सभी ₹ 0.00 0 ₹ 0.00 24082016 10228:1982 आई स 679 1 टि ₹ 67,000.00 ₹ 54,000.00 ₹ 134.00 सभी ₹ 0.00 0 ₹ 0.00 28072017 10238:2001 आई स 680 100 श टर ₹ 49,000.00 ₹ 40,000.00 ₹ 34.50 सभी ₹ 0.00 0 ₹ 0.00 20122016 10243:1993 आई स क श्र्ास 681 ₹ 46,000.00 ₹ 37,000.00 ₹ 75.00 सभी ₹ 0.00 0 ₹ 0.00 24082016 10245:भाग 2:1994 उपकरण आई स 1 श्र्ास 682 ₹ 83,000.00 ₹ 69,000.00 ₹ 200.00 सभी ₹ 0.00 0 ₹ 0.00 24082016 10245:भाग 3:1999 उपकरण आई स 683 1 पीस ₹ 46,000.00 ₹ 37,000.00 ₹ 120.00 सभी ₹ 0.00 0 ₹ 0.00 26052016 10264:1982"
110,1,"आई स 684 10322:भाग 5:खंड 1 पीस ₹ 46,000.00 ₹ 37,000.00 ₹ 1.75 सभी ₹ 0.00 0 ₹ 0.00 24082016 1:1985 आई स 685 10322:भाग 5:खंड 1 पीस ₹ 46,000.00 ₹ 37,000.00 ₹ 3.50 सभी ₹ 0.00 0 ₹ 0.00 24082016 2:2012 आई स ₹ 686 10322:भाग 5:खंड 1 पीस ₹ 1,92,000.00 1,54,000.00 ₹ 1.50 सभी ₹ 0.00 0 ₹ 0.00 23122016 3:2012 आई स 687 1000 ₹ 53,000.00 ₹ 43,000.00 ₹ 84.95 सभी ₹ 0.00 0 ₹ 0.00 28072017 10325:2000 आई स 688 1 ाक.र्ग्ा. ₹ 48,000.00 ₹ 39,000.00 ₹ 1.30 सभी ₹ 0.00 0 ₹ 0.00 13112017 10350:1999 आई स10508:200 689 1 टि ₹ 57,000.00 ₹ 46,000.00 ₹ 50.00 सभी ₹ 0.00 0 ₹ 0.00 6082017 7 आई स 1 ाक ो ₹ 690 ₹ 3,28,000.00 ₹ 182.00 सभी ₹ 0.00 0 ₹ 0.00 26122016 10532:भाग 2:1983 ीटर 2,63,000.00 आई स 691 1 टि ₹ 53,000.00 ₹ 43,000.00 ₹ 26.00 सभी ₹ 0.00 0 ₹ 0.00 06082017 10577:1982 आई स 692 1 पीस ₹ 46,000.00 ₹ 37,000.00 ₹ 17.20 सभी ₹ 0.00 0 ₹ 0.00 24082016 10592:1982 आई स 693 1 पीस ₹ 46,000.00 ₹ 37,000.00 ₹ 3.50 सभी ₹ 0.00 0 ₹ 0.00 24082016 10617:2013 आई स 694 क टि ₹ 46,000.00 ₹ 37,000.00 ₹ 51.80 सभी ₹ 0.00 0 ₹ 0.00 24082016 10647:1983 आई स 695 1 पीस ₹ 86,000.00 ₹ 69,000.00 ₹ 34.60 सभी ₹ 0.00 0 ₹ 0.00 30122016 10658:1999 आई स 696 1 र्ग व मीटर ₹ 91,000.00 ₹ 73,000.00 ₹ 0.15 सभी ₹ 0.00 0 ₹ 0.00 28072017 10701:2012 आई स 697 1 जोडा ₹ 71,000.00 ₹ 57,000.00 ₹ 0.10 सभी ₹ 0.00 0 ₹ 0.00 24012017 10702:1992 आई स 698 1 टि ₹ 78,000.00 ₹ 63,000.00 ₹ 3.75 सभी ₹ 0.00 0 ₹ 0.00 06082017 10748:2004 आई स 699 100 ीटर ₹ 62,000.00 ₹ 50,000.00 ₹ 8.60 सभी ₹ 0.00 0 ₹ 0.00 20122016 10758:1983"
111,1,"आई स 700 1 पीस ₹ 46,000.00 ₹ 37,000.00 ₹ 1.45 सभी ₹ 0.00 0 ₹ 0.00 24082016 10775:1984 आई स 701 1 पीस ₹ 56,000.00 ₹ 45,000.00 ₹ 0.90 सभी ₹ 0.00 0 ₹ 0.00 30122016 10805:1986 आई स 1 मीठिक 702 ₹ 63,000.00 ₹ 51,000.00 ₹ 160.00 सभी ₹ 0.00 0 ₹ 0.00 24082016 10889:2004 टि आई स 703 100 मीटर ₹ 69,000.00 ₹ 56,000.00 ₹ 5.20 सभी ₹ 0.00 0 ₹ 0.00 20122016 10908:1991 आई स 704 1 पीस ₹ 46,000.00 ₹ 37,000.00 ₹ 250.00 सभी ₹ 0.00 0 ₹ 0.00 24082016 11006:2011 आई स 705 100 ीटर ₹ 52,000.00 ₹ 42,000.00 ₹ 34.50 सभी ₹ 0.00 0 ₹ 0.00 20122016 11010:1984 आई स 706 1 पीस ₹ 46,000.00 ₹ 37,000.00 ₹ 1.75 सभी ₹ 0.00 0 ₹ 0.00 24082016 11037:1984 आई स 707 1 टि ₹ 59,000.00 ₹ 48,000.00 ₹ 43.20 सभी ₹ 0.00 0 ₹ 0.00 20122016 11087:1986 आई स 708 क मीटर ₹ 79,000.00 ₹ 64,000.00 ₹ 3.00 सभी ₹ 0.00 0 ₹ 0.00 13072016 11169:भाग 1:1984 आई स 709 1 पीस ₹ 46,000.00 ₹ 37,000.00 ₹ 17.30 1500 ₹ 10.40 िेि ₹ 0.00 24082016 11170:1985 आई स 710 1 पीस ₹ 46,000.00 ₹ 37,000.00 ₹ 288.00 सभी ₹ 0.00 0 ₹ 0.00 24082016 11188:भाग 1:2014 आई स क जोडी 711 ₹ 46,000.00 ₹ 37,000.00 ₹ 0.54 सभी ₹ 0.00 0 ₹ 0.00 24082016 11226:1993 जूत े आई स 712 1 पीस ₹ 46,000.00 ₹ 37,000.00 ₹ 1.00 सभी ₹ 0.00 0 ₹ 0.00 24082016 11241:1985 आई स 713 1 पीस ₹ 46,000.00 ₹ 37,000.00 ₹ 2.00 सभी ₹ 0.00 0 ₹ 0.00 24082016 11279:1985 आई स 714 क स्प्रेयर ₹ 1,08,000.00 ₹ 92,000.00 ₹ 12.50 सभी ₹ 0.00 0 ₹ 0.00 24082016 11313:2007 आई स 715 1 पीस ₹ 46,000.00 ₹ 37,000.00 ₹ 260.00 सभी ₹ 0.00 0 ₹ 0.00 24082016 11378:2002 आई स 716 1 मिीि ₹ 71,000.00 ₹ 57,000.00 ₹ 17.75 सभी ₹ 0.00 0 ₹ 0.00 26122016 11459:1985"
112,1,"आई स 717 1 पीस ₹ 46,000.00 ₹ 37,000.00 ₹ 17.30 1500 ₹ 10.40 िेि ₹ 0.00 24082016 11501:1986 आई स 718 क टि ₹ 59,000.00 ₹ 48,000.00 ₹ 3.75 सभी ₹ 0.00 0 ₹ 0.00 06082017 11513:2017 आई स ₹ 719 क टि ₹ 1,55,000.00 ₹ 172.80 सभी ₹ 0.00 0 ₹ 0.00 20122016 11536:2007 1,24,000.00 आई स 720 1 पीस ₹ 99,000.00 ₹ 82,000.00 ₹ 20.00 सभी ₹ 0.00 0 ₹ 0.00 24082016 11552:2008 आई स 721 1 पीस ₹ 46,000.00 ₹ 37,000.00 ₹ 0.20 सभी ₹ 0.00 0 ₹ 0.00 24082016 11569:1986 आई स 722 1 क्रेट ₹ 74,000.00 ₹ 60,000.00 ₹ 0.25 सभी ₹ 0.00 0 ₹ 0.00 06072017 11584:1986 आई स 723 1 पीस ₹ 46,000.00 ₹ 37,000.00 ₹ 0.50 सभी ₹ 0.00 0 ₹ 0.00 24082016 11646:भाग 2:1986 आई स 724 1 पीस ₹ 46,000.00 ₹ 37,000.00 ₹ 0.50 सभी ₹ 0.00 0 ₹ 0.00 24082016 11646:भाग 1:2003 आई स 725 1 टि ₹ 55,000.00 ₹ 44,000.00 ₹ 52.00 सभी ₹ 0.00 0 ₹ 0.00 26122016 11652:2000 आई स 726 1 ाक. ी. ₹ 63,000.00 ₹ 51,000.00 ₹ 15.00 सभी ₹ 0.00 0 ₹ 0.00 20122016 11673:1992 आई स 727 1 पीस ₹ 46,000.00 ₹ 37,000.00 ₹ 2.00 सभी ₹ 0.00 0 ₹ 0.00 24082016 11708:1986 आई स 728 क टि ₹ 46,000.00 ₹ 37,000.00 ₹ 26.00 सभी ₹ 0.00 0 ₹ 0.00 24082016 11722:1986 आई स 729 क टि ₹ 52,000.00 ₹ 42,000.00 ₹ 300.00 सभी ₹ 0.00 0 ₹ 0.00 20122016 11785:1986 आई स 730 1 पीस ₹ 65,000.00 ₹ 53,000.00 ₹ 66.00 800 ₹ 33.00 िेि ₹ 0.00 24082016 11833:1986 आई स 731 1 पीस ₹ 65,000.00 ₹ 53,000.00 ₹ 2.70 सभी ₹ 0.00 0 ₹ 0.00 24082016 11879:1986 आई स 732 11928:भाग 1 and 1 मीटर ₹ 51,000.00 ₹ 40,800.00 ₹ 0.25 सभी ₹ 0.00 0 ₹ 0.00 19022016 2:1987 आई स 733 क टि ₹ 53,000.00 ₹ 43,000.00 ₹ 345.00 सभी ₹ 0.00 0 ₹ 0.00 20122016 11995:1987"
113,1,"आई स 734 100 ीटर ₹ 58,000.00 ₹ 47,000.00 ₹ 56.00 सभी ₹ 0.00 0 ₹ 0.00 20122016 11997:1987 आई स 735 100 ीटर ₹ 48,000.00 ₹ 39,000.00 ₹ 69.10 सभी ₹ 0.00 0 ₹ 0.00 20122016 12016:1987 आई स 736 1 पीस ₹ 46,000.00 ₹ 37,000.00 ₹ 2.70 सभी ₹ 0.00 0 ₹ 0.00 24082016 12109:1987 आई स 737 1 पीस ₹ 58,000.00 ₹ 47,000.00 ₹ 8.70 सभी ₹ 0.00 0 ₹ 0.00 28072017 12225:1997 आई स 738 1000 पीस ₹ 59,000.00 ₹ 48,000.00 ₹ 1.00 सभी ₹ 0.00 0 ₹ 0.00 17072017 12227:2002 आई स 739 क ₹ 79,000.00 ₹ 64,000.00 ₹ 0.95 सभी ₹ 0.00 0 ₹ 0.00 26122016 12232:भाग 1:1996 आई स 740 1 ाक.र्ग्ा. ₹ 64,000.00 ₹ 52,000.00 ₹ 0.55 सभी ₹ 0.00 0 ₹ 0.00 30122016 12234:1988 आई स 741 क जोडा ₹ 69,000.00 ₹ 56,000.00 ₹ 0.44 सभी ₹ 0.00 0 ₹ 0.00 20122016 12254:1993 आई स 742 क टि ₹ 46,000.00 ₹ 37,000.00 ₹ 69.10 सभी ₹ 0.00 0 ₹ 0.00 24082016 12299:1998 आई स 743 1 टि ₹ 90,000.00 ₹ 72,000.00 ₹ 3.00 सभी ₹ 0.00 0 ₹ 0.00 30122016 12330:1988 आई स क 744 ₹ 46,000.00 ₹ 37,000.00 ₹ 1.38 सभी ₹ 0.00 0 ₹ 0.00 20122016 12337:1988 ब्र डकास्टर आई स 745 1 टि ₹ 46,000.00 ₹ 37,000.00 ₹ 17.30 2500 ₹ 8.70 Rest ₹ 0.00 24082016 12406:2003 आई स 746 1 टि ₹ 85,000.00 ₹ 68,000.00 ₹ 86.00 सभी ₹ 0.00 0 ₹ 0.00 28072017 12427:2001 आई स 747 1 टि ₹ 86,000.00 ₹ 69,000.00 ₹ 35.60 सभी ₹ 0.00 0 ₹ 0.00 26122016 12444:1988 आई स 748 1 ाक. ी. ₹ 73,000.00 ₹ 60,000.00 ₹ 144.00 सभी ₹ 0.00 0 ₹ 0.00 24082016 12463:1988 आई स 749 100 मीटर ₹ 72,000.00 ₹ 61,000.00 ₹ 5.60 सभी ₹ 0.00 0 ₹ 0.00 26122016 12492:1988 आई स 750 100 मीटर. ₹ 58,000.00 ₹ 47,000.00 ₹ 2.50 सभी ₹ 0.00 0 ₹ 0.00 24082016 12585:1988"
114,1,"आई स 751 1 पीस ₹ 1,36,000.00 ₹ 96,000.00 ₹ 1.75 सभी ₹ 0.00 0 ₹ 0.00 24082016 12586:1988 आई स क मीठिक 752 ₹ 46,000.00 ₹ 37,000.00 ₹ 5.40 सभी ₹ 0.00 0 ₹ 0.00 18052016 12591:2006 टि आई स 753 1 टि ₹ 46,000.00 ₹ 37,000.00 ₹ 10.40 सभी ₹ 0.00 0 ₹ 0.00 24082016 12592:2002 आई स 754 1 टि ₹ 46,000.00 ₹ 37,000.00 ₹ 3.00 सभी ₹ 0.00 0 ₹ 0.00 24082016 12594:1988 आई स 755 1 ाक.र् ट ₹ 46,000.00 ₹ 37,000.00 ₹ 1.75 सभी ₹ 0.00 0 ₹ 0.00 24082016 12615:2011 आई स 756 1 पीस ₹ 1,12,000.00 ₹ 96,000.00 ₹ 5.30 सभी ₹ 0.00 0 ₹ 0.00 24082016 12640:भाग 1:2008 आई स 757 1 पीस ₹ 1,12,000.00 ₹ 96,000.00 ₹ 5.30 सभी ₹ 0.00 0 ₹ 0.00 24082016 12640:भाग 2:2008 आई स 1 मीठिक 758 ₹ 59,000.00 ₹ 48,000.00 ₹ 17.30 सभी ₹ 0.00 0 ₹ 0.00 20122016 12650:2003 टि आई स 759 12664:भागt 1 पीस ₹ 46,000.00 ₹ 37,000.00 ₹ 1.80 सभी ₹ 0.00 0 ₹ 0.00 13112017 1:2003 आई स 760 100 ीटर ₹ 80,000.00 ₹ 60,000.00 ₹ 1.10 सभी ₹ 0.00 0 ₹ 0.00 24082016 12701:1996 आई स 761 1 ाक.र्ग्ा. ₹ 56,000.00 ₹ 45,000.00 ₹ 0.09 सभी ₹ 0.00 0 ₹ 0.00 13112017 12709:1994 आई स 762 100 ीटर ₹ 59,000.00 ₹ 48,000.00 ₹ 70.00 सभी ₹ 0.00 0 ₹ 0.00 20122016 12751:1989 आई स 763 1000 िीट ₹ 68,000.00 ₹ 55,000.00 ₹ 0.90 सभी ₹ 0.00 0 ₹ 0.00 20122016 12766:1997 आई स 764 1 टि ₹ 52,000.00 ₹ 42,000.00 ₹ 17.25 सभी ₹ 0.00 0 ₹ 0.00 30122016 12776:2002 आई स 765 क ाफलटर ₹ 46,000.00 ₹ 37,000.00 ₹ 5.22 सभी ₹ 0.00 0 ₹ 0.00 24082016 12785:1994 आई स 766 क ाक.र्ग्ा. ₹ 89,000.00 ₹ 72,000.00 ₹ 0.10 सभी ₹ 0.00 0 ₹ 0.00 20122016 12786:1989"
115,1,"आई स 767 100 पीस ₹ 48,000.00 ₹ 39,000.00 ₹ 8.00 सभी ₹ 0.00 0 ₹ 0.00 28072017 12817:2013 आई स 768 1 टि ₹ 76,000.00 ₹ 61,000.00 ₹ 170.00 सभी ₹ 0.00 0 ₹ 0.00 13112017 12818:2010 आई स 769 1 र्ग.व मी ₹ 98,000.00 ₹ 79,000.00 ₹ 0.27 सभी ₹ 0.00 0 ₹ 0.00 30122016 12823:2015 आई स 770 1 र्ग.व मी ₹ 84,000.00 ₹ 66,000.00 ₹ 0.70 सभी ₹ 0.00 0 ₹ 0.00 24082016 12866:1989 आई स 771 100 पीस ₹ 46,000.00 ₹ 37,000.00 ₹ 5.00 सभी ₹ 0.00 0 ₹ 0.00 24082016 12894:2002 आई स 772 क टि ₹ 49,000.00 ₹ 40,000.00 ₹ 449.28 सभी ₹ 0.00 0 ₹ 0.00 20122016 12912:1990 आई स 773 क टि ₹ 46,000.00 ₹ 37,000.00 ₹ 449.28 सभी ₹ 0.00 0 ₹ 0.00 24082016 12913:1990 आई स 774 क टि ₹ 46,000.00 ₹ 37,000.00 ₹ 728.20 सभी ₹ 0.00 0 ₹ 0.00 20122016 12916:1990 आई स 775 100 ाक.र्ग्ा ₹ 53,000.00 ₹ 43,000.00 ₹ 43.20 सभी ₹ 0.00 0 ₹ 0.00 20122016 12931:1990 आई स 776 1 र्ग व मीटर ₹ 46,000.00 ₹ 37,000.00 ₹ 10.40 सभी ₹ 0.00 0 ₹ 0.00 24082016 12933:भाग 1:2003 आई स 777 100 पीस ₹ 46,000.00 ₹ 37,000.00 ₹ 16.00 सभी ₹ 0.00 0 ₹ 0.00 24082016 12950:1990 आई स 778 1 टि . ₹ 64,000.00 ₹ 52,000.00 ₹ 6.00 सभी ₹ 0.00 0 ₹ 0.00 06082017 12981:1991 आई स 779 1 टि ₹ 46,000.00 ₹ 37,000.00 ₹ 14.40 सभी ₹ 0.00 0 ₹ 0.00 24082016 13000:1990 आई स 780 1 पीस ₹ 58,000.00 ₹ 47,000.00 ₹ 0.42 100000 ₹ 0.30 200000 ₹ 0.18 24082016 13010:2002 आई स 781 1 पीस ₹ 58,000.00 ₹ 47,000.00 ₹ 2.70 सभी ₹ 0.00 0 ₹ 0.00 24082016 13021:भाग 1:1991 आई स 782 1 पीस ₹ 73,000.00 ₹ 60,000.00 ₹ 2.70 सभी ₹ 0.00 0 ₹ 0.00 24082016 13021:भाग 2:1991 आई स 783 1 पीस ₹ 62,000.00 ₹ 50,000.00 ₹ 1.35 सभी ₹ 0.00 0 ₹ 0.00 30122016 13049:1991"
116,1,"आई स upto 300 to 784 1 पीस ₹ 52,000.00 ₹ 42,000.00 ₹ 3.50 ₹ 17.30 ₹ 28.80 30122016 13095:1991 300 1200 आई स 785 1 पीस ₹ 91,000.00 ₹ 77,000.00 ₹ 0.50 100000 ₹ 0.35 100000 ₹ 0.15 13112017 13098:2012 आई स 786 1 पीस ₹ 58,000.00 ₹ 47,000.00 ₹ 0.60 सभी ₹ 0.00 0 ₹ 0.00 24082016 13114:1991 आई स 787 1 पीस ₹ 50,000.00 ₹ 40,000.00 ₹ 0.52 सभी ₹ 0.00 0 ₹ 0.00 28072017 13152:भाग 1:2013 आई स 788 क ीटर ₹ 47,000.00 ₹ 38,000.00 ₹ 7.00 सभी ₹ 0.00 0 ₹ 0.00 20122016 13209:1991 आई स 789 100 ीटर ₹ 80,000.00 ₹ 64,000.00 ₹ 48.00 सभी ₹ 0.00 0 ₹ 0.00 20122016 13213:1991 आई स 790 1 पीस ₹ 72,000.00 ₹ 59,000.00 ₹ 2.65 सभी ₹ 0.00 0 ₹ 0.00 24082016 13258:भाग 1:2014 आई स 791 क टि ₹ 80,000.00 ₹ 64,000.00 ₹ 25.90 1000 ₹ 17.40 1000 ₹ 8.60 06082017 13334:भाग 2:2014 आई स 792 क टि ₹ 80,000.00 ₹ 64,000.00 ₹ 34.50 सभी ₹ 0.00 0 ₹ 0.00 06082017 13334:2014 आई स 793 1केर्ी आर ₹ 58,000.00 ₹ 47,000.00 ₹ 0.90 सभी ₹ 0.00 0 ₹ 0.00 24082016 13340:भाग 1:2012 आई स 1 मीठिक 794 ₹ 58,000.00 ₹ 47,000.00 ₹ 62.50 सभी ₹ 0.00 0 ₹ 0.00 24082016 13382:2004 टि आई स 795 1 पीस ₹ 1,04,000.00 ₹ 84,000.00 ₹ 58.00 सभी ₹ 0.00 0 ₹ 0.00 30122016 13385:1992 आई स 796 1 पीस ₹ 1,06,000.00 ₹ 85,000.00 ₹ 58.00 सभी ₹ 0.00 0 ₹ 0.00 30122016 13386:1992 आई स 797 100 जोड े ₹ 70,000.00 ₹ 56,000.00 ₹ 1.74 सभी ₹ 0.00 0 ₹ 0.00 17072017 13422:1992 आई स ₹ 798 1000 ीटर ₹ 1,25,000.00 ₹ 20.00 6000 ₹ 15.00 4000 ₹ 10.00 20122016 13428:2005 1,00,000.00 आई स 799 1 पीस ₹ 46,000.00 ₹ 37,000.00 ₹ 6.00 सभी ₹ 0.00 0 ₹ 0.00 24082016 13429:भाग 1:2000"
117,1,"आई स क मीठिक ₹ 800 ₹ 58,000.00 ₹ 47,000.00 सभी ₹ 0.00 0 ₹ 0.00 20122016 13457:1992 टि 1,124.00 आई स 801 100 पीस ₹ 46,000.00 ₹ 37,000.00 ₹ 4.40 सभी ₹ 0.00 0 ₹ 0.00 24082016 13466:1992 आई स 802 1000 ₹ 55,000.00 ₹ 44,000.00 ₹ 8.60 सभी ₹ 0.00 0 ₹ 0.00 20122016 13487:1992 आई स 803 1 ाक.र्ग्ा. ₹ 74,000.00 ₹ 61,000.00 ₹ 0.35 सभी ₹ 0.00 0 ₹ 0.00 24082016 13488:2008 आई स 804 1 टि ₹ 46,000.00 ₹ 37,000.00 ₹ 3.00 सभी ₹ 0.00 0 ₹ 0.00 24082016 13502:1992 आई स 805 1 ाक.र्ग्ा. ₹ 46,000.00 ₹ 37,000.00 ₹ 0.36 सभी ₹ 0.00 0 ₹ 0.00 24082016 13584:1993 आई स 806 1 केर्ी आर ₹ 58,000.00 ₹ 47,000.00 ₹ 0.90 सभी ₹ 0.00 0 ₹ 0.00 24082016 13585:भाग 1:2012 आई स 807 100ाक.र्ग्ा ₹ 71,000.00 ₹ 57,000.00 ₹ 20.40 सभी ₹ 0.00 0 ₹ 0.00 17072017 13592:2013 आई स 1 मीठिक 808 ₹ 68,000.00 ₹ 55,000.00 ₹ 4.00 सभी ₹ 0.00 0 ₹ 0.00 6092016 13620:1993 टि आई स 809 क टि ₹ 58,000.00 ₹ 47,000.00 ₹ 312.00 सभी ₹ 0.00 0 ₹ 0.00 24082016 13692:1993 आई स 810 13703:भाग 2:खंड 100 पीस ₹ 65,000.00 ₹ 53,000.00 ₹ 5.30 सभी ₹ 0.00 0 ₹ 0.00 24082016 1:1993 आई स 811 1 पीस ₹ 59,000.00 ₹ 48,000.00 ₹ 3.50 सभी ₹ 0.00 0 ₹ 0.00 20062016 13714:1993 आई स 812 1 टि ₹ 46,000.00 ₹ 37,000.00 ₹ 57.60 सभी ₹ 0.00 0 ₹ 0.00 24082016 13730:भाग 8:1996 आई स 813 13730:भाग 1 टि ₹ 46,000.00 ₹ 37,000.00 ₹ 57.60 सभी ₹ 0.00 0 ₹ 0.00 24082016 45:1999 आई स 814 1 टि ₹ 46,000.00 ₹ 37,000.00 ₹ 57.60 सभी ₹ 0.00 0 ₹ 0.00 24082016 13730:भाग 3:2012"
118,1,"आई स 815 13730:भाग 1 टि ₹ 46,000.00 ₹ 37,000.00 ₹ 57.60 सभी ₹ 0.00 0 ₹ 0.00 20062017 13:2014 आई स13779:199 ₹ 816 1 पीस ₹ 1,81,000.00 ₹ 1.32 सभी ₹ 0.00 0 ₹ 0.00 24082016 9 1,57,000.00 आई स 817 01 ाक.र्ग्ा.. ₹ 55,000.00 ₹ 44,000.00 ₹ 2.60 सभी ₹ 0.00 0 ₹ 0.00 20122016 13785:1993 आई स 818 क टि ₹ 55,000.00 ₹ 44,000.00 ₹ 2.60 सभी ₹ 0.00 0 ₹ 0.00 24082016 13787:1993 आई स 819 10 र्ग.व मी ₹ 79,000.00 ₹ 64,000.00 ₹ 3.50 सभी ₹ 0.00 0 ₹ 0.00 30122016 13801:2013 आई स 820 1 पीस ₹ 58,000.00 ₹ 47,000.00 ₹ 0.90 सभी ₹ 0.00 0 ₹ 0.00 24082016 13947:भाग 3:1993 आई स 821 13947:भाग 4:खंड 1 पीस ₹ 58,000.00 ₹ 47,000.00 ₹ 0.27 सभी ₹ 0.00 0 ₹ 0.00 24082016 1:1993 आई स 822 1 र्ग व मीटर ₹ 46,000.00 ₹ 37,000.00 ₹ 0.50 सभी ₹ 0.00 0 ₹ 0.00 24082016 13958:1994 आई स 823 1 पीस ₹ 1,02,000.00 ₹ 82,000.00 ₹ 4.00 सभी ₹ 0.00 0 ₹ 0.00 30122016 13983:1994 आई स 824 1 ड्रम ₹ 53,000.00 ₹ 43,000.00 ₹ 1.80 सभी ₹ 0.00 0 ₹ 0.00 20122016 13997:2014 आई स 825 1 पीस ₹ 58,000.00 ₹ 47,000.00 ₹ 8.70 सभी ₹ 0.00 0 ₹ 0.00 24082016 14106:1996 आई स 826 क ाक.र्ग्ा.. ₹ 1,08,000.00 ₹ 87,000.00 ₹ 0.18 सभी ₹ 0.00 0 ₹ 0.00 20122016 14151:भाग 1:1999 आई स 827 क सेट ₹ 65,000.00 ₹ 53,000.00 ₹ 0.30 सभी ₹ 0.00 0 ₹ 0.00 24082016 14151:भाग 2:2008 आई स 828 100 ाक.र्ग्ा. ₹ 63,000.00 ₹ 51,000.00 ₹ 414.70 सभी ₹ 0.00 0 ₹ 0.00 20122016 14158:1994 आई स ₹ 829 100 िंबर ₹ 1,21,000.00 ₹ 45.00 सभी ₹ 0.00 0 ₹ 0.00 24082016 14166:1994 1,01,000.00 आई स 830 क ीटर ₹ 68,000.00 ₹ 56,000.00 ₹ 0.50 सभी ₹ 0.00 0 ₹ 0.00 24082016 14182:1994"
119,1,"आई स 831 क टि ₹ 53,000.00 ₹ 43,000.00 ₹ 792.00 सभी ₹ 0.00 0 ₹ 0.00 20122016 14183:1994 आई स 832 क टि ₹ 53,000.00 ₹ 45,000.00 ₹ 57.60 सभी ₹ 0.00 0 ₹ 0.00 26122016 14184:1994 आई स 833 क टि ₹ 46,000.00 ₹ 37,000.00 ₹ 312.00 सभी ₹ 0.00 0 ₹ 0.00 24082016 14186:1994 आई स 834 1 पीस ₹ 91,000.00 ₹ 75,000.00 ₹ 56.00 सभी ₹ 0.00 0 ₹ 0.00 24082016 14203:1999 आई स 835 1 पीस ₹ 46,000.00 ₹ 37,000.00 ₹ 17.30 200 ₹ 10.00 िेि ₹ 0.00 24082016 14220:1994 आई स 836 1 टि ₹ 46,000.00 ₹ 37,000.00 ₹ 6.00 सभी ₹ 0.00 0 ₹ 0.00 24082016 14246:2013 आई स 1 मीठिक 837 ₹ 85,000.00 ₹ 68,000.00 ₹ 340.00 सभी ₹ 0.00 0 ₹ 0.00 26122016 14252:2015 टि आई स ₹ 838 100 मी. ₹ 1,80,000.00 ₹ 20.00 सभी ₹ 0.00 0 ₹ 0.00 30122016 14255:1995 1,44,000.00 आई स 839 100 पीस ₹ 46,000.00 ₹ 37,000.00 ₹ 60.00 सभी ₹ 0.00 0 ₹ 0.00 24082016 14261:1995 आई स 840 1 टि ₹ 1,00,000.00 ₹ 84,000.00 ₹ 34.60 सभी ₹ 0.00 0 ₹ 0.00 24082016 14268:1995 आई स 841 1 र्ग व मीटर ₹ 58,000.00 ₹ 47,000.00 ₹ 0.18 सभी ₹ 0.00 0 ₹ 0.00 24082016 14276:1995 आई स 842 100 ीटर ₹ 46,000.00 ₹ 37,000.00 ₹ 36.00 1000 ₹ 18.00 िेि ₹ 0.00 24082016 14300:1995 आई स 843 1 ाक.र्ग्ा. ₹ 1,00,000.00 ₹ 84,000.00 ₹ 0.22 सभी ₹ 0.00 0 ₹ 0.00 24082016 14333:1996 आई स 844 1 टि ₹ 46,000.00 ₹ 37,000.00 ₹ 27.00 सभी ₹ 0.00 0 ₹ 0.00 20062017 14394:1996 आई स 845 14399:भाग 1 और 1 ाक.र्ग्ा. ₹ 65,000.00 ₹ 53,000.00 ₹ 0.36 सभी ₹ 0.00 0 ₹ 0.00 24082016 2:1996 आई स 846 1 ाक.र्ग्ा. ₹ 65,000.00 ₹ 53,000.00 ₹ 0.15 सभी ₹ 0.00 0 ₹ 0.00 24082016 14402:1996 आई स 847 100 ीटर ₹ 48,000.00 ₹ 39,000.00 ₹ 62.40 सभी ₹ 0.00 0 ₹ 0.00 20122016 14411:1996"
120,1,"आई स 848 1 पीस ₹ 46,000.00 ₹ 37,000.00 ₹ 10.00 सभी ₹ 0.00 0 ₹ 0.00 24082016 14429:1997 आई स ₹ 849 1 टि ₹ 1,36,000.00 ₹ 51.80 सभी ₹ 0.00 0 ₹ 0.00 24082016 14433:2007 1,20,000.00 आई स ₹ 850 100 ाक.र्ग्ा ₹ 1,31,000.00 ₹ 29.00 सभी ₹ 0.00 0 ₹ 0.00 24082016 14443:1997 1,09,000.00 आई स 851 1 पीस ₹ 61,000.00 ₹ 50,000.00 ₹ 1.60 सभी ₹ 0.00 0 ₹ 0.00 24082016 14483:भाग 1:1997 आई स 852 1 टि ₹ 46,000.00 ₹ 37,000.00 ₹ 12.50 सभी ₹ 0.00 0 ₹ 0.00 24082016 14490:1997 आई स ₹ 853 100 मीटर ₹ 1,39,000.00 ₹ 17.30 सभी ₹ 0.00 0 ₹ 0.00 30122016 14494:1998 1,12,000.00 आई स 854 ीटर ₹ 64,000.00 ₹ 51,200.00 ₹ 0.50 सभी ₹ 0.00 0 ₹ 0.00 23122015 14506:1998 आई स 855 1 ाक.र्ग्ा.. ₹ 52,000.00 ₹ 42,000.00 ₹ 6.00 सभी ₹ 0.00 0 ₹ 0.00 20122016 14510:1997 आई स ₹ 856 1000 ीटर ₹ 1,28,000.00 ₹ 20.00 6000 ₹ 15.00 4000 ₹ 10.00 20122016 14543:2004 1,02,400.00 आई स 857 1 जोडा ₹ 65,000.00 ₹ 53,000.00 ₹ 0.65 सभी ₹ 0.00 0 ₹ 0.00 24082016 14544:1998 आई स 858 100 ीटर ₹ 47,000.00 ₹ 38,000.00 ₹ 40.00 सभी ₹ 0.00 0 ₹ 0.00 15112017 14550:1998 आई स 859 1 ाक.र्ग्ा.. ₹ 53,000.00 ₹ 43,000.00 ₹ 1.35 सभी ₹ 0.00 0 ₹ 0.00 20122016 14552:1998 आई स 860 1 पीस ₹ 91,000.00 ₹ 75,000.00 ₹ 38.00 सभी ₹ 0.00 0 ₹ 0.00 24082016 14561:2014 आई स 861 1 टि ₹ 1,18,000.00 ₹ 95,000.00 ₹ 20.00 सभी ₹ 0.00 0 ₹ 0.00 30122016 14587:1998 आई स 862 100 पीस ₹ 88,000.00 ₹ 73,000.00 ₹ 0.60 सभी ₹ 0.00 0 ₹ 0.00 24082016 14605:1998 आई स क मीिडया 863 ₹ 1,14,000.00 ₹ 93,000.00 ₹ 16.00 सभी ₹ 0.00 0 ₹ 0.00 24082016 14606:1998 ाफलटर आई स 864 1 ाक.र्ग्ा. ₹ 64,000.00 ₹ 51,000.00 ₹ 0.16 सभी ₹ 0.00 0 ₹ 0.00 24082016 14609:1999"
121,1,"आई स14611:201 1 मीठिक 865 ₹ 1,12,000.00 ₹ 96,000.00 ₹ 62.50 सभी ₹ 0.00 0 ₹ 0.00 24082016 6 टि आई स 866 ाक ो र्ग्ाम ₹ 49,700.00 ₹ 39,800.00 ₹ 0.12 8,00,000 ₹ 0.04 िेि ₹ 0.00 7032016 14613:1998 आई स 867 1 घि.मी. ₹ 81,000.00 ₹ 69,000.00 ₹ 29.00 सभी ₹ 0.00 0 ₹ 0.00 24082016 14616:1999 आई स 868 100 बोत े ₹ 1,10,000.00 ₹ 88,000.00 ₹ 3.00 सभी ₹ 0.00 0 ₹ 0.00 13112017 14625:2015 आई स 869 1 टि ₹ 46,000.00 ₹ 37,000.00 ₹ 3.00 सभी ₹ 0.00 0 ₹ 0.00 24082016 14650:1999 आई स ₹ 870 1 मीटर ₹ 1,38,200.00 ₹ 3.60 सभी ₹ 0.00 0 ₹ 0.00 1122006 14697:1999 1,24,700.00 आई स 871 1 पीस ₹ 87,000.00 ₹ 70,000.00 ₹ 9.60 सभी ₹ 0.00 0 ₹ 0.00 20122016 14724:1999 आई स 872 100 पीस ₹ 79,000.00 ₹ 64,000.00 ₹ 12.50 सभी ₹ 0.00 0 ₹ 0.00 13112017 14735:1999 आई स 873 1 ाफलटर ₹ 68,000.00 ₹ 55,000.00 ₹ 8.00 सभी ₹ 0.00 0 ₹ 0.00 20122016 14743:1999 आई स 874 100 िंबर ₹ 91,000.00 ₹ 75,000.00 ₹ 8.00 सभी ₹ 0.00 0 ₹ 0.00 24082016 14746:1999 आई स 875 1 ाक.र्ग्ा. ₹ 51,000.00 ₹ 42,000.00 ₹ 0.25 सभी ₹ 0.00 0 ₹ 0.00 30122016 14756:2000 आई स 876 100 पीस ₹ 69,000.00 ₹ 56,000.00 ₹ 4.70 सभी ₹ 0.00 0 ₹ 0.00 30122016 14768:भाग 2:2003 आई स 877 1 पीस ₹ 64,000.00 ₹ 37,000.00 ₹ 1.60 सभी ₹ 0.00 0 ₹ 0.00 24082016 14769:2000 आई स 878 100 पीस ₹ 52,200.00 ₹ 44,200.00 ₹ 9.20 सभी ₹ 0.00 0 ₹ 0.00 1072006 14772:2000 आई स 1 मीठिक 879 ₹ 46,000.00 ₹ 37,000.00 ₹ 140.00 सभी ₹ 0.00 0 ₹ 0.00 24082016 14806:2000 टि आई स 1 मीठिक 880 ₹ 46,000.00 ₹ 37,000.00 ₹ 140.00 सभी ₹ 0.00 0 ₹ 0.00 24082016 14807:2000 टि आई स 881 1 पीस ₹ 46,000.00 ₹ 37,000.00 ₹ 12.20 सभी ₹ 0.00 0 ₹ 0.00 24082016 14845:2000"
122,1,"आई स 882 1 पीस ₹ 74,000.00 ₹ 60,000.00 ₹ 17.30 सभी ₹ 0.00 0 ₹ 0.00 30122016 14846:2000 आई स ₹ 883 1 मिीि ₹ 3,15,000.00 ₹ 40.00 सभी ₹ 0.00 0 ₹ 0.00 6092016 14855:भाग 1:2000 2,52,000.00 आई स 884 1 टि ₹ 46,000.00 ₹ 37,000.00 ₹ 1.75 सभी ₹ 0.00 0 ₹ 0.00 24082016 14862:2000 आई स 885 1 टि ₹ 46,000.00 ₹ 37,000.00 ₹ 12.00 सभी ₹ 0.00 0 ₹ 0.00 24082016 14871:2000 आई स 886 1 टि ₹ 1,12,000.00 ₹ 96,000.00 ₹ 96.00 सभी ₹ 0.00 0 ₹ 0.00 24082016 14885:2001 आई स 1 मीठिक 887 ₹ 82,000.00 ₹ 66,000.00 ₹ 150.00 सभी ₹ 0.00 0 ₹ 0.00 06082017 14887:2014 टि आई स 1 र्ग व मीटर 888 ₹ 71,000.00 ₹ 59,000.00 ₹ 2.10 सभी ₹ 0.00 0 ₹ 0.00 24082016 14898:2001 मी. आई स 889 1 पीस ₹ 1,36,000.00 ₹ 96,000.00 ₹ 5.00 सभी ₹ 0.00 0 ₹ 0.00 24082016 14899:2014 आई स 1 मीठिक 890 ₹ 51,000.00 ₹ 41,000.00 ₹ 10.00 सभी ₹ 0.00 0 ₹ 0.00 06072017 14900:2000 टि आई स 891 100 मी. ₹ 58,000.00 ₹ 47,000.00 ₹ 2.10 सभी ₹ 0.00 0 ₹ 0.00 24082016 14927:भाग 2:2001 आई स 1 मीठिक 892 ₹ 47,000.00 ₹ 38,000.00 ₹ 300.00 सभी ₹ 0.00 0 ₹ 0.00 20122016 14928:2001 टि. आई स 1 मीठिक 893 ₹ 49,000.00 ₹ 40,000.00 ₹ 260.00 सभी ₹ 0.00 0 ₹ 0.00 20122016 14929:2001 टि आई स 894 100 मी. ₹ 89,000.00 ₹ 72,000.00 ₹ 8.10 सभी ₹ 0.00 0 ₹ 0.00 17072017 14930:भाग 2:2001 आई स 895 1 मी. ₹ 71,000.00 ₹ 59,000.00 ₹ 1.80 सभी ₹ 0.00 0 ₹ 0.00 24082016 14933:2001 आई स ₹ 896 1 पीस ₹ 5,97,000.00 ₹ 480.00 सभी ₹ 0.00 0 ₹ 0.00 28072017 14951:2001 4,78,000.00 आई स 1 मीठिक 897 ₹ 58,000.00 ₹ 47,000.00 ₹ 150.00 सभी ₹ 0.00 0 ₹ 0.00 24082016 14968:2015 टि"
123,1,"आई स 898 100 पीस ₹ 62,000.00 ₹ 51,000.00 ₹ 8.00 सभी ₹ 0.00 0 ₹ 0.00 24082016 15041:2001 आई स 899 1 टि ₹ 90,000.00 ₹ 72,000.00 ₹ 160.00 सभी ₹ 0.00 0 ₹ 0.00 30122016 15058:2002 आई स 900 100 ब क्स ₹ 83,000.00 ₹ 68,000.00 ₹ 10.00 सभी ₹ 0.00 0 ₹ 0.00 24082016 15073:भाग 2:2008 आई स 901 1 पीस ₹ 71,000.00 ₹ 59,000.00 ₹ 2.30 सभी ₹ 0.00 0 ₹ 0.00 24082016 15100:2001 आई स ₹ 902 100 पीस ₹ 2,23,000.00 ₹ 33.00 5000 ₹ 16.50 िेि ₹ 0.00 17072017 15111:भाग 1:2002 1,79,000.00 आई स ₹ 903 100 पीस ₹ 2,23,000.00 ₹ 33.00 5000 ₹ 16.50 िेि ₹ 0.00 17072017 15111:भाग 2:2002 1,79,000.00 आई स 904 1 टि ₹ 59,000.00 ₹ 48,000.00 ₹ 18.00 सभी ₹ 0.00 0 ₹ 0.00 06082017 15138:2010 आई स 905 1 टि ₹ 71,000.00 ₹ 59,000.00 ₹ 8.00 सभी ₹ 0.00 0 ₹ 0.00 24082016 15155:2002 आई स 906 100 ीटर ₹ 47,000.00 ₹ 38,000.00 ₹ 22.00 2000 ₹ 11.00 िेि ₹ 0.00 20122016 15160:2002 आई स 907 100 ीटर ₹ 49,000.00 ₹ 40,000.00 ₹ 130.00 सभी ₹ 0.00 0 ₹ 0.00 20122016 15182:2002 आई स 908 1 ाक.र्ग्ा. ₹ 46,000.00 ₹ 37,000.00 ₹ 1.10 सभी ₹ 0.00 0 ₹ 0.00 20122016 15219:2002 आई स 909 100 ीटर ₹ 47,000.00 ₹ 38,000.00 ₹ 115.00 सभी ₹ 0.00 0 ₹ 0.00 20122016 15227:2002 आई स 910 100 ीटर ₹ 46,000.00 ₹ 37,000.00 ₹ 230.00 सभी ₹ 0.00 0 ₹ 0.00 13112017 15228:2002 आई स 911 100 ीटर ₹ 57,000.00 ₹ 46,000.00 ₹ 124.20 सभी ₹ 0.00 0 ₹ 0.00 20122016 15236:2002 आई स 912 100 ीटर ₹ 46,000.00 ₹ 37,000.00 ₹ 50.00 सभी ₹ 0.00 0 ₹ 0.00 24082016 15240:2002 आई स 913 1 टि ₹ 1,15,000.00 ₹ 96,000.00 ₹ 180.00 सभी ₹ 0.00 0 ₹ 0.00 24082016 15265:2003 आई स 914 क जोडा ₹ 84,000.00 ₹ 69,000.00 ₹ 1.40 सभी ₹ 0.00 0 ₹ 0.00 24082016 15298:भाग 4:2010"
124,1,"आई स ₹ 915 1 जोडा ₹ 1,26,000.00 ₹ 1.76 सभी ₹ 0.00 0 ₹ 0.00 24082016 15298:भाग 2:2011 1,11,000.00 आई स ₹ 916 1 जोडा ₹ 1,46,000.00 ₹ 0.74 सभी ₹ 0.00 0 ₹ 0.00 24082016 15298:भाग 3:2011 1,29,000.00 आई स 917 100 ाफलटर ₹ 79,000.00 ₹ 64,000.00 ₹ 1.20 सभी ₹ 0.00 0 ₹ 0.00 24012017 15322:2003 आई स 918 1 पीस ₹ 46,000.00 ₹ 37,000.00 ₹ 0.80 सभी ₹ 0.00 0 ₹ 0.00 24082016 15323:2003 आई स 919 1 टि ₹ 88,000.00 ₹ 72,000.00 ₹ 79.00 सभी ₹ 0.00 0 ₹ 0.00 24082016 15328:2003 आई स 920 100 श टर ₹ 52,000.00 ₹ 42,000.00 ₹ 55.00 सभी ₹ 0.00 0 ₹ 0.00 20122016 15335:2003 आई स 100 र्ग व 921 ₹ 68,000.00 ₹ 56,000.00 ₹ 5.00 सभी ₹ 0.00 0 ₹ 0.00 24082016 15351:2015 मीटर आई स 922 100 िंबर ₹ 46,000.00 ₹ 37,000.00 ₹ 0.20 सभी ₹ 0.00 0 ₹ 0.00 24082016 15354:2003 आई स 923 1 र्ग व मीटर ₹ 71,000.00 ₹ 59,000.00 ₹ 2.20 सभी ₹ 0.00 0 ₹ 0.00 24082016 15380:2003 आई स 1 मीठिक 924 ₹ 46,000.00 ₹ 37,000.00 ₹ 5.00 सभी ₹ 0.00 0 ₹ 0.00 24082016 15391:2003 टि आई स 925 100 पीस ₹ 73,000.00 ₹ 59,000.00 ₹ 52.00 सभी ₹ 0.00 0 ₹ 0.00 20122016 15410:2003 आई स 926 1 पीस ₹ 75,000.00 ₹ 62,000.00 ₹ 5.00 सभी ₹ 0.00 0 ₹ 0.00 24082016 15449:भाग 1:2004 आई स 927 100 मी. ₹ 92,000.00 ₹ 79,000.00 ₹ 11.00 सभी ₹ 0.00 0 ₹ 0.00 24082016 15450:2004 आई स 1 मीठिक 928 ₹ 58,000.00 ₹ 47,000.00 ₹ 28.00 सभी ₹ 0.00 0 ₹ 0.00 24082016 15462:2004 टि . आई स 929 1 र्ग व मीटर ₹ 90,000.00 ₹ 74,000.00 ₹ 1.50 सभी ₹ 0.00 0 ₹ 0.00 24082016 15476:2004 आई स 930 1 म.टी ₹ 82,000.00 ₹ 68,000.00 ₹ 30.00 2300 ₹ 7.50 िेि ₹ 0.00 24082016 15477:2004"
125,1,"आई स 931 100 ीटर ₹ 1,05,000.00 ₹ 84,000.00 ₹ 21.00 सभी ₹ 0.00 0 ₹ 0.00 20122016 15489:2013 आई स 932 1 पीस ₹ 1,36,000.00 ₹ 96,000.00 ₹ 10.40 सभी ₹ 0.00 0 ₹ 0.00 24082016 15490:2017 आई स 933 1 पीस ₹ 46,000.00 ₹ 37,000.00 ₹ 5.30 सभी ₹ 0.00 0 ₹ 0.00 24082016 15500:भाग 2:2004 आई स 15500 : 934 भाग 3 : 2004 935 िीि व असे ब ी 1 असे ब ी ₹ 67,000.00 ₹ 55,000.00 ₹ 4.40 सभी ₹ 0.00 0 ₹ 0.00 24082016 936 ुत्था असे ब ी 1 असे ब ी ₹ 67,000.00 ₹ 55,000.00 ₹ 2.20 सभी ₹ 0.00 0 ₹ 0.00 24082016 937 शस ींडर असे ब ी 1 असे ब ी ₹ 67,000.00 ₹ 55,000.00 ₹ 2.80 सभी ₹ 0.00 0 ₹ 0.00 24082016 938 र् लर् असे ब ी 1 असे ब ी ₹ 67,000.00 ₹ 55,000.00 ₹ 1.00 सभी ₹ 0.00 0 ₹ 0.00 24082016 आई स 15500 : 939 भाग 4 : 2004 940 आकृनत सं.4.1 100 पीस ₹ 65,000.00 ₹ 53,000.00 ₹ 112.40 सभी ₹ 0.00 0 ₹ 0.00 19012017 941 आकृनत सं.4.2 100 पीस ₹ 65,000.00 ₹ 53,000.00 ₹ 112.40 सभी ₹ 0.00 0 ₹ 0.00 19012017 942 आकृनत सं.4.4 100 पीस ₹ 65,000.00 ₹ 53,000.00 ₹ 10.40 सभी ₹ 0.00 0 ₹ 0.00 19012017 943 आकृनत सं.4.5 100 पीस ₹ 65,000.00 ₹ 53,000.00 ₹ 10.40 सभी ₹ 0.00 0 ₹ 0.00 19012017 944 आकृनत सं.4.6 100 पीस ₹ 65,000.00 ₹ 53,000.00 ₹ 34.60 सभी ₹ 0.00 0 ₹ 0.00 19012017 945 आकृनत सं.4.7 100 पीस ₹ 65,000.00 ₹ 53,000.00 ₹ 41.60 सभी ₹ 0.00 0 ₹ 0.00 19012017 946 आकृनत सं.4.9 100 पीस ₹ 65,000.00 ₹ 53,000.00 ₹ 13.90 सभी ₹ 0.00 0 ₹ 0.00 19012017 947 आकृनत सं.4.10 100 पीस ₹ 65,000.00 ₹ 53,000.00 ₹ 26.00 सभी ₹ 0.00 0 ₹ 0.00 19012017 948 आकृनत सं.4.11 100 पीस ₹ 65,000.00 ₹ 53,000.00 ₹ 12.20 सभी ₹ 0.00 0 ₹ 0.00 19012017 949 आकृनत सं.4.12 100 पीस ₹ 65,000.00 ₹ 53,000.00 ₹ 121.00 सभी ₹ 0.00 0 ₹ 0.00 19012017 950 आकृनत सं.4.13 100 पीस ₹ 65,000.00 ₹ 53,000.00 ₹ 121.00 सभी ₹ 0.00 0 ₹ 0.00 19012017 951 आकृनत सं.4.15 100 पीस ₹ 65,000.00 ₹ 53,000.00 ₹ 69.20 सभी ₹ 0.00 0 ₹ 0.00 19012017 952 आकृनत सं.4.16 100 पीस ₹ 65,000.00 ₹ 53,000.00 ₹ 69.20 सभी ₹ 0.00 0 ₹ 0.00 19012017"
126,1,"953 आकृनत सं.4.17 100 पीस ₹ 65,000.00 ₹ 53,000.00 ₹ 69.20 सभी ₹ 0.00 0 ₹ 0.00 19012017 954 आकृनत सं.4.21 100 पीस ₹ 65,000.00 ₹ 53,000.00 ₹ 13.90 सभी ₹ 0.00 0 ₹ 0.00 19012017 955 आकृनत सं.4.22 100 पीस ₹ 65,000.00 ₹ 53,000.00 ₹ 19.00 सभी ₹ 0.00 0 ₹ 0.00 19012017 956 आकृनत सं.4.23 100 पीस ₹ 65,000.00 ₹ 53,000.00 ₹ 20.80 सभी ₹ 0.00 0 ₹ 0.00 19012017 957 आकृनत सं.4.24 100 पीस ₹ 65,000.00 ₹ 53,000.00 ₹ 15.60 सभी ₹ 0.00 0 ₹ 0.00 19012017 958 आकृनत सं.4.25 100 पीस ₹ 65,000.00 ₹ 53,000.00 ₹ 1.75 सभी ₹ 0.00 0 ₹ 0.00 19012017 959 आकृनत सं.4.26 1000 पीस ₹ 65,000.00 ₹ 53,000.00 ₹ 4.26 सभी ₹ 0.00 0 ₹ 0.00 19012017 960 आकृनत सं.4.27 1000 पीस ₹ 65,000.00 ₹ 53,000.00 ₹ 4.27 सभी ₹ 0.00 0 ₹ 0.00 19012017 961 आकृनत सं.4.28 100 पीस ₹ 65,000.00 ₹ 53,000.00 ₹ 4.40 सभी ₹ 0.00 0 ₹ 0.00 19012017 962 आकृनत सं.4.29 100 पीस ₹ 65,000.00 ₹ 53,000.00 ₹ 7.80 सभी ₹ 0.00 0 ₹ 0.00 19012017 963 आकृनत सं.4.30 100 पीस ₹ 65,000.00 ₹ 53,000.00 ₹ 7.80 सभी ₹ 0.00 0 ₹ 0.00 19012017 आई स 15500 : 964 भाग 5 : 2004 965 आकृनत सं.5.1 100 पीस ₹ 46,000.00 ₹ 37,000.00 ₹ 17.30 सभी ₹ 0.00 0 ₹ 0.00 24082016 966 आकृनत सं.5.2 100 पीस ₹ 46,000.00 ₹ 37,000.00 ₹ 17.30 सभी ₹ 0.00 0 ₹ 0.00 24082016 967 आकृनत सं.5.3 100 पीस ₹ 46,000.00 ₹ 37,000.00 ₹ 17.30 सभी ₹ 0.00 0 ₹ 0.00 24082016 968 आकृनत सं.5.4 100 पीस ₹ 46,000.00 ₹ 37,000.00 ₹ 10.40 सभी ₹ 0.00 0 ₹ 0.00 24082016 969 आकृनत सं.5.5 100 पीस ₹ 46,000.00 ₹ 37,000.00 ₹ 13.90 सभी ₹ 0.00 0 ₹ 0.00 24082016 970 आकृनत सं.5.6 100 पीस ₹ 46,000.00 ₹ 37,000.00 ₹ 13.90 सभी ₹ 0.00 0 ₹ 0.00 24082016 आई स 15500 : 971 भाग 6 : 2004 972 आकृनत सं.6.1 100 पीस ₹ 46,000.00 ₹ 37,000.00 ₹ 2.60 सभी ₹ 0.00 0 ₹ 0.00 24082016 973 आकृनत सं.6.2 100 पीस ₹ 46,000.00 ₹ 37,000.00 ₹ 8.70 सभी ₹ 0.00 0 ₹ 0.00 24082016 974 आकृनत सं.6.3 100 पीस ₹ 46,000.00 ₹ 37,000.00 ₹ 3.50 सभी ₹ 0.00 0 ₹ 0.00 24082016 975 आकृनत सं.6.4 100 पीस ₹ 46,000.00 ₹ 37,000.00 ₹ 7.00 सभी ₹ 0.00 0 ₹ 0.00 24082016 976 आकृनत सं.6.5 100 पीस ₹ 46,000.00 ₹ 37,000.00 ₹ 5.30 सभी ₹ 0.00 0 ₹ 0.00 24082016"
127,1,"977 आकृनत सं.6.6 100 पीस ₹ 46,000.00 ₹ 37,000.00 ₹ 10.40 सभी ₹ 0.00 0 ₹ 0.00 24082016 978 आकृनत सं.6.7 100 पीस ₹ 46,000.00 ₹ 37,000.00 ₹ 13.90 सभी ₹ 0.00 0 ₹ 0.00 24082016 979 आकृनत सं.6.8 100 पीस ₹ 46,000.00 ₹ 37,000.00 ₹ 15.60 सभी ₹ 0.00 0 ₹ 0.00 24082016 980 आकृनत सं.6.9 100 पीस ₹ 46,000.00 ₹ 37,000.00 ₹ 3.50 सभी ₹ 0.00 0 ₹ 0.00 24082016 981 आकृनत सं.6.10 100 पीस ₹ 46,000.00 ₹ 37,000.00 ₹ 7.00 सभी ₹ 0.00 0 ₹ 0.00 24082016 982 आकृनत सं.6.11 100 पीस ₹ 46,000.00 ₹ 37,000.00 ₹ 2.70 सभी ₹ 0.00 0 ₹ 0.00 24082016 983 आकृनत सं.6.12 100 पीस ₹ 46,000.00 ₹ 37,000.00 ₹ 7.00 सभी ₹ 0.00 0 ₹ 0.00 24082016 984 आकृनत सं.6.13 100 पीस ₹ 46,000.00 ₹ 37,000.00 ₹ 20.80 सभी ₹ 0.00 0 ₹ 0.00 24082016 985 आकृनत सं.6.14 100 पीस ₹ 46,000.00 ₹ 37,000.00 ₹ 17.30 सभी ₹ 0.00 0 ₹ 0.00 24082016 986 आकृनत सं.6.15 100 पीस ₹ 46,000.00 ₹ 37,000.00 ₹ 8.70 सभी ₹ 0.00 0 ₹ 0.00 24082016 987 आकृनत सं.6.16 100 पीस ₹ 46,000.00 ₹ 37,000.00 ₹ 8.70 सभी ₹ 0.00 0 ₹ 0.00 24082016 आई स 15500 : 988 भाग 7 : 2004 989 आकृनत सं.7.1 100 पीस ₹ 46,000.00 ₹ 37,000.00 ₹ 1.75 सभी ₹ 0.00 0 ₹ 0.00 24082016 990 आकृनत सं.7.2 100 पीस ₹ 46,000.00 ₹ 37,000.00 ₹ 1.75 सभी ₹ 0.00 0 ₹ 0.00 24082016 991 आकृनत सं.7.3 100 पीस ₹ 46,000.00 ₹ 37,000.00 ₹ 10.40 सभी ₹ 0.00 0 ₹ 0.00 24082016 992 आकृनत सं.7.4 100 पीस ₹ 46,000.00 ₹ 37,000.00 ₹ 7.00 सभी ₹ 0.00 0 ₹ 0.00 24082016 993 आकृनत सं.7.5 100 पीस ₹ 46,000.00 ₹ 37,000.00 ₹ 7.00 सभी ₹ 0.00 0 ₹ 0.00 24082016 994 आकृनत सं.7.6 100 पीस ₹ 46,000.00 ₹ 37,000.00 ₹ 3.50 सभी ₹ 0.00 0 ₹ 0.00 24082016 995 आकृनत सं.7.7 100 पीस ₹ 46,000.00 ₹ 37,000.00 ₹ 3.50 सभी ₹ 0.00 0 ₹ 0.00 24082016 996 आकृनत सं.7.8 100 पीस ₹ 46,000.00 ₹ 37,000.00 ₹ 7.00 सभी ₹ 0.00 0 ₹ 0.00 24082016 997 आकृनत सं.7.9 100 पीस ₹ 46,000.00 ₹ 37,000.00 ₹ 3.50 सभी ₹ 0.00 0 ₹ 0.00 24082016 998 आकृनत सं.7.10 100 पीस ₹ 46,000.00 ₹ 37,000.00 ₹ 5.30 सभी ₹ 0.00 0 ₹ 0.00 24082016 999 आकृनत सं.7.11 100 पीस ₹ 46,000.00 ₹ 37,000.00 ₹ 5.30 सभी ₹ 0.00 0 ₹ 0.00 24082016 1000 आकृनत सं.7.12 100 पीस ₹ 46,000.00 ₹ 37,000.00 ₹ 7.00 सभी ₹ 0.00 0 ₹ 0.00 24082016"
128,1,"1001 आकृनत सं.7.13 100 पीस ₹ 46,000.00 ₹ 37,000.00 ₹ 7.00 सभी ₹ 0.00 0 ₹ 0.00 24082016 1002 आकृनत सं.7.14 100 पीस ₹ 46,000.00 ₹ 37,000.00 ₹ 7.00 सभी ₹ 0.00 0 ₹ 0.00 24082016 1003 आकृनत सं.7.15 100 पीस ₹ 46,000.00 ₹ 37,000.00 ₹ 7.00 सभी ₹ 0.00 0 ₹ 0.00 24082016 आई स 1004 100 पीस ₹ 72,000.00 ₹ 58,000.00 ₹ 5.60 सभी ₹ 0.00 0 ₹ 0.00 25052016 15511:2004 आई स 1005 100 पीस ₹ 72,500.00 ₹ 58,000.00 ₹ 45.00 सभी ₹ 0.00 0 ₹ 0.00 15032015 15532:2004 आई स 1006 1 पीस ₹ 95,000.00 ₹ 76,000.00 ₹ 2.00 सभी ₹ 0.00 0 ₹ 0.00 30122016 15558:2005 आई स 1007 1 ाक.र्ग्ा ₹ 49,000.00 ₹ 40,000.00 ₹ 25.00 सभी ₹ 0.00 0 ₹ 0.00 20122016 15559:2004 आई स 1 मीठिक 1008 ₹ 57,000.00 ₹ 46,000.00 ₹ 10.00 सभी ₹ 0.00 0 ₹ 0.00 20122016 15573:2005 टि आई स 1 मीठिक सभी 1009 ₹ 57,000.00 ₹ 46,000.00 ₹ 45.00 ₹ 0.00 0 ₹ 0.00 24082016 15601:2005 टि इकाई आई स 1010 1 म.टी ₹ 68,000.00 ₹ 55,000.00 ₹ 170.00 सभी ₹ 0.00 0 ₹ 0.00 20122016 15603:2005 आई स 10 र्ग व 1011 ₹ 1,13,000.00 ₹ 94,000.00 ₹ 3.80 27000 ₹ 1.90 27000 ₹ 0.95 24082016 15622:2006 मीटर आई स ₹ 1012 1 पीस ₹ 2,43,000.00 ₹ 0.50 100000 ₹ 0.35 100000 ₹ 0.15 24082016 15627:2005 2,04,000.00 आई स ₹ 1013 1 पीस ₹ 2,58,000.00 ₹ 2.00 100000 ₹ 1.50 100000 ₹ 1.35 24082016 15633:2005 2,17,000.00 आई स ₹ 1014 1 पीस ₹ 2,42,000.00 ₹ 2.00 100000 ₹ 1.50 100000 ₹ 1.35 24082016 15636:2012 2,03,000.00 आई स 1 मीठिक 1015 ₹ 46,000.00 ₹ 37,000.00 ₹ 3.00 सभी ₹ 0.00 0 ₹ 0.00 24082016 15647:2006 टि आई स 1016 1 र्ग व मीटर ₹ 75,000.00 ₹ 62,000.00 ₹ 3.00 सभी ₹ 0.00 0 ₹ 0.00 24082016 15652:2006 आई स 1017 100 पीस ₹ 94,000.00 ₹ 76,000.00 ₹ 2.00 सभी ₹ 0.00 0 ₹ 0.00 13112017 15658:2006 आई स 1018 1 पीस ₹ 1,08,000.00 ₹ 90,000.00 ₹ 9.00 सभी ₹ 0.00 0 ₹ 0.00 24082016 15683:2006"
129,1,"आई स 1019 1000 ीटर ₹ 52,000.00 ₹ 42,000.00 ₹ 180.00 सभी ₹ 0.00 0 ₹ 0.00 20161226 15692:2006 आई स 1020 क मीटर ₹ 58,000.00 ₹ 47,000.00 ₹ 805.60 सभी ₹ 0.00 0 ₹ 0.00 06092016 15694:2006 आई स 1 मीठिक ₹ 1021 ₹ 1,54,000.00 ₹ 245.00 250 ₹ 123.00 250 ₹ 62.00 20122016 15757:2007 टि. 1,24,000.00 आई स ₹ 1022 1 टि ₹ 1,89,000.00 ₹ 30.00 सभी ₹ 0.00 0 ₹ 0.00 24082016 15778:2007 1,58,000.00 आई स 1023 1 र्ग व मीटर ₹ 1,01,000.00 ₹ 84,000.00 ₹ 0.30 सभी ₹ 0.00 0 ₹ 0.00 24082016 15786:2008 आई स 1024 100 पीस ₹ 56,000.00 ₹ 46,000.00 ₹ 3.50 सभी ₹ 0.00 0 ₹ 0.00 19012017 15787:2008 आई स ₹ 1025 1 टि ₹ 1,60,000.00 ₹ 20.00 सभी ₹ 0.00 0 ₹ 0.00 24082016 15801:2008 1,34,000.00 आई स 1026 1 पीस ₹ 71,000.00 ₹ 57,000.00 ₹ 0.30 सभी ₹ 0.00 0 ₹ 0.00 17032017 15833:2009 आई स 1027 1 पीस ₹ 55,000.00 ₹ 44,000.00 ₹ 0.40 सभी ₹ 0.00 0 ₹ 0.00 17032017 15834:2008 आई स 1028 1 टि ₹ 63,000.00 ₹ 51,000.00 ₹ 17.30 सभी ₹ 0.00 0 ₹ 0.00 15112017 15848:2009 आई स 1029 क मीटर ₹ 65,000.00 ₹ 52,000.00 ₹ 0.15 सभी ₹ 0.00 0 ₹ 0.00 6092016 15852:2009 आई स 100 र्ग व 1030 ₹ 66,000.00 ₹ 53,000.00 ₹ 10.10 सभी ₹ 0.00 0 ₹ 0.00 20122016 15853:2009 मीटर आई स ₹ 1031 1 पीस ₹ 3,32,000.00 ₹ 3.00 सभी ₹ 0.00 0 ₹ 0.00 24082016 15884:2010 2,80,000.00 आई स 1032 क टि ₹ 63,000.00 ₹ 51,000.00 ₹ 9.00 सभी ₹ 0.00 0 ₹ 0.00 24082016 15905:2011 आई स 1033 1 बेड ₹ 1,06,000.00 ₹ 88,000.00 ₹ 1.50 60000 ₹ 0.75 िेि ₹ 0.00 24082016 15907:2010 आई स 100 र्ग व 1034 ₹ 1,11,000.00 ₹ 92,000.00 ₹ 16.00 सभी ₹ 0.00 0 ₹ 0.00 24082016 15909:2015 मीटर आई स 1035 क टि ₹ 60,000.00 ₹ 49,000.00 ₹ 3.50 सभी ₹ 0.00 0 ₹ 0.00 24082016 15911:2010"
130,1,"आई स 1 मीठिक 1036 ₹ 46,000.00 ₹ 37,000.00 ₹ 64.00 सभी ₹ 0.00 0 ₹ 0.00 24082016 15914:2011 टि आई स 1037 1 ाक ो.र्ग्ा. ₹ 63,000.00 ₹ 51,000.00 ₹ 0.90 सभी ₹ 0.00 0 ₹ 0.00 20122016 15939:2011 आई स 1038 क मीटर ₹ 61,000.00 ₹ 49,000.00 ₹ 6.00 सभी ₹ 0.00 0 ₹ 0.00 23092016 15961:2012 आई स 1 मीठिक 1039 ₹ 46,000.00 ₹ 37,000.00 ₹ 62.00 सभी ₹ 0.00 0 ₹ 0.00 24082016 15962:2012 टि आई स 1040 मीठिक टि ₹ 65,000.00 ₹ 52,000.00 ₹ 6.25 सभी ₹ 0.00 0 ₹ 0.00 23092016 15965:2012 आई स 1041 क मीटर ₹ 90,000.00 ₹ 72,000.00 ₹ 12.00 सभी ₹ 0.00 0 ₹ 0.00 23092016 15997:2012 आई स 100 र्ग व 1042 ₹ 93,000.00 ₹ 77,000.00 ₹ 0.80 सभी ₹ 0.00 0 ₹ 0.00 24082016 16008:भाग 1:2016 मीटर आई स 100 र्ग व 1043 ₹ 1,16,000.00 ₹ 93,000.00 ₹ 0.80 सभी ₹ 0.00 0 ₹ 0.00 06072017 16008:भाग 2:2016 मीटर आई स 1044 100 ाक.र्ग्ा ₹ 94,000.00 ₹ 78,000.00 ₹ 15.28 सभी ₹ 0.00 0 ₹ 0.00 24082016 16014:2012 आई स ₹ 1045 1 टि ₹ 1,40,000.00 ₹ 400.00 सभी ₹ 0.00 0 ₹ 0.00 24082016 16088:2012 1,17,000.00 आई स ₹ 1046 1 टि ₹ 1,89,000.00 ₹ 174.00 सभी ₹ 0.00 0 ₹ 0.00 24082016 16098:भाग 1:2013 1,59,000.00 आई स ₹ 1047 100 मी. ₹ 2,09,000.00 ₹ 23.00 सभी ₹ 0.00 0 ₹ 0.00 24082016 16098:भाग 2:2013 1,76,000.00 आई स ₹ 1048 100 पीस ₹ 1,69,000.00 ₹ 3.50 सभी ₹ 0.00 0 ₹ 0.00 6092016 16102:भाग 2:2012 2,11,000.00 आई स ₹ 1049 1 पीस ₹ 4,60,000.00 ₹ 4.60 सभी ₹ 0.00 0 ₹ 0.00 24082016 16103:भाग 2:2012 3,89,000.00 आई स16111:201 1050 100 मी. ₹ 54,000.00 ₹ 43,000.00 ₹ 1.00 सभी ₹ 0.00 ₹ 0.00 24082016 3 आई स 1051 1 पीस ₹ 46,000.00 ₹ 37,000.00 ₹ 4.00 सभी ₹ 0.00 0 ₹ 0.00 24082016 16127:2013"
131,1,"आई स 1052 1000 ीटर ₹ 57,000.00 ₹ 46,000.00 ₹ 160.00 सभी ₹ 0.00 0 ₹ 0.00 26122016 16131:2015 आई स 1053 1000 ीटर ₹ 54,000.00 ₹ 44,000.00 ₹ 180.00 सभी ₹ 0.00 0 ₹ 0.00 26122016 16145:2013 आई स 1054 1 सेट ₹ 46,000.00 ₹ 37,000.00 ₹ 2.00 सभी ₹ 0.00 0 ₹ 0.00 24082016 16176:2014 आई स 1055 क मीटर ₹ 73,000.00 ₹ 59,000.00 ₹ 7.10 सभी ₹ 0.00 0 ₹ 0.00 06082017 16186:2014 आई स ₹ 1056 क मीटर ₹ 1,85,000.00 ₹ 280.00 सभी ₹ 0.00 0 ₹ 0.00 26122014 16190:2014 1,48,000.00 आई स 1 मीठिक 1057 ₹ 1,18,000.00 ₹ 95,000.00 ₹ 310.00 सभी ₹ 0.00 0 ₹ 0.00 06082017 16208:2015 टि आई स 1058 क मीटर ₹ 58,000.00 ₹ 47,000.00 ₹ 0.80 सभी ₹ 0.00 0 ₹ 0.00 06092016 16232:2014 आई स 1059 100 पीस ₹ 79,000.00 ₹ 63,200.00 ₹ 0.20 सभी ₹ 0.00 0 ₹ 0.00 4032015 16289:2014 आई स ₹ 1060 1 टि ₹ 1,86,000.00 ₹ 26.60 सभी ₹ 0.00 0 ₹ 0.00 26122016 16352:2015 1,49,000.00 आई स 1 मीठिक 1061 ₹ 72,000.00 ₹ 58,000.00 ₹ 3.00 सभी ₹ 0.00 0 ₹ 0.00 6092016 16415:2015 टि आई स 100 र्ग व 1062 ₹ 1,19,000.00 ₹ 96,000.00 ₹ 2.20 सभी ₹ 0.00 0 ₹ 0.00 6072017 16513:2016 मीटर आई स 1063 1 टि ₹ 51,000.00 ₹ 41,000.00 ₹ 42.60 सभी ₹ 0.00 0 ₹ 0.00 15112017 16585:2016 आई स/आईईसी 1064 60079:भागt 1 पीस ₹ 46,000.00 ₹ 37,000.00 ₹ 17.30 सभी ₹ 0.00 0 ₹ 0.00 24082016 11:2006 आई स/आईईसी 1065 1 पीस ₹ 46,000.00 ₹ 37,000.00 ₹ 1.75 सभी ₹ 0.00 0 ₹ 0.00 24082016 60079:भाग1:2007 आई स/आईईसी 1066 1 पीस ₹ 73,000.00 ₹ 60,000.00 ₹ 0.27 सभी ₹ 0.00 0 ₹ 0.00 24082016 60898:भाग 1:2002 आई स/आईईसी 1067 1 पीस ₹ 58,000.00 ₹ 47,000.00 ₹ 0.90 सभी ₹ 0.00 0 ₹ 0.00 24082016 60947:भाग 3:1999"
132,1,"आई स/आईईसी 1068 60947:भाग 1 पीस ₹ 58,000.00 ₹ 47,000.00 ₹ 0.27 सभी ₹ 0.00 0 ₹ 0.00 24082016 4:खंड1:2000 आई स/आईईसी 1069 60947:भाग 1 पीस ₹ 58,000.00 ₹ 47,000.00 ₹ 0.42 सभी ₹ 0.00 0 ₹ 0.00 24082016 5:खंड1:2003 * व्याख्या: स्ू म घ ए तथा मध्यम उद्यम का अथ व स्ू म घ ए तथा मध्यम उद्यम वर्कास अधधनियम 2006 (2006 का 27) में ठद ग के अिसए ार ुोगा।"
133,1,अिबए धं –II (योजिा-I का अिच्ए छेद 6 का उप-अिच्ए छेद (1) देखें) मािक मुए र मािक मुए र ुेत ए मोिोर्ग्ाम का िडजाइि आकृरत 1मानक धचह्न ह तू म(न(ग्राम मानक धचह्न क म(न(ग्राम क धचत्रात्मक रनपता में आकृरत 1 में िशाणई गई शैली में सटीक आर ख और ताललका 1 में दिया गया साा क्ष ुनूाात ताललका 1 म(न(ग्राम क ुधधामारनत आयाम सभी आयाम लमलीमीटर में A B a R r अिर के आकार 2.5 1.9 0.2 0 .4 - 1.0 शम.शम. 5 3.8 0.4 0.8 0.1 1.0 शम.शम. 10 7.5 0.7 1.7 0.2 2.0 शम.शम. 20 15 1.5 3.3 0.5 3.0 शम.शम. 40 30 2.9 6.7 1.0 4.0 शम.शम. 80 60 5.9 13.4 1.9 6.0 शम.शम. 160 120 11.7 26.7 3.8 10.0 शम.शम. 320 240 23.4 53.4 7.6 16.0 शम.शम.
134,1,प्रपता - I I ii नस् कीम- क ाैरा 3 क उा-ाैरा न1व क खंड नकव का उा-खंड न व ि खेंव वर्निमावण मिीिरी के संबंध में घोिणा कोई भी प्रवर््ष्ट ि काटी जा 1. / आर्ेदि अिएज्ञ्प्त सं. 2. / िाम पता क्र . सं. मिीिरी मेक / उत्पादि िमता प्रनतठदिन संख्या ठटप्पिणय ं यठद ागू ुो पुचाि सं. : ठटप् पण यठद अपेक्षित ुोन तो अनतररक्त पष्ृ ि गा
135,1,म ैं घोिणा करता ुू ाक ऊपर ठद ग वर्र्रण र्ा ी मिैं े अपिे निरीिण के दौराि उक्त दिावई गई मिीि मिीिरी ुमारे पास उप ब्ध ुैं। की उप ब्धता सत्यावपत की ुा। म ैं यु भी घोिणा करता ुू ाक जब कभी ाकसी कारण से Signature of BIS I.O .______________ कोई मिीिरी उप ब्ध िुीं ुोगीन तो म ैं भारतीय मािक ब्यूरो के पास पूर् व सूचिा भेजूंगा। भारतीय मािक ब्यूरो के प्रमाणि अधधकारी के ___________________________ ुस्तािर फम व प्रनतनिधध के ुस्तािर __________________ िाम िाम पदिाम पदिाम सत्यापि की तारीख तारीख * यठद वर्निमावण ाक्रयाक ाप का कोई भाग आऊटसोस व ाकया गया ुान तो आऊटसोस व ाक्रयाक ाप प्रयएक्त मिीिरी का वर्र्रण आऊटसोस व पररसर के पूरे पत े सठुत अ ग प्रपतप में दिाव कर भेजा जा गा।
136,1,प्रपता - 2 I iii नस् कीम- क ाैरा 3 क उा-ाैरा न1व क खंड नकव का उा-खंड न व ि खेंव परीिण उपकरण के संबंध में घोिणा कोई भी प्रवर््ष्ट ि काटी जा 1.. / आर्ेदि अिएज्ञ्प्त सं. 2. / िाम पता क्र . सं. परीिण उपकरण / रसायि और न्यूितम गणिा र्ाध अंिांकि ( जुा प्रयएक्त परीिण ठटप्पिणय ं पुचाि संख्या ( जुां ागू ुो ) और रेंज ( जुा ागू ुो ) ुा / िुीं का खंड संदभ व ( उपकरण की ागू ुो ) संख्या दिाव )
137,1,: ठटप् पण यठद अपेक्षित ुोन तो अनतररक्त पष्ृ ि गा म ैं तद्द्र्ारा घोिणा करता ुू ाक ऊपर ठद ग मिैं े अपिे निरीिण के दौराि उक्त दिाव ग परीिण वर्र्रण र्ा े परीिण उपकरण ुमारे पास उप ब्ध ुैं। उपकरण का सत्यापि ाकया ुा। म ैं यु भी घोिणा करता ुू ाक जब कभी ाकसी कारण Signature of BIS I.O .______________ से कोई परीिण उपकरण उप ब्ध िुीं ुोगा तो म ैं भारतीय मािक ब्यूरो के पास पूर् व सूचिा भेजूंगा। भारतीय मािक ब्यूरो के प्रमाणि अधधकारी के ुस्तािर ___________________________ फम व प्रनतनिधध के ुस्तािर िाम __________________ पदिाम िाम सत्यापि की तारीख पदिाम तारीख
138,1,"प्रपतप 3 (स् कीम–I के पारा 3 के उप-पारा (1) का खडं (ग) निठदवष्ट करें) निरीिण र् परीिण के प्रस् तावर्त नियंत्रण स् तर आर्ेदक/अिएज्ञ्प्तधारी का िाम: मासस व आर्ेदक/अिएज्ञ्प्तधारी का पता भा. मा. उत् पाद निरीिण र् परीिण स् कीम ( सआईटी) सं. : (1) (2) (3) परीिण वर्र्रण ब् यरू ो द्र्ारा वर्निठदवष्ट निरीिण निमावता द्र्ारा प्रस् तावर्त और परीिण योजिा के अिएसार नियंत्रण के प्रस् तावर्त स् तर के नियंत्रण स्तर खडं अपेिा परीिण िमूि की आर्वृ्ॉ ठटप् पिण िमूि आर्वृ्ॉ पररर्तिव पद्धनत खडं सं. य ं की सं. का संदभव औधचत्य, यठद कोई ुो फम व की मएुर ुस् तािर िाम पदिाम तारीख"
139,1,"प्रपतप 4 (स्कीम–I के पारा 3 के उप-पारा (1) का खडं (ड) निठदवष्ट करें) परीिण ररपोटव आर्ेदक का िाम/अिएज्ञ्प्तधारी : मासस व सी म/ - अथर्ा सी म/ आर्ेदक/ अिएज्ञ्प्तधारी का पता तक वर्धधमान्य भा. मा. श्रेणी/प्रकार/ाकस् म घोवित माि, यठद कोई ुो खेप/ ट सं. क्रम सं. वर्निमावण की तारीख कोई अन्य जािकारी परीिण के आरंभ ुोिे की तारीख परीिण के समापि की तारीख क्रम स.ं परीिण खडं भा मा वर्निठदवष्ट अर् ोाकत ठटप्पिणय ं संदभव अपेिा माि ठटप् पणी : अनतररक् त पष्ृ ि गा ,ं यठद आर्श् यक ुो ऊपर उ्ल िखत िमूिे ुमारे पररसर में उत् पाठदत और परीक्षित िमूिे भारतीय मािक ...........की अपेिा के अिएपतप/गार-अिएपतप ुा। फम व की मएुर ुस्त ािर िाम पदिाम तारीख"
140,1,प्रपतप 5 (स्कीम I के परा ा 3 के उप-परा ा (1) के खडं (छ) को देखें) भारतीय मानक ब्यरू ( उत्पाद प्रमाणि स्कीम मािक धचन्ु उपयोग करिे के श अिज्ञए ्प्त प्राप्त करिे के श आर्ेदि फम व का परू ा िाम पता टे ीफोि कायाव य गांर्/िुर ्ज ा राज्य देि वपिकोड फाक्स ई-मे पता टे ीफोि कारखािा गांर्/िुर ्ज ा राज्य देि वपिकोड फाक्स ई-मे िाम पदिाम िाम पदिाम प्रबधं ि 1 1 2 2 3 3 4 4 गएणता नियत्रं ण प्रभारी िाम टे ीफोि ई-मे संपकव व्य्क्त र्ुृ द कायाव य सार्जव निक स् के पत्राचार का पता िेत्र म स मई कारखािा प्राइर्ेट
141,1,यु आर्ेदि भारतीय मािक ब्यरू ो के मािक धचह्ि ( ) का उपयोग नि िािसए ार करिे के श ाकया जा रुा ुा : उत् पाद अपेिा ं संदभ व भारतीय मािक भा मा श्रेणी/प्रकार इत्याठद भाग धारा र्ि व उत् पादि की इकाई र्तमव ाि संस् थावपत िमता मात्रा राशि (पत) राशि(रु.) बीजक सं. तारीख सठुत फीस का ब्यौरा फम व की मुए र ुस्तािर िाम फम व का पिा ि.ं पदिाम आर्ेदि की तारीख डी.आई. ि. ि.ं(निदेिक के माम े में ) पिा ि.ं (अन्य माम में ) मुत्त्र्पणू व : आर्ेदि फम व के सीईओ या उसकी अिपए ्स्थनत में प्राधधकृत प्रनतनिधध द्र्ारा ुस्तािररत ुोिा चाठु ।
142,1,"आि िन क साथ य िस्ताि ज प्रस्तूत करन की ुा क्षा है : क्रम स.ं दस् तार्े़ ुा /िुीं/ ाग ू िुीं 1. कायाव य का िाम र् पता (फम व र्जस् िार का प्रमाणपत्र अथर्ा औद्योधगक मुानिदेिा य का प्रमाणपत्र अथर्ा औद्योधगक केन्र का प्रमाणपत्र अथर्ा सगं म ज्ञापि आठद) 2. कारखाि े का िाम र् पता (फम व के र्जस् िार का प्रमाणपत्र अथर्ा औद्योधगक मुानिदेिा य का प्रमाणपत्र अथर्ा औद्योधगक केन्र का प्रमाणपत्र अथर्ा सगं म ज्ञापि अथर्ा र्धा ीज वर् ेख ्जसस े ाक पररसर में फम व के काििू ी अधधभोग का पता च ता ुो इत् याठद) 3. वर्धधमान्य म स मई प्रमाणपत्र, यठद ाग ू ुो 4. प्राधधकृत प्रनतनिधधत्र् पत्र, यठद आर्ेदि पर फम व के सीईओ के अनतररक् त ाकसी और के ुस् तािर ु 5. वर्निमावण प्राक्रया प्रर्ाु चाटव 6. वर्निमावण मिीिरी सचू ी 7. क् या कोई वर्निमावण काय व आउटसोस व ाकया गया ुा 8. वर्निमावण काय व का आउटसोशसगिं करार, यठद ाग ू ुो 9. परीिण उपकरण की सचू ी 10. कारखािे के बाुर कोई परीिण व् यर्स् था 11. परीिण उपस्क र का वर्धधमान्य अिं िोधि प्रमाणपत्र 12. इि-ुाउस परीिण ररपोटव (ररपोटत) 13. भारतीय मािक के अिसए ार ततृ ीय पिकार प्रयोगिा ा परीिण ररपोटव (ररपोटत), यठद ाग ू ुो ठटप् पण : अधधक जािकारी के श आप ुमारी र्ेबसाइट https://www.bis.gov.in/ देखें।"
143,1,"प्रपतप 6 (स्कीम–I के पारा 3 के उप-पारा (1) का खडं (ज) निठदवष्ट करें) वर्निमावता द्र्ारा िामनिददेशिि के श प्रपतप सेर्ा में, मुानिदेिकन भारतीय मािक ब् यरू ो, 9, बुादरए िाु जफर माग,व िई ठदल ी – 110002 वर्िय : प्राधधकृत भारतीय प्रनतनिधध का िामाकं ि (करार के खंड 3.1 के अिसए ार) मुोदय, करार के खंड 3 की अपेिा के सदं भ व में, ुम मसा स.व.......................,भारतीय मािक ब् यरू ो के साथ करार र्ा े वर्निमावता र् करार के ुस् तािरकत् ताव, तदद्र्ारा श्री................................. के सपए त्रए /सपए त्रए ी श्री/सश्रए ी.........................................भारत मेंन ..................................... न के निर्ासी को करार के खंड 3 के सदं भ व में ुमारे अधधकृत भारतीय प्रनतनिधध के पतप में िाशमत करत े ुैं। श्री/सश्रए ी............................................,करार के निबधं ि और ितो तथा भारतीय मािक ब् यरू ो अधधनियम 2016, और उसके अधीि बिे नियम र् वर्नियम के उपाबधं के अधीि ुमारे श और ुमारी ओर से उत्त रदायी व्य ्क्त ुोगा। प्रपतप पर उसके ुस् तािर इस बात के प्रतीक ुैं ाक र्ु करार के नियम र् ितों को स् र्ीकार करता ुा, उससे सुमत ुा और प्ए ष्ट करता ुा। कृपया यु वर्र्ेधचत करें ाक भारत के प्राधधकृत प्रनतनिधध के पि में उसका िामांकि करार के प्रयोजिाथ व तक जारी रुेगा, जब तक ाक नियम र् ितों के अिसए ार उसके स्थ ाि पर ाकसी अन् य व् य्क्त की निय्ए क्त िुी ं कर दी जाती। भर्दीय, प्राधधकृत भारतीय प्रनतनिधध के ुस् तािर : िाम : ुस् तािर : िाम : पदिाम : पदिाम : सपं कव वर्र्रण सपं कव वर्र्रण : मोबाइ स.ं मोबाइ स.ं ई मे : ईमे : परू ा डाक पता तारीख : मुए रबदं :"
144,1,प्रपतप 7 (स्कीम–I के पारा 3 के उप पारा (2) का खडं (घ) निठदवष्ट करें) भारतीय मािक ब् यूरो ........................िाखा कायाव य (वर्संगनत सु परामि व ररपोटव) आर्ेदक/अिएज्ञ्प्तधारी का िाम : मा. निरीिण की प्रकृनत सी म/ – अथर्ा सी म/ - (सत् यापि/निगरािी/अन्य ) सी म/ तक वर्धधमान्य भा मा उत् पाद दौरे की तारीख (ख)) क्रम सं. वर्संगनत/ठदया गया परामि व भा. मा. अथर्ा अन्य कोई संदभनव खडं सठुत ठटप्पिणया /सुमत कायर्व ाुी (आर्ेदक/अिएज्ञ्प्तधारी द्र्ारा) मािें इस ररपोटव की वर्िय-र्स् तए i) मिैं े इस ररपोटव की वर्िय-र्स् तए को पूरी तरु समी को पूरी तरु स् पष् ट कर ठदया ुा श या ुा। ii) वर्संगनत सु स ाु पर कायर्व ाुी की पए्ष्ट भारतीय मािक ब् यरू ो को....... ठदि के भीतर कर दी जा गी। ुस्त ािर................. ुस्त ािर......................... िाम िाम पदिाम पदिाम (भारतीय मािक ब् यरू ो का प्रनतनिधध) (फम व का प्रनतनिधध) ठटप् पण : यु परामि व ठदया जाता ुा ाक फम व इस ररपोटव की प्रनत अिएज्ञ्प्त फाइ मे आर्श् यक अिएर्त् ती कायर्व ाुी और भवर्ष् य के संदभ व ुेतए सं ग्ि करें।
145,1,"प्रपतप 8 (स्कीम–I के पारा 3 के उप पारा (5) का खडं (क) निठदवष्ट करें) भारतीय मािक ब् यूरो मािक धचह्ि के उपयोग के श अिएज्ञ्प्त ाइसेंस सं. सी म/ - यु ब्यूरोन भारतीय मािक ब्यूरो अधधनियम, 2016 (2016 का 11) द्र्ारा प्रदॉ ि्क्तय के आधार पर मासस व को (्जसे इसमें आगे 'अिएज्ञ्प्तधारी' कुा गया ुा) इसकी प्रथम अिएसूची के पु े स्तंभ में वर्निठदवष्ट मािक धचह्ि कान इस अिएसूची के तीसरे स्तंभ में दी गई ाकस्म परन उपयोग करिे के श यु अिएज्ञ्प्त प्रदाि करता ुा। इि उत्पाठदत ाकस्म पर धचह्ि का उपयोग उक्त अिएसूची के द्वर्तीय स्तंभ में समय-समय पर संिोधधत अथर्ा पएिरीक्षित/संदशभतव संबद्ध भारतीय मािक (मािक ) के अिएसार/अिएपतप वर्निशमतव ुो। 2. इस अिएज्ञ्प्त में अिएबंध अिएज्ञ्प्त की ितों के श अिएज्ञ्प्तधारी उॉरदायी ुैं। यु अिएज्ञ्प्त पु ी अिएसूची में यथा उ्ल िखत िाम, कारखािा के पते और अर्धध के श वर्धधमान्य ुोगा और इसे स्कीम–I में निठदवष्टािएसार िर्ीकृत कराया जा सकता ुा।"
146,1,"अिएसूची (अिएज्ञ्प्त सं सी म/ ..........................) िाम : कारखािे का पता वर्धधमान्यता.............................................स.े .............................................तक मािक भारतीय मािक अिएज्ञ्प्त का वर्िय धचह्िांकि फीस धचन्ु िेत्र (1) (2) (3) (4) भा मा क र्ि व की प्रचा ि अर्धध के दौराि न् यूितम मएुराकं ि फीस पत......../- के साथ पु ी इकाईय के श पत.......प्रनत इकाई, ििे इकाईय के श पत........ प्रनत इकाईन इकाई………………. क प्रचा ि र्ि व के श न् यिू तम धचह्िांकि िएल क अधर्ग्म में देय ुोगी जो अग े िर्ीकरण में अर्ग्िीत ुोगी। आज र्ि.व .................के............माु की.............तारीख को ुस्त ािररत, मएुरबंद ाकया गया। भारतीय मािक ब् यूरो के श पदिाशमत प्राधधकारी का िाम और ुस् तािर"
147,1,"उपाबंध (अिएज्ञ्प्त सं. सी म/ ..............................) अिएज्ञ्प्त की ित त (1) मािक धचन्ु का िडजाइि अिज्ञए ्प्त में दी गई गई प्रनतकृनत के आििए धं गक ुोगा। (2) मािक धचह्ि के फोटोर्ग्ाफक वर्स् तार अथर्ा घकए रण का उपयोग भी ाकया जा सकता ुान जब तक ब्यरू ो द्र्ारा कोई अन्य वर्निठदवष्ट ि ठद ग ु । (3) अिज्ञए ्प्तधारी उस सबं द्ध मा , र्स् तओए ,ं प्राक्रया, प्रणा ी अथर्ा सेर्ा की भारतीय मािक के अिसए ार अिपतए पता के श उत् तरदायी ुोगा ्जसके श मािक धचन्ु का उपयोग अथर्ा अिप्रए योग ाकया गया ुा। (4) अिज्ञए ्प्तधारी उस मा , र्स् तओए ,ं प्राक्रया, प्रणा ी अथर्ा सेर्ा के श मािक धचन्ु का उपयोग िुीं करेगा जो गरा -अिपतए प अथर्ा अिज्ञए ्प्त के वर्िय-िेत्र से बाुर ुैं। (5) ्जस मा और र्स् तओए ं के श मािक धचन् ु का उपयोग ाकया गया ुा अगर र् े सबं द्ध मािक की अपेिाओ ं के अिपतए प िुीं ुैंन तो ब्यरू ो अिज्ञए ्प्तधारी अथर्ा उसके प्रनतनिधध को से गरा -अिपतए पता र्ा े मा को र्ावपस ेिे का निदेि दे सकता ुा। (6) अिज्ञए ्प्त के आस् थगि अथर्ा नि बं ि के दौराि अथर्ा उसकी समा्प्त अथर्ा रदद् ुोि े के पश्चात ् ाकसी सबं द्ध मा , र्स् त, ए प्राक्रया, उपयोग अथर्ा सेर्ा के श मािक धचन्ु का उपयोग अथर्ा अिप्रए योग िुीं ाकया जा गा। (7) अिज्ञए ्प्तधारी को उस अिपतए पता आक ि योजिा के उपाबधं का पा ि करिा ुोगा ्जसके अतं गतव उसे अिज्ञए ्प्त प्रदाि ाकया गया ुान ्जसमें ेबश गं और धचन्ुांकि अपेिा ं भी िाशम ुैं। (8) अिज्ञए ्प्तधारी ब् यरू ो द्र्ारा समय-समय पर यथा वर्निठदवष्ट अशभ ेख अिरए क्षित रखेगा। (9) अिज्ञए ्प्तधारी अपिे पररसर में निरीिण अथर्ा ेखापरीिा करिे से सबं धं धत सभी प्रकार की सुायता ब् यरू ो को उप ब् ध करा गा। (10) अिज्ञए ्प्तधारी उत् पाद और मािक धचन्ु के उपयोग अथर्ा अिप्रए योग से सबं धं धत जािकारी जब अपेिा ब् यरू ो को प्रदाि करेगा। (11) यठद मा अथर्ा र्स्त ओए ं पर मािक धचन्ु का उपयोग अथर्ा अिप्रए योग के श अिज्ञए ्प्त प्रदाि ाकया गया ुो तो अिज्ञए ्प्तधारी को उि परेविती, वर्तरक , व्यौुारी अथर्ा फएटकर वर्क्रेता की सचू ी देिी ुोगीन ्जिको मािक धचन्ु र्ा े मा अथर्ा र्स् तओए ं की आपनू त व की गई ुा। (12) ब् यरू ो के अिमए ोदि के बबिा अिज्ञए ्प्त ाकसी व् य्क्त को अतं ररत िुीं ाकया जा गा। (13) मािक धचन्ु र्ा े ाकसी मा , र्स् तओए ,ं प्राक्रया, प्रणा ी अथर्ा सेर्ा से सबं धं धत शिकायत प्रमािणत ुोिे पर ब्यरू ो अिज्ञए ्प्तधारी अथर्ा उसके प्रनतनिधध को मािक मुए रांाकत मा और र्स् तओए ं की मर मत अथर्ा बद िे अथर्ा पिए निमव ावण के निददेशि दे सकता ुा। (14) अिज्ञए ्प्तधारी को कम से कम क माु के िोठटस दे कर ब् यरू ो, अिज्ञए ्प्त की ाकसी ित व को सिं ोधि का अधधकार रखता ुा।"
148,1,"प्रपतप - 9 (स्कीम–I के पारा 3 के उप पारा (5) का खडं (ख) निठदवष्ट करें) भारतीय मािक ब् यरू ो अिज्ञए ्प्त प्रदाि करिे के श करार (वर्देिी वर्निमावताओ ं के उपयोग के श ) (रु.100.00 के गार-न्यानयक स् ट प पत्र पर, प्ब् क िोटरी द्र्ारा अिएप्रमािणत) यु करार, िई ठदल ी मेंन आज र्ि व ......... के .......... माु के ........... ठदिन भारतीय मािक ब्यूरोन भारतीय मािक ब्यरू ो अधधनियमन 2016 द्र्ारा स्थावपत निगम निकाय ्जसका मएख्या य मािक भर्िन 9न बुादरए िाु जफर मागनव िई ठदल ी – 110002 (्जसे इसके आगे ‘बीआई स’ कुा गया ुा) और इसके अतं गतव प्रिासकन समिएदेशितकन अशभकताव अथर्ा प्रनतनिधध स् मश त ुा) का क पिन और मासस व ................................................. क वर्देिी वर्निमावतान ्जसका कायाव य ............................................ में ुा और इसके वर्धधक पतप से नियएक् त अशभकताव िाम श्री/श्रीमती..................................का संपकव/िाखा कायाव य/कायाव य भारत में ..................................................में ्स्थत ुा (्जसे इसके आगे ‘’वर्निमावता’’ कुा गया ुा और इसके अतं गतव उसके उत् तराधधकारी और अथर्ा र्ाररस भी ुैं) श्री/श्रीमती................................................(इसके प्रबंध निदेिक/स्र्त्र्धारी/भागीदार अथर्ा प्राधधकृत ुस् तािरकत् ताव, जसा ा भी माम ा ुो) के द्र्ारा, के बीच आजर्ि.व .................के............माु के..............ठदि ाकया गया ुा; जबाक, भा मा ब्यूरो की स् थापिा भा मा ब्यूरो अधधनियम 2016 द्र्ारा मािकीकरण/ गएणता प्रमाणि और र्स् तओए ं के धचह्िांकि तथा उससे आिएिंधगक जएड े ाक्रयाक ाप के सएसंगत वर्कास के श की गई ुा। और जबाक, भा मा ब्यूरो अधधनियम 2016 में यथा प्रदत् त प्रकायों के अनतररक् त और वर्ििे त: वर्देिी निमावताओं को सर्े ा प्रदाि करिा ुा, भा. मा. ब्यूरो र्स् तएओ ं और प्राक्रयाओं ुेतए वर्देिी निमावताओं को प्रमाणि मएुर अिएज्ञ्प्त देिे का अधधकार रखता ुा; और जबाक, भा. मा. ब्यरू ो अधधनियम 2016 के अधीि अपिे से उत् पाद पर वर्देिी निमावता द्र्ारा भा. मा. ब्यूरो मािक मएुर के प्रयोग ुेतए भारतीय मािक ब् यूरो, भा. मा. ब्यूरो अिएज्ञ्प्त प्रदाि करिे के श प्राधधकृत ुा जो र्स् तए ं संबद्ध भारतीय मािक के अिएपतप ुैं, यु अिएज्ञ्प्त निमावता द्र्ारा समय-समय पर ब् यूरो द्र्ारा निधावररत मािदंडो का अिएपा ि करिे की ित व पर प्रदाि ाकया जा गा;"
149,1,"और जबाक, वर्देिी निमावता िे भारतीय मािक ब् यूरो को भा. मा. ब्यूरो अधधनियम 2016 के अधीि भारतीय मािक ब्यूरो से अिएज्ञ्प्त प्रदाि करिे के श आर्ेदि ाकया ुा और भा. मा. ब्यूरो िे निमावता की िमता के बारे में समाधाि ुोिे के बाद तथा भा. मा. ब्यूरो अधधनियम और उसके अधीि बिे नियम र् अधधनियम में यथा वर्निठदवष्ट अपेिाओं र्ं अिएज्ञ्प्त के नियम र् ितों को पूरा करिे पर इसके बाद उ्ल िखत नियम र् ितों पर वर्निमावता को भा मा ब्यूरो अिएज्ञ्प्त प्रदाि करिे का निणयव श या ुा। अब सभी पिकार नि ि श िखत पर इससे सुमत ुैं : 1. पररभािा ं इस करार में जब तक ाक अन् यथा संदभ व अपेक्षित ि ुो, 1.1 ‘‘भा. मा. ब्यूरो अिएज्ञ्प्त से अशभप्रेत ुा भा. मा. ब्यूरो अधधनियम 2016 की धारा 13 के अधीि भारतीय मािक के अिएपतप ाकसी र्स् तए अथर्ा प्राक्रया से संबंधधत मािक धचन्ु को प्रयोग करिे के श प्रदत् त अिएज्ञ्प्त । 1.2 ‘’वर्निमावता’’ से अशभप्रेत ुान उ्ल िखत अर्स्थाि अथर्ा स् थाि पर ्स्थत ाकसी र्स् तए अथर्ा प्राक्रया का निमावण करिे र्ा ा व् यापाररक उद्यम जो उत् पाद के निमावण, आक ि, प्रुस्त ि अथर्ा भंडारण में से स् तर को करता र्ं नियंबत्रत करता ुा ्जससे र्ु योजिा के अंतगतव वर्देिी निमावता को भा मा ब्यूरो अिएज्ञ्प्त प्रदाि करिे से संबंधधत संबद्ध भारतीय मािक से उत् पाद की सतत अिएपतपता के श ्ज मेदारी को स् र्ीकार और इससे संबंधधत सभी दानयत् र् को पूरा कर सकता ुा। 1.3 ‘’मान्य ता प्राप् त प्रयोगिा ा’’ से अशभप्रेत ुा ्जसमें भा. मा. ब्यूरो द्र्ारा मान् यता प्राप् त भारत अथर्ा वर्देि में संबद्ध भारतीय मािक से उत् पाद की परीिण अिएपतपता करिे र्ा ी प्रयोगिा ा ुैं। 1.4 ‘’उत्पाद’’ से अशभप्रेत ुा जोन भा. मा. ब्यूरो मािक धचन्ु से धच्न्ुत ाक जािे र्ा े उत् पाद से ुा। 1.5 ‘’प्राधधकृत प्रनतनिधध’’ से अशिप्रेत ुा जो से व् य्क्त से ुा जो भारत में अर््स्थत ुो, इस करार के निबंधि और ितों और भा. मा. ब्यूरो अधधनियम 2016 के उपाबंध , उसके अतं गतव बिे नियम र् वर्नियम के अिएपा िाथ व वर्निमावता द्र्ारा िाशमत और कािूिी तौर पर नियक्ए त ुो तथा इस करार ुेत ए वर्निमावता के माम पर अनं तम नियंत्रण रखता ुो।"
150,1,"2. फीस 2.1 भा. मा. ब्यूरो द्र्ारा वर्निमावता को अिएज्ञ्प्त प्रदाि करिे तथा वर्निमावता के इस करार के उपाबंध और वर्शभन् ि बाध् यताओं और उत् तरदानयत् र् तथा भा. मा. ब्यूरो अधधनियम 2016 के अधीि भा. मा. ब्यूरो के अपिे दानयत् र् को पूरा करिे के मददेिजर, वर्निमावता को समय-समय पर ागू र्ास् तवर्क धच्न्ुत उत् पादि फीस जासे ाक अधर्ग्म न् यूितम धचह्िांकि फीस, आर्ेदि िर्ीकरण फीस, र्ाविकव अिएज्ञ्प्त फीस और धचह्िांकि फीस तथा भा. मा. ब्यूरो वर्नियम (अिएपतपता आक ि) 2018 के अतं गतव अन् य कोई फीस इस योजिा के अतं गतव भा मा ब्यूरो को देिा ुोगा। 2.2 वर्निमावता सभी व् यय देिे पर सुमत ुा ्जसमें भा. मा. ब्यूरो प्रमाणि अधधकारी (अधधकाररय ) द्र्ारा वर्निमावता के पररसर और/अथर्ा परीिण प्रयोगिा ा में ाक ग निरीिण के संबंध में गाये ग श्रमठदि पर भा. मा. ब्यूरो को आि े र्ा ी ागत (तािाती स् थ से प्रस् थाि के समय से र्ुां ौटिे तक) और माम े के अिएसार भा मा ब्यूरो द्र्ारा यथा निधावररत परीिण फीस देिी ुोगी। 3. िामांकि 3.1 वर्निमावता भारतीय वर्धधय के अतं गतव सभी आर्श् यक अिएमनत अथर्ा अिएमोदि, यठद अपेक्षित ुो, और सी नियए्क्त की नियम र् ितदेश श िखत में तय करि े के पश्चात भारत में अर््स्थत व् य्क्त को अपिे प्राधधकृत प्रनतनिधध के तौर पर िाशमत र्ं नियएक् त करेगा, ्जसके िाशमत करिे की सूचिा उसे स यक तौर पर श िखत में देिी ुोगी। 3.2 प्राधधकृत प्रनतनिधध भारतीय कायाव य का प्रभारी अथर्ा र्ररष् ि अधधकारी अथर्ा भारत में वर्निमावता का वर्धधक तौर पर नियएक्त अशभकताव ुोगा। वर्निमावता को निधावररत प्रोफामाव में िीिपव त्र पर िामांकि देिा ुोगा। 3.3 वर्निमावता द्र्ारा प्राधधकृत प्रनतनिधध के िामांकि र्ा ा प्रपतप इस करार के निष् पादि के समय अथर्ा इस करार के जारी रुिे के दौराि िई नियए्क्त के समय ठदया जा गा ्जसमें से नियएक् त ाक ग प्राधधकृत प्रनतनिधध के ुस् तािर भी ु जो ाक इस करार के निबंधि और ितों के प्रनत उसकी सुमनत और पए्ष्ट का उप ् य में ुोगा और करार के वर्शभन्ि उपाबंध/भा. मा. ब्यूरो अधधनियम 2016 और उसके अतं गतव बिे नियम और वर्नियम के अधीि अिएपा ि के प्रनत उसकी स मनत का सा्य ुोगा।"
151,1,"3.4 नियएक् त ाकया गया प्राधधकृत प्रनतनिधध र्ु व् य्क्त ुो ्जसका इस करार के श भारत में निमावता के माम पर पूण व नियंत्रण ुो तथा र्ु इस करार के निबंधि र् ितो तथा भा. मा. ब्यूरो अधधनियम 2016 के उपाबंध और उसके अधीि बिे नियम र् वर्नियम के स पूण व स यक पतप से अिएपा ि के श उत् तरदायी ुोगा तथा इस करार के निबंधि र् ितों के अिएसार अन् य प्राधधकृत प्रनतनिधध की नियए्क्त तक बिा रुेगा। 3.5 प्राधधकृत प्रनतनिधध वर्निमावता के श तथा उसकी ओर से इस करार, के निबंधि और ितों, भा. मा. ब्यूरो अधधनियम 2016 के उपाबधं और उसके अधीि बिे नियम र् वर्नियम के पा ि अथर्ा अिएपा ि के श बाध् य ुोगा तथा इस करार, के निबंधि र् ितो, भा. मा. ब्यूरो अधधनियम 2016 के उपाबंध और उसके अधीि बिे नियम र् वर्नियम के सभी कृत् य और चकू तथा अनतक्रमण के व् य्क्तगत पतप से उत् तरदायी र्ं जर्ाबदेु ुोगा। 3.6 वर्निमावता को यु सएनि्श्चत करिा ुोगा ाक इस करार के जारी रुिे के दौराि उसका प्राधधकृत प्रनतनिधध ाकसी कारणर्ि ाकसी समय प्रनतनिधधत् र् से ि चकू े और साथ ुी यु भी सएनि्श्चत ाकया जा ाक पु े से िाशमत प्राधधकृत प्रनतनिधध के स् थािापन् ि अथर्ा अन्य प्राधधकृत प्रनतनिधध को भा. मा. ब्यूरो के अशभ ेख में ाफर से िामांाकत ाकया जा और सा इस करार के अतं गतव पदधारी अधधकृत प्रनतनिधध को उसके दानयत् र् या ्ज मेदारी से मएक् त करिे से पु े यथा समय ाकया जा गा। 3.7 यु पिकार के बीच सुमत और समीा ुएआ ुा ाक यु खडं इस करार का मू ुा और इस खडं के ाकसी अनतक्रमण से भा मा ब्यूरो को इस करार को निरस् त या समाप् त करिे का अधधकार ुोगा, ाफर र्ु औपचाररक तौर पर समाप् त या रदद् ाकया जा अथर्ा िुीं, और उसके अिएज्ञ्प्त को समाप् त करिे के श कदम उिा जा ंगे। 3.8 इस पर सुमनत ुा ाक इस प्रकार की समा्प्त भा. मा. ब्यूरो अधधनियम 2016 और इसके अतं गतव बिे नियम र् वर्नियम अथर्ा इस करार के अधीि भा. मा. ब्यूरो को प्रदत् त अन् य अधधकार के पूर्ावर्ग्ु के बबिा ुोगी। 3.9 यठद भा. मा. ब्यूरो को यु पता च ता ुा या उसकी जािकारी में आता ुा ाक इस करार के जारी रुिे के दौराि, वर्निमावता िे इस खडं की ितो का पा ि िुीं ाकया ुा तो भा. मा. ब्यूरो को इस करार के जारी रुिे के दौरािन प्राधधकृत प्रनतनिधध की मत्ृ यए की ्स्थनत के शसर्ा न करार को तत् का समाप् त करिे का पात्र ुोगा। वर्निमावता को िया प्रनतनिधध िाशमत करिे का अधधकार ुोगा और उसे अधधकृत प्रनतनिधध की"
152,1,"मत्ृ यए के इक्कीस ठदि के भीतर ि प्रनतनिधध का िामि करिा ुोगा, ्जसके िा ुो सकिे पर खडं 3.6 के उपाबंध यथोधचत पररर्तिव के साथ ागू ाक जा ंगे। 3.10 इस पर सुमनत ुा ाक ाकसी दिा में वर्निमावता द्र्ारा िाशमत प्राधधकृत प्रनतनिधध यठद वर्निमावता से अपिा संबंध या िाता तोडता ुा और वर्निमावता द्र्ारा इसमें उपरोक् त खडं 3.6 की निबंधि के सदंि व में पु े प्राधधकृत प्रनतनिधध को मएक् त या पदच् यएत करिे से यथा समय पूर् व उसके स् थाि पर िया प्रनतनिधध नियएक् त िुीं ाकया जाता ुा तो इस करार के निबंधि र् ितो, भा. मा. ब्यूरो अधधनियम 2016 के उपाबंध और उसके अधीि बिे नियम र् वर्नियम के सभी कृत् य र्ं चकू तथा अनतक्रमण के श पूर् व प्राधधकृत प्रनतनिधध उसके त् यागपत्र अथर्ा पदच् यएत ुोिे तक उत् तरदायी और जर्ाबदेु ुोगा। 3.11 करार में उ्ल िखत िब् द ‘’वर्निमावता’’ और ‘’अिएज्ञ्प्तधारी’’ का अथ व ुोगा और इसम े िाशम ’प्राधधकृत प्रनतनिधध’’ ुोगा, जब तक ाक संदभ व से असंगत ि ुो। 4. निबंधि और ितों की स् र्ीकायतव ा 4.1 अिएज्ञ्प्तधारी और उसका प्राधधकृत अशभकताव भा. मा. ब्यूरो अधधनियम 2016 और उसके अधीि बिे नियम और वर्नियम के अिएसार अिएज्ञ्प्त प्रदाि करिे के नियम र् ितों को माििे के श बाध् य ुोगा। 5. अिएज्ञ्प्तधारी के अधधकार और दानयत् र् 5.1 वर्निमावता को भा मा ब्यूरो अिएज्ञ्प्त भा. मा...................के (भा. मा. संख् या) अिएसार केर् ................ (उत् पाद का िाम) के श प्रदाि ाकया जाता ुा। 5.2 भा. मा. ब्यूरो समय-समय पर अिएज्ञ्प्तधारी को उसके अधधकार और उॉरदानयत्र् के बारे में सूधचत करेगा और अिएज्ञ्प्तधारी को उसी का अिएपा ि करिा ुोगा। 6. भा. मा. ब्यूरो अिएज्ञ्प्त/उसके िर्ीकरण की वर्धधमान्यता अर्धध 6.1 भा. मा. ब्यूरो अिएज्ञ्प्तन उसमें स् पष् ट पतप से उ्ल िखत अर्धध तक वर्धधमान्य ुोगी और उसके बाद स् र्त: समाप् त ुो जा गी, जब तक ाक भा. मा. ब्यूरो द्र्ारा वर्शिष् ट पतप में श िखत उसे आगे की अर्धध के श बा ाया ि गया ुो। 6.2 यठद अिएज्ञ्प्तधारी अिएज्ञ्प्त की अर्धध के दौराि अथर्ा भा. मा. ब्यूरो द्र्ारा निधावररत उसके समाप् त ुोिे की तारीख की अर्धध के भीतर अिएज्ञ्प्त के िर्ीकरण के श आर्ेदि करता ुा तो भा मा ब्यूरो उस अर्धध के श िर्ीकरण पर वर्चार कर सकता ुान ्जसे र्ु उपयएक् त समीता ुो।"
153,1,"6.3 िर्ीकरण के श ंबबत से आर्ेदि के दौराि अिएज्ञ्प्तधारी से अिएज्ञ्प्त को रखिे संबंधी दार्ा िुीं करेगा और ि ुी र्ु अिएज्ञ्प्त समाप् त ुोिे पर र्स् तए या प्राक्रया पर धचह्ि गािे का अधधकारी ुोगा, जब तक ाक भा. मा. ब्यूरो द्र्ारा श िखत में अिएज्ञ्प्त आगे की अर्धध के श िर्ीकृत ि की गई ुो। 7. ाइसेंस रदद् करिा 7.1 भारतीय मािक ब् यूरो वर्नियम (अिएपतपता आक ि) के वर्नियम 11 के अिएसार भा. मा. ब्यूरो अिएज्ञ्प्त रद्द कर सकता ुा। 8. अिएज्ञ्प्त नि ंबबत करिा 8.1 भारतीय मािक ब् यूरो वर्नियम 2018 (अिएपतपता आक ि) की अिएसूची–2 की सं ग् ि स्कीम–I के पारा 11 के अिएसार भा. मा. ब्यूरो अिएज्ञ्प्त को नि ंबबत कर सकता ुा। 9. करार समाप् त करिा 9.1 अिएज्ञ्प्तधारी इस करार के ाकसी निबंधि और ित व का अनतक्रमण अथर्ा उसे भंग करता ुा, चाुे र्ु चकू या उल ंघि द्र्ारा ाकया गया कृत् य ुो। 9.2 अिएज्ञ्प्तधारी भी करार को समाप् त कर सकता ुा। र्ु र्जस्िीकृत डी डाक या दस् ती तौर पर 30 ठदि का िोठटस भेजकर सा कर सकता ुा, जो ाक प्रमएख, केन्र ीय धचन्ु वर्भाग-1, भा. मा. ब्यूरो, 9 बुादरए िाु जफर माग,व िई ठदल ी – 110002 को स बोधधत ुोगा। 9.3 करार की समा्प्त या समाप् त करिे पर वर्निमावता को उसके द्र्ारा निशमतव या वर्पिणत ाकसी भी उत् पाद पर मािक धचन्ु का प्रयोग बंद करिा ुोगा और इस प्रकार निशमतव अथर्ा धच्न्ुत उत् पाद का उल ेख करते ुए भा. मा. ब्यूरो को ब् यौरा देिा ुोगा। वर्निमावता को करार अथर्ा अिएज्ञ्प्त समाप् त ुोिे से पूर् व सा करिा ुोगा तथा भा. मा. ब्यूरो द्र्ारा उसे ठद ग निददेशि का पा ि करिा ुोगा। 9.4 वर्निमावता को भा मा ब्यरू ो को देय सभी देयता ,ं वर्त्त ीय या अन् यथा चकए ािी ु गी और भा. मा. ब्यूरो के सभी पष्ृ िांकि सठुत मू अिएज्ञ्प्त दस् तार्ेज ौटािा ुोगा। 10. िनतपूनत व 10.1 वर्निमावता सुमत ुा और पूरी तरु समीता ुा ाक भा. मा. ब्यूरो की उत् पाद प्रमाणि स्कीम ्जसके अतं गतव अिएज्ञ्प्त प्रदाि की जाती ुा, उसमें उत् पाद की संबद्ध भारतीय मािक से अिएपतपता की ्ज मेदारी पूरी तरु से वर्निमावता की ुा।"
154,1,"10.2 वर्निमावता उत् पाद के वर्निमावण और/अथर्ा संबद्ध भारतीय मािक से गार-अिएपतपता के कारण ाकसी व् य्क्त या फम व या क पिी या संगिि या उपभोक् ता द्र्ारा दार्ा ाक जािे अथर्ा िनत ुोिे पर उसकी िनतपूनत व करिे के श सुमत ुा। 10.3 वर्निमावता निधावररत प्रपत्र में, भा मा ब्यूरो को स् र्ीकाय व भािा में, सा िनतपूनत व बंधपत्र निष् पाठदत करिे के श सुमत र्ं बाध्य ुोगा ्जसमें ाकसे ततृ ीय पिकार के से दार् की िनतपूनत व के श भा. मा. ब्यूरो की ुानि िुीं ुोिे देगा जो दार्ा वर्निमावता द्र्ारा वर्निशमतव उस उत् पाद की अिएपतपता से संबंधधत ुो ्जस पर संबद्ध भारतीय मािक के अिएसार भारतीय मािक धचन्ु का प्रयोग ाकया गया ुो। 10.4 वर्निमावता भा. मा. ब्यूरो अधधनियम 2016 के उपाबंध और उसके अधीि बिे नियम और वर्नियम तथा अिज्ञए ्प्त की ितो के स यक अिएपा ि के श वर्ठुत प्रपत्र में बकैं प्रत्याभूनत देिे के श बाध्य ुोगा जो भा. मा. ब्यूरो के पि में यू सडी 10000 मूल य की ुो (यू स ड र दस ु़ार केर् )। 10.5 इसे ाकसी प्रकार भंग ाक जािे पर भा. मा. ब्यूरो को बकैं प्रत्याभूनत को प्रयोग करिे का पूण व वर्र्ेकाधधकार ुोगा और इस संबंध में उसका निणयव वर्निमावता को मान्य और बाध् य ुोगा। 11. करार की अर्धध 11.1 यु करार ाइसेंस प्रदत् त ाक जािे की तारीख से उस अर्धध तक ागू रुेगा जब तक के श इसे प्रदत् त अथर्ा िर्ीकृत ाकया जा गा और इस करार के निबंधि और ितो के अिएसार ाकसी पिकार द्र्ारा इसे र्ावपस अथर्ा समाप् त अथर्ा समाप्त िुीं कर ठदया जाता। 12 अधधकाररता 12.1 इस करार को ेकर पिकार के बीच कोई वर्र्ाद ुोिे की ्स्थनत में, ्जसमें करार की धाराओं की वर्िय-स् पष् टता अथर्ा वर्ेर्ेचिा अथर्ा अथ व अथर्ा संबद्ध अधधकार अथर्ा पि के दानयत् र् अथर्ा देयताओं संबंधी वर्र्ाद िाशम ुा, अधधकाररता िेत्र केर् ठदल ी का न्य ाया य ुोगा जो से दार् अथर्ा अधधकार अथर्ा वर्र्ाद पर वर्चार, न्य ाय और समाधाि करेगा। 12.2 इस करार के प्रयोजि के श वर्निमावता का पता र्ुी ुोगा जो ाक भारत में युा ं ऊपर ठदया गया ुा और भा मा ब्यूरो का र्ुी ुोगा जो ाक उपयएक्व त उ्ल िखत ुा।"
155,1,12.3 उपरोक् त िाम पर भेजे ग और पुए चा ाक ग सभी िोठटस या पत्र को संबद्ध पि को जारी अथर्ा पुए चा ुएआ समीा मािा जा गा। इसके सा्य स् र्पतप पिकार िे गर्ाु की उप्स्थनत में उिके ुस्त ािर कर ठद ुैं : भारतीय मािक ब् यरू ो वर्निमावता की उप्स्थनत में : सािी : 1. 2.
156,1,"प्रपतप-10 (स्कीम–I के पारा 3 के उप पारा (5) का खडं (ख) देखें) िनतपूनत व बंध-पत्र (रु 100=00 के गार न्यानयक स् ट प पत्र पर टाइप ाकया जा और िोटरी प्ब् क द्र्ारा सत् यावपत ुो) यु िनतपूनत व बंध-पत्र मासस.व .....................................क पिी/फम,व ्जसका र्जस् िीकृत कायाव य/क रपोरेट कायाव य...............................में ुा और संपकव/िाखा कायाव य/कायाव य (भारत)..................................................में ्स्थत ुा/अथर्ा भारत में वर्धधक पतप से नियएक्त अशभकताव श्री/श्रीमती...............................ुा ्जिका कायाव य....................................................में ुा, का स यक पतप से प्राधधकृत में प्रनतनिधधत् र् श्री/श्रीमती................................................सएपएत्र/पत्ि ी/बेटी श्री.................... (्जसे इसके आगे ‘’अिएज्ञ्प्तधारी’’ कुा गया ुा) करते ुैं, के द्र्ारा, भारतीय मािक ब् यूरो के पि (्जसे ्जसमें इसके पश् चात ‘भा मा ब्यूरो’ अथर्ा ‘ब् यूरो’ कुा गया ुा) में, ्जसका मएख् या य मािक भर्ि, 9, बुादरए िाु जफर माग,व िई ठदल ी – 110002 में ुा, द्र्ारा आज 20.........के.............ठदि िई ठदल ी में निष् पाठदत ाकया जाता ुा। अिएज्ञ्प्तधारी जो ाक भारत के बाुर ........................................................ के उत् पादि कारबार में ुा (उत् पाद का िाम ्जसके अिएज्ञ्प्त अशभप्राप् त ाकया गया ुा), िे भारतीय मािक......... : .................के अिएसार उक् त उत् पाद पर भारतीय मािक मएुर के उपयोग के श भा मा ब्यूरो प्रमाणि अिएज्ञ्प्त प्रदाि करिे के श ब् यूरो को आर्ेदि ाकया ुा। और जबाक, ब् यूरो के समाधाि ुोिे पर ाक भा मा ब्यूरो की उत् पाद प्रमाणि स् कीम के अिएसार, ्जसके अधीि अिएज्ञ्प्त प्रदत् त ुा, अिएज्ञ्प्तधारी द्र्ारा निशमतव उत् पाद वर्शिष्ट भारतीय मािक के अिएपतप ुा, भारतीय मािक के यथा अिएपतप से उत् पाद पर भारतीय मािक मएुर के उपयोग के श अिएज्ञ्प्तधारी को अिएज्ञ्प्त प्रदाि करता ुा ; और जबाक, इसका स पूण व दानयत् र् अिएज्ञ्प्तधारी पर ुा ाक ्जस उत् पाद के श उसे अिएज्ञ्प्त प्रदत् त ाकया जाता ुा र्ु संबद्ध भारतीय मािक के अिएपतप ुो और इसके गार-अिएपा ि के माम े में अिएज्ञ्प्तधारी ब् यूरो द्र्ारा अिएज्ञ्प्त को आस् थधगत अथर्ा रद्द ाकया जा सकता ुा;"
157,1,"और जबाक, अिएज्ञ्प्तधारी िे अिएज्ञ्प्त प्रदत् त ाक जािे संबंधी जो करार ाकया ुा ्जसमें यु वर्निठदवष्ट ाकया गया ुा ाक अिएज्ञ्प्तधारी इस िनतपूनत व बंध-पत्र को निष् पाठदत करेगा ्जसमें ाकसी ततृ ीय पिकार के से दार् की िनतपूनत व के श भा मा ब्यूरो की कोई ुानि िुीं ुोिे देगा जो दार्ा निमावता द्र्ारा निशमतव उस उत् पाद की अिएपतपता से संबंधधत ुो ्जस पर अिएज्ञ्प्तधारी द्र्ारा संबद्ध भारतीय मािक के अिएसार भारतीय मािक धचृति का उपयोग ाकया गया ुो ; अत: अब यु वर् ेख इस बात का साक्षिय और अिएज्ञ्प्तधारी इस पर सुमत ुा और दानयत् र् ेता ुा ाक र्ु ब् यरू ो के ठुत की रिा करेगा और अिएज्ञ्प्तधारी के उस उत् पाद की गार- अिएपतपता के संबंध में ाकसी के द्र्ारा ब् यूरो के वर्पतद्ध कोई दार्ा अथर्ा मांग अथर्ा कायर्व ाुी ाक जािे पर ब् यरू ो की ुानि िुीं ुोिे देगा ्जस उत् पाद पर अिएज्ञ्प्तधारी िे मािक धचह्ि का उपयोग ाकया गया ुा तथा इससे संबधधत ब् यूरो को िनतपूनत व करेगा ्जसमें िएकसाि, ठुत अथर्ा उसकी ागत िाशम ुा। उक् त अिएज्ञ्प्तधारी द्र्ारा उसके प्राधधकृत प्रनतनिधध माध् यम से साक्षिय की उप्स्थनत में सा्य स् र्पतप इस वर् ेख का िई ठदल ी में निष् पादि ाकया गया। सािी : अिएज्ञ्प्तधारी : 1. 2."
158,1,"प्रपतप-।। (स् कीम–I के पारा 3 के उप-पारा (5) का खडं (ग) देखें) बकैं प्रत्य ाभूनत का पा ि (पीबीजी) मुानिदेिक भारतीय मािक ब् यूरो मािक भर्ि, 9 बुादरए िाु जफर माग,व िई ठदल ी-110002 1. भारतीय मािक ब् यूरो (इसमें इसके पश् चात ् इसे ‘’बीआई स’’ अथर्ा ‘’ब् यूरो’’ कुा गया ुा) िे ----------------------------------------------- (इसमें इसके पश् चात ् इसे अिएज्ञ्प्तधारी कुा गया ुा) संख् या ---------------- तारीख ----------------- के करार,जो ब् यूरो और अिएज्ञ्प्तधारी के बीच में ब् यरू ो द्र्ारा आई स ------------- के अिएसार ठद ग बीआई स प्रमाणि धचह्ि अिएज्ञ्प्त (सी म/ ------------------------------------------------) प्रदाि करिे के संदभ व में ुा, ित त र्ं निबंधि से छूट देिे की मांग पर सुमत ुोिे को ध् याि में रखकर ब् यूरो द्र्ारा ----- ------ पतपये की बकैं प्रत् याभूनत देिे पर उक् त करार में निठुत ितों र्ं निबंधि को स यक पतप से पूरा करिे के श अिएज्ञ्प्तधारी की प्रनतभूनत जमा (इसके पश् चात ् इसे करार कुा गया ुा) ुम ----------------------------------------------------------- (इसके बाद ‘’द बकैं ’’ के पतप में कुा गया) मासस व -------------------------------------------------------(अिएज्ञ्प्तधारी) के अिएरोध पर ब् यूरो के मुानिदेिक को चका /िडमांड ड्राफ्ट द्र्ारा ब् यूरो को यू सडी 10,000 (दस ुजार यू स ड र मात्र) देिे को र्चिबद्ध ुा, जो इस करार में निठुत ाकन्ु ीं ितों र्ं निबंधि को उक् त अिएज्ञ्प्तधारी द्र्ारा तोडिे से ब् यूरो को ुएई ाकसी प्रकार की ुानि अथर्ा िनत के कारण ुोगा । 3. ुम --------------------------------------------- उक् त करार में निठुत ाकन्ु ीं भी ितों और निबंधि को अिएज्ञ्प्तधारी के तोडिे के कारण अथर्ा इस करार के अिएसार अिएज्ञ्प्तधारी द्र्ारा उक् त करार के अिएसार काय व करिे में असफ रुिे पर ब् यूरो द्र्ारा केर् मांग ाक जािे पर ुी बबिा ाकसी आपवॉ के ब् यूरो को इस प्रत् याभूनत के अतं गतव देय राशि तथा ाकया जािे र्ा ा भएगताि करि े का र्चिबद्ध देते ुैं। इस प्रत् याभूनत के अतं गतव बकैं द्र्ारा देय राशि तथा भएगताि योग् य राशि के बारे में ‘बकैं से की गई ाकसी मांग की इस गणिा पर ब् यूरो का निणयव अनं तम और बकैं पर बाध् यकारी ुोगा । तथावप, इस प्रत् याभूनत के अधीि ुमारा दानयत् र् यू सडी 10000 (यू स डा र 10000 केर् ) अिएज्ञ्प्तधारक रकम से अिधधक निर्ावधचत ुोगा।"
159,1,"4. ुम बीआई स द्र्ारा मांगी गई कोई भी राशि देिे को र्चिबद्ध ुैं, चाुे अिएज्ञ्प्तधारी द्र्ारा इससे संबद्ध कोई र्ाद अथर्ा कायर्व ाुी ाकसी न्य ाया य अथर्ा अधधकरण में ंबबत पडी ुो । ुमारी देयता र्तमव ाि में पूण व ुा और अवर्श् र्सिीयता से परे ुा, इस बंध पत्र के ुा। इस बंध पत्र के अतं गतव ुमारे द्र्ारा इस प्रकार ाकया गया संदाय ुमारी ्ज मेदारी का र्ाध निर्ुव ि ुोगा और यु सदं ाय करिे के वर्पतद्ध अिएज्ञ्प्तधारी ुम पर कोई दार्ा िुीं करेगा। 5. ुम ----------------------------------------- इस पर भी सुमत ुैं ाक उक् त करार के निष् पादि की अर्धध के दौराि इसमें निठुत प्रत् याभूनत पूणतव : ागू और प्रभार्ी रुेगी तथा इस करार के अतं गतव या इसके कारण ब् यूरो को सभी देय को जब तक पूणतव : भएगताि िुीं कर ठदया जाता तथा उसके संतएष् ट ुोिे या निर्ुव ि करिे या जब तक ाक ब् यूरो यु प्रमािणत िुीं करता ाक उक् त अिएज्ञ्प्तधारी द्र्ारा करार की ितों र्ं निबंधि का पूणतव : तथा उपयएक्त पतप से पा ि ाकया गया ुा, जब तक ाक ुमसे-------------------- को या उससे पु े श िखत में इस गारंटी के अतं गतव मागं या दार्ा िुीं ाकया जाता तथा तदिएसार इस गारंटी का उन् मोचि ाकया जाता ुा। शसर्ाय तब, जब इस प्रत् याभूनत के अधीि..................को या उससे पूर् व श िखत में कोई म गं या दार्ा िुीं ाकया जाता ुा। ------------- ुम इसके बाद इस गारंटी के अतं गतव सभी देयताओं से उन्म ोधचत ु गे। 6. ुम ----------------------------------------- ब् यूरो से पएि: सुमत ुैं ाक ब् यूरो को ुमारी सुमनत के बबिा और इसके अतं गतव ुमारी बाध् यताओ ंको ाकसी भी प्रकार प्रभावर्त ाक बबिा पूरी स् र्तन्त्र ता ुोगी ाक उक् त करार की ाकन्ु ीं भी ितों र्ं निबंधि पररर्तिव करे अथर्ा समय- समय पर उक् त अिएज्ञ्प्तधारी के निष् पादि के श समय को वर्स् तार दे या उक् त अिएज्ञ्प्तधारी के वर्पतद्ध ब् यरू ो द्र्ारा समय-समय पर प्रयोग की जािे र्ा ी ि्क्तय में से ाकसी ि्क्त को ाकसी समय स् थधगत कर दे या उक् त करार से संबंधधत ाकसी ित व र्ं निबंधि की ोप करें या प्रर्तिव करे तथा ुम से ाकसी पररर्तिव के कारण अपिा दानयत् र् से मएक् त िुीं ु गे और स् थगि और उक् त करार की ितों र्ं निबंधि या उक् त अिएज्ञ्प्तधारी को वर्स् तार ठद जािे पर या ाकसी स् थगि के श ब् यूरो की ओर से ाकसी ोप पर या ब् यूरो द्र्ारा उक् त अिएज्ञ्प्तधारी के दण् डमोचि में या चीज घटिा,जो भी ुो, ्जसमें कािूि के अतं गतव प्रनतभूनतय से संबंधधत, ाकंतए इस उपबंध के श ुमें उन्म ोधचत करिे का प्रभार् ुो । 5. बकैं या अिएज्ञ्प्तधारी के गिि में पररर्तिव ुोिे पर यु प्रत् याभूनत उन् मोधचत िुीं की जा गी।"
160,1,6. ुम --------------------------------------------- अतं में यु र्चि देते ुैं ाक इस प्रत् याभूनत को इसके रुते ुए और बाद में भी ब् यूरो की पूर्ाविएमनत के बबिा इसे प्रनतसंुररत िुीं ाकया जा गा। 7. तारीख ------------------- बकैं के श --------------------- के ------------------- का ----- --------- ठदि स् थाि ुस्त ािर िाम और भी और के निशमत् त मएुर ठटप् पण: पीबीजी ाकसी से बकैं द्र्ारा जारी ाकया जा सकता ुा ्जसकी भारत में भारतीय ररजर् व बकैं द्र्ारा अिएमोठदत िाखा ुो । मू पीबीजी केर् भारतीय िाखा के माध् यम से ुी पष्ृ िाां कत और भेजी/अर्ग्ेवित की जा गी (भारत में भारतीय ररजर् व बकैं द्र्ारा अिएमोठदत सी िाखा का वर्र्रण िीच े दें ।)
161,1,"प्रपतप-12 (स् कीम–I के पारा 9 के उप पारा (1) को निठदवष् ट करें) अिएज्ञ्प्त के िर्ीकरण के श आर्ेदि प्रमएख..............िाखा कायाव य भारतीय मािक ब्यूरो मुोदय/मुोदयान म ैं / ुम. .................................................. में कारबार कर रुे ुैं (फाक्िी और कायाव य का पूरा पता)समय-समय पर संिोधधत भारतीय मािक ब्यूरो अधधनियम, 2016 के अधीि बिा ग नियम और वर्नियम के अधीि ब् यूरो द्र्ारा प्रदत् त अिएज्ञ्प्त स.ं सी म/ ..............का.......................से..........................तक की और अर्धध के श िर्ीकरण ुेतए आर्ेदि करता ुूं/करते ुैं, उपरोक्त अिएज्ञ्प्त में यथा उपदशिवत और समय-समय पर संिोधधत ितदेश समाि रुेंगी। 2. अिएज्ञ्प्त के अधीि भा मा ब्यूरो मािक मएुर र्ा ी प्रभावर्त र्स्तएओं के उत्पादि का वर्र्रण सीईओ/ुमारी कंपिी के प्राधधकृत ुस्तािरकताव द्र्ारा वर्धधर्त ्प्रमािणत पष्ृ ि के वपछ ी और निष्पादि ररपोटव में ठदया गया ुा। 3. म/ैं ुम इसके साथ नि िश िखत रकम रु............................के श रसीद संख्या ...........................तारीख..................... सं ग्ि कर रुे ुैं: i) िर्ीकरण आर्ेदि िएलक रु. ii) र्ाविकव अिएज्ञ्प्त िएलक रु. दर प्रनत र्ि व iii) इकाई दर आधार पर पररकश त मएुरांकि िएल क (वपछ े पष्ृ ि पर दी गई ररपोटव की मद 3) अथर्ा न् यूितम मएुरांकि िएल क, जो भी अधधक ुो iv) वपछ ा देय/अन्य िएलक (भारतीय मािक ब्यूरो के िोठटस के अिएसार) यठद कोई ुो। v) कए राशि रु. ुस्तािर तारीख िाम पदिाम के श और के निशमत् त फम व की मएुर"
162,1,"निष्पादि ररपोटव (अिएज्ञ्प्त िर्ीकरण के आर्ेदि का पारा 2) (ररपोटव में ........................................से.......................................................तक की अर्धध िाशम की जा गी) उत् पाद का िाम.................................................. भारतीय मािक सं...................... अिएज्ञ्प्त सं. – 1. र्स्तए(ओं) का कए उत्पादि 2. बीआई स मािक मएुर के अधीि िाशम ाकया गया उत्पादि और इसका अिएमानित मूलय 2.1 मात्रा................ 2.2 मूलय(रु.).......... 3. मएुरांकि िएल क का पररक ि : 3.1 इकाई.......................................................... 3.2 मएुरांकि िएल क प्रनत इकाई.................................. 3.3 2.1 पर दी गई मात्रा का 3.2 पर दी गई इकाई दर के गएणा से प्राप् त मएुरांकि िएल क ................ 3.4 न् यूितम मएुरांकि िएल क........................................ 4. भा मा ब्यूरो मािक मएुर में िाशम ि की गई मात्रा, यठद ुो, और उसमें िाशम ि करिे का कारण 5. भा मा ब्यूरो प्रमािणत मा के सभी क्रेताओं के िाम र् पतेन ्जसमे केन्र ीय सरकार/राज् य सरकार/मंत्रा य/वर्भाग/उपक्रम इत् याठद िाशम ुैं (यठद ागू ुो) 6. उ्ल िखत अर्धध के श माुर्ार उत्पाद वर्र्रण िोट : यठद आर्श्यकता ुोन तो अ ग िीट सं ग्ि करें।"
163,1,"प्रपतप-13 (स् कीम-I के पारा 9 का उप पारा (2) देखें) अिएज्ञ्प्त सं. सी म/ -...............का सं ग्िक सी म/ फाक्िी के पते के साथ उत्पाद का िाम भारतीय मािक सं. अिएज्ञ्प्तधारी का िाम पष्ृ िांकि सं.....................तारीख .................... अिएज्ञ्प्त........................ तक मान्य था, * और, िर्ीकरण ............... तक आस्थधगत ाकया गया था और अिएज्ञ्प्तधारी को.......................... से.................तक मािक मएुर का उपयोग करिे की अिएमनत िुीं थी। (*जो ागू ि ुोन उसे काट दें।)न अब, िर्ीकरण के पररणामस्र्पतप, मू अिएज्ञ्प्त/अिएमोदि संख्या........... की अिएसूची में ठद ग अिएज्ञ्प्त की र्ाधता ...................................से..................................तक बा ा दी गई ुा। अिएज्ञ्प्त की अन्य ितदेश समाि रुेंगी। पदाशभठुत प्राधधकारी के ुस्तािर (पदाशभठुत प्राधधकारी का िाम)"
164,1,"प्रपतप-14 (स् कीम–I के पारा 10 का उप पारा (1) देखें) अिएज्ञ्प्त के स् कोप में पररर्तिव ुेतए आर्ेदि प्रमएख..............िाखा कायाव य भारतीय मािक ब्यूरो मुोदय/मुोदयान म/ैं ुम................................................... में कारबार कर रुे ुैं (फाक्िी और कायाव य का पूरा पता) अिएज्ञ्प्त सं....................में िीच े दी गई िई ाकस्म को िाशम करिे के श आर्ेदि करता ुूं/करते ुैं। 2. भारतीय मािक सं. उत्पाद का िाम अिएज्ञ्प्त का र्तमव ाि स् कोप वर्िय-िेत्र में र्ांनछत र्द्ृ धध/कटौती 3. परीिण ररपोटव(ररपोटत)न सं ग्ि ुां/िुीं/ ागू िुीं 4.अनतररक्त वर्निमावण मिीिरी और/या परीिण उपकरण की सूची, यठद कोई ुोन 5. म/ैं ुमिे उपरोक्त आर्दे ि के श रु......... का रसीद सं............तारीख...............................द्र्ारा संदाय ाकया ुा। ुस्तािर तारीख िाम पदिाम के श और उिकी ओर से फम व की मएुर िोट : यठद आर्श्यकता ुोन तो अ ग िीट सं ग्ि करें।"
165,1,"प्रपता-15 (स् कीम–I के पारा 10 का उप पारा (4) देखें) अिएज्ञ्प्त सं. सी म/ -...............का सं ग्िक सी म/ - फाक्िी के पते के साथ उत्पाद का िाम भारतीय मािक सं. अिएज्ञ्प्तधारी का िाम पष्ृ िांकि सं.....................तारीख.................... ब् यूरो द्र्ारा तारीख ................................... से अिएज्ञ्प्त के स् कोप में से नि िश िखत को जोडिे/ ुटािे का अिएमोदि ाकया गया ुा। उपरोक्त पररर्तिव के पररणामस्र्पतप, अिएज्ञ्प्त की अिएसूची में ताश का के स् त भ (3) में अिएज्ञ्प्त के संिोधधत स् कोप में नि िािएसार ुा : अिएज्ञ्प्त की अन् य ितदेश समाि रुेंगी। पदाशभठुत प्राधधकारी के ुस्तािर (पदाशभठुत प्राधधकारी का िाम)"
166,1,"स् कीम–II भारतीय मािक के अिएसार सामाि और र्स् तएओं के श अिएपतपता की स् र्-घोिणा के आधार पर पंजीकरण द्र्ारा मािक मएुर गािे या प्रयोग करिे ुेतए अिएज्ञ्प्त के श अिएपतपता मूल यांकि स् कीम (अिएसूची के अिएसार टाइप सी योजिा आधाररत) वर्िय िेत्र 1. (1) इस स् कीम के अधीि, जो ाक टाइप सी पर आधाररत ुा, अिएपतपता की स् र्-घोिणा के आधार पर पंजीकरण द्र्ारा मािक मएुर गाि े अथर्ा प्रयोग करिे ुेतए ब् यूरो द्र्ारा सामाि र्ं र्स् तएओं, ्जसे इसमें इसके पश् चात ् उत् पाद कुा गया ुा, के श अिएज्ञ्प्त ठदया जा सकता ुा, जो ाक निमावण पररसर में निशमतव ुो और संबद्ध भारतीय मािक (मािक ) की सभी अपेिाओं के अिएपतप ुो। स् पष् टीकरण –उप-पारा (I) के प्रयोजि ुेतए निमावण पररसर(र ) से, से पररसर से अशभप्रेत ुा जो या तो आर्ेदक के स् र्ाशमत् र् में ुो अन् यथा उसका ुो, जु ं निमावण कायकव ाप का कएछ भाग ाकया जाता ुा तथा र्ु पररसर िाशम ुा ्जसमें अंनतम निमावण कायकव ाप पूरा ाकया जाता ुा और जु ंमािक मएुर का उपयोग ाकया जािा ुा या इसे गाया जािा ुा । (2) अिएज्ञ्प्त प्रदाि करिा और उसका प्रचा ि पारा 3 में वर्निठदवष् ट प्राक्रयाओं के अिएसार ाकया जा गा। ाररभाषाऐं 2. (1) ""ततृ ीय पि प्रयोगिा ा"" का आिय ब्यूरो द्र्ारा स् थावपत, अिएरक्षित या मान्यता प्राप्त प्रयोगिा ा, ब्यूरो द्र्ारा पाि बद्ध प्रयोगिा ाऍ ं या ब् यरू ो की कायकव ाररणी सशमनत द्र्ारा निणीत अन् य ाकयी प्रयोगिा ा से ुा । स् कीम की प्रक्रिया (1) चयि – (क) निमावता पुचाि करेगा ाक - (i) उत् पाद के श ्जसके प्रनत र्ु अिएज्ञ्प्त प्राप् त करिे का इच् छएक ुा ाग ू भारतीय मािक; (ii) निमावण र्ं परीिण सिमता और उप ब् धता का सएनिश् चय करिा; (iii) उपयोग ाक जािे र्ा े म ड ि बर और ब्रांड का िाम;"
167,1,"(ख) निमावता को अिएज्ञ्प्त के अभीष् ट वर्िय-िेत्र और िमूिे ेिे के ठदिा-निददेशि स े उत् पाद(द ) के परीिण ुेतए न् यूितम आर्श् यक िमूि की संख् या सएनि्श्चत करिा ुोगा; (ग) निमावता अिएपतपता की स् र्-घोिणा के आधार पर र्जस् िीकरण के माध् यम से अिएज्ञ्प्त प्रदाि करिे के श इस स् कीम के सं ग् िक प्रपतप-I पर प्रत् येक उत् पाद के श अ ग से आर्ेदि कर सकता ुा; (घ) ब्रांड िाम का स् र्ामी समाि ि ुोिे पर प्रत् येक ब्रांड के िाम के श अ ग से आर्ेदि करिा ुोगा ; (ड) निमावता यु सएनि्श्चत करेगा ाक उत् पाद भारतीय मािक की सभी अपेिाओं के अिएपतप परीक्षित ुएआ ुा और इस योजिा के सं ग् िक प्रपतप- II के अिएसार र्चिबद्ध तथा परीिण ररपोटव जमा करिी ुोगी जो ाक उस उत् पाद के श उप ब् ध िमूिा ेि े के माग व निददेशि के अिएसार ततृ ीय पि प्रयोगिा ा द्र्ारा जारी की गई ुो ; (च) निमावता को अधधनियम की धारा 31 र् धारा 18 की उपधारा (6) और उपधारा (7) से अिएपतपता सएनि्श्चत करिे के श इस योजिा से सं ग्िक प्रपतप–III , बी, सी, यथा ागू, के अिएसार िपथपत्र देिा ुोगा ; (छ) वर्देिी निमावता की दिा में अधधनियम की धारा 31 र् धारा 18 की उपधारा (6) और उपधारा (7) से अिएपतपता सएनि्श्चत करिे के श इस योजिा के सं ग्ि फाम व – IV में भारतीय प्रनतनिधध िाशमत करिा ुोगा और िाशमत भारतीय प्रनतनिधध को इस स् कीम से सं ्ग्ित यथा ागू फाम व III , बी, सी के अिएसार िपथपत्र देिा ुोगा ; (ज) अिएज्ञ्प्त के निबंधि र् ितों की स् र्ीकायतव ा (2) अर्धारण– आर्ेदि प्राप् त ुोिे पर ब् यूरो आर्ेदि में दी गई जािकारी की पूणतव ा की जांच करेगा और ततृ ीय पि प्रयोगिा ा से उत् पाद के परीिण पररणाम की उिकी सटीकता और अिएपतपता के श जांच करेगा। (3) पएिरीिण - आर्ेदि की स पूणतव ा की जांच की जा गी और ततृ ीय पि प्रयोगिा ा से उत् पाद के परीिण पररणाम की उिकी िएद्धता और अिएपतपता के श समीिा की जा गी। (4) निणयव - अिएपतपता की स् र्-घोिणा के आधार पर पंजीकरण के माध् यम से अिएज्ञ्प्त प्रदाि करिे का निणयव ब् यूरो द्र्ारा आर्ेदक के आर्ेदि देिे पर ाकया जा गा जो यु दिाव ाक निमावता के पास निरंतर गएणतापूण व उत् पाद के निमावण के श आर्श् यक बएनियादी ढांचा उत् पाद के परीिण पररणाम संबद्ध भारतीय मािक के अिएपतप ुा और समीिा का पररणाम संतोिजिक ुा।"
168,1,"(5) सत् यापि - अिएपतपता की स् र्-घोिणा के आधार पर र्जिीकरण के माध् यम से अिएज्ञ्प्त प्रदाि करिे का निणयव ेिे पर ब् यूरो इस योजिा के सं ग्िक प्रपतप–V पर निमावता को दस् तार्ेज, ्जसमें अिएज्ञ्प्त का वर्िय-िेत्र, अिएज्ञ्प्त संख् या, निमावता का पता, ब्रांड का िाम, म ड संख् या, अिएज्ञ्प्त की र्ाधता, भारतीय मािक का वर्र्रण, मािक मएुर की प्रनतकृनत ुो, जारी की जा गी। (6) निगरािी – (क) ब् यूरो बा़ार से या मागस्व थ िमूिे े सकता ुा और से िमूि को परीिण के आर्ग्ु के साथ ततृ ीय पि की प्रयोगिा ा में परीिण के श भेज सकता ुा। (ख) ाकसी कारणर्ि िमूिे ेिा संभर् ि ुोिे पर पारेिण बबन् द ए से िमूिे श जा सकते ुा और ब् यूरो प्राथशमकता के आधार पर संगठित क्रेता से फीडबाक े सकता ुा। लशकायतें 4. (1) ब्यूरो मािक मएुर र्ा े उत्पाद की गएणता के बारे में प्राप्त ाकसी भी शिकायत को स्र्ीकार और उसकी जांच करेगा। (2) जुां उत्पाद का परीिण िाशम ुा र्ुां परीिण के समय को छोडकर, शिकायत समाप्त करिे की कारवर्ाई िब्बे ठदि के भीतर पूरी की जा गी। शूल् क 5. (1) आर्ेदि फीस, र्ाविकव अिएज्ञ्प्त फीस और िर्ीकरण आर्ेदि प्रत् येक के श क ु़ार पतप ुो। 2. अिएज्ञ्प्त प्रदाि करिे के श प्रनत आर्ेदि प्राक्रया फीस पचास ु़ार पतप ुोगा। 3. क परीिण ररपोटव से अधधक र्ा े आर्ेदि पर प्रत् येक अनतररक् त परीिण ररपोटव पर पतप बीस ु़ार की दर से प्रभार श या जा गा और फीस का भएगताि अधर्ग्म में करिा ुोगा। 4. आर्ेदक को िर्ीकरण के समय पचास ु़ार पतप के प्राक्रया फीस का भएगताि करिा ुोगा। 5. दो र्ि व से अधधक के श िर्ीकरण के श आर्ेदि करिे पर प्रत् येक अनतररक् त र्ि व के श पच् चीस ु़ार पतप की फीस ी जा गी और अिएज्ञ्प्त की र्ाधता अर्धध के श फीस का भएगताि अधर्ग्म में करिा ुोगा।"
169,1,"6. सू् म घए और मध् यम उद्यम के श प्राक्रया फीस में बीस प्रनतित की छूट ागू ुोगी। स् पष् टीकरण – इस उप-पारा के प्रयोजिाथ व सू् मन घए र्ं मध् यम उद्यम पद का र्ुी अथ व ुोगा जो ाक सू् म घए मध् यम उद्यम वर्कास अधधनियम, 2006 (2006 का 27) में ठदया गया ुा। 7. िई ाकस् म या म ड को िाशम करिे के श या अिएज्ञ्प्त के वर्िय िेत्र के वर्स् तार के माम े में प्रनत आर्ेदि तीस ु़ार पतप की राशि प्रभाररत की जा गी। 8. निगरािी या शिकायत की जांच के श यथा्स्थनत िमूि की ागत और र्ावपस श ग िमूि का परीिण िएल क आर्ेदक या अिएज्ञ्प्तधारी देगा। 9. अिएज्ञ्प्त प्रदाि ाक जािे के बाद कोई सेर्ा निर्ेदि जासे िाम/पता/प्रबंधि/भारतीय प्रनतनिधध या ई-मे या संपकव वर्र्रण में पररर्तिव या अिएज्ञ्प्त के वर्िय िेत्र स े म ड र्ावपस ेिे, अिएज्ञ्प्त के वर्िय-िेत्र में म ड के मुत् त् र्पणू व घटक में अद्यतिीकरण के श प्रनत निर्ेदि बीस ु़ार पतप का भएगताि ाकया जा गा। ेबश गं और मएुरांकि अपेिाऍ ं 6. (1) प्रत् येक उत् पाद या पाकेज या दोि पर योजिा के सं ग् िक-I में मािक मएुर के प्रयोग के ठदिा-निददेशि में निठदवष् ट ाक अिएसार मािक मएुर मएुरांाकत ु गे । (2) मािक मएुर का मापि इस योजिा के साथ सं ्ग्ित सं ग् िक- II में यथा निठदवष् ट के अिएसार ुोगा। (3) मािक मएुर की रंग संयोजिा इस योजिा के साथ सं ्ग्ित सं ग् िक-III के अिएसार ुोगा। (4) मािक मएुर पर अिएज्ञ्प्त संख् या और भारतीय मािक का संदभ व स् पष् टत: ठदखिे र्ा े तरीके से और अिएज्ञ्प्त में यथा-वर्निठदवष् ट के अिएसार चस् पा। (5) यठद मािक मएुर के िीच े अिएज्ञ्प्त संख् या िुीं दी जा सकती ुा, तो मािक मएुर के बबल कए पास, उपयएक् त पतप से रािखक पतप से दी जा गी । (6) भारतीय मािक की अपेिाओं के अिएसार उत् पाद का वर्र्रण, ्जसमें ाकस् म, म ड , संख् या, ट या खेप सख्ं या, निमावण की तारीखया सप् ताु, निमावता का पूरा पता िाशम ुा, उत् पाद पाके्जंग पर या उत् पाद पर गे ेब पर अां कत ाकया जा गा। (7) मएुरांकि के वर्र्रण पर ब् यूरो की र्ेबसाइट का संदभ व अतं वर्ष्व ट ुोगा, तााक उपभोक् ता मािक मएुर गे उत् पाद की प्रामािणकता का सत् यापि कर सके।"
170,1,"(8) यठद ब् यूरो द्र्ारा आर्श् यक ुो तो मािक मएुर के अनतररक्त अिएज्ञ्प्तधारी उत् पाद या पाकेज पर संबद्ध भारतीय मािक संख् या के बाद िब् द ‘’अिएपतपता की स् र्- घोिणा’’ अां कत करेगा। (9) ाकसी उत् पाद वर्ििे के श ब् यूरो अनतररक् त ेबश गं और मएुरांकि अपेिा ं निठदवष् ट कर सकता ुा ्जिका अिएज्ञ्प्तधारी को अिएपा ि करिा ुोगा। ुनूज्ञप्तत की शत ें 7. अिएज्ञ्प्त की ित त इि वर्नियम के वर्नियम 6 में ठद ग अिएसार ु गी । ुनूज्ञप्तत की िैधाता 8. (1) मािक मएुर का उपयोग के श अिएज्ञ्प्त आरंभ में दो र्ि व के श ठदया जा गा। (2) अिएज्ञ्प्त का िर्ीकरण कम से कम दो र्ि व के श तथा पांच र्ि व तक की अर्धध के श िर्ीकृत ाकया जा सकता ुा। ुनूज्ञप्तत का निीकर 9. (1) मािक मएुर के उपयोग करिे के श अिएज्ञ्प्त के िर्ीकरण करिे का आर्ेदि अिएज्ञ्प्त की समा्प् त से तीि माु पूर् व ब् यूरो को इस योजिा में सं ग् ि प्रपतप- VI में ाकया जा गा। (2) ब् यूरो इस योजिा के साथ-साथ प्रपतप-VII में अिएज्ञ्प्त का िर्ीकरण करेगा। ुनूज्ञप्तत क स् क(ा में ाररितनण 10. (1) मािक मएुर के प्रयोग के अिएज्ञ्प्त के वर्िय-िेत्र में पररर्तिव के श आर्ेदि इस योजिा के सं ग् िक यथा ागू प्रपतप-VIII क/ख में ाकया जा गा। (2) अिएज्ञ्प्त के स् कोप में वर्स् तार ुेतए आर्ेदि पर वर्चार अिएज्ञ्प्तधारी द्र्ारा दी गई उत् पाद की पूण व परीिण ररपोटव के आधार पर ाकया जा सकता ुा, जो ाक ततृ ीय पि की प्रयोगिा ा द्र्ारा जारी की गई ुो। (3) ब् यूरो अिएज्ञ्प्त के स् कोप में पररर्तिव इस योजिा के सं ग् िक यथा ागू फाम-व IX क,ख में ाकया जा गा।"
171,1,"रनलंबन 11 (1) ाकसी समय भारतीय मािक से उत्प ाद की अिएपतपता को बिा रखिे में कठििाई आिे पर अिएज्ञ्प्तधारी ब् यूरो को सूधचत करते ुए मािक मएुर के प्रयोग को स् र्यं नि ंबबत करेगा । (2) जासे ुी कशमय ं दरू कर ी जाती ुैं, मएुरांकि का प्रयोग ाफर से आरंभ ाकया जा सकता ुा और इस प्रकार के मएुरांकि को आरंभ ाक जािे की सूचिा ब् यूरो को तएरंत या आरंभ ाक जािे की तारीख के सात ठदि के भीतर दी जा गी। (3) ि पते पर निमावण यूनिट के स् थािांतरण के कारण अिएज्ञ्प्तधारी ब् यूरो को सूधचत करते ुए मािक मएुर के प्रयोग को स् र्यं नि ंबबत करेगा । (4) स पूण व कायर्व ाुी करिे के बाद ब् यूरो को आर्श् यक फीस के साथ सूधचत ाकया जा गा। (5) ठद ग दस् तार्े़ो के सत् यापि तथा आर्श् यक फीस जमा करा जािे के उपरांत ब् यूरो नि ंबि को र्ावपस े सकेगा। (6) यठद आर्ेदक द्र्ारा अपेक्षित फीस का भएगताि िुीं ाकया गया ुा तो ब् यूरो इक् कीस ठदि का िोठटस जारी करके अिएज्ञ्प्त को नि ंबबत कर सकेगा और अिएज्ञ्प्तधारी को उत् पाद पर मािक मएुर प्रयोग ि करिे का निददेशि दे सकेगा। (7) ब् यूरो बकाया प्राप् त ुोिे पर उप-पारा (6) के अधीि जारी नि ंबि को रद्द कर सकेगा। ुनूज्ञप्तत रद्ि करना 12. (1) ब् यरू ो इि वर्नियम के वर्नियम 11 के अिएसार अिएज्ञ्प्त को रद्द करेगा। (2) यठद ाकसी समय ब् यूरो के पास पयावप्त प्रमाण ुो ाक मािक मएुर र्ा ा उत् पाद संबद्ध भारतीय मािक के अिएपतप िुीं ुा तो ब् यूरो अिएज्ञ्प्तधारी को िोठटस देकर अिएज्ञ्प्त को समाप् त कर सकेगा। (3) रद्द ाक जािे की तारीख के बाद अिएज्ञ्प्तधारी या उसका प्रनतनिधध मािक मएुर र्ा े उत् पाद की आपूनत,व आयात और बबक्री को रोक देगा।"
172,1,"उपाबंध-I (स् कीम II के पारा 6 का उप पारा (1) में निठदवष् ट करें) मािक मएुर के प्रयोग के ठदिा-निददेशि ‘मािक मएुर’ के मोिोर्ग्ाम में धचत्रात् मक निपतपण ुो, जो ाक िीक र्ासा श या गया ुो जासा ाक उपाबंध II र् III में ठदया गया ुा और इसका फोटोर्ग्ााफक घएकरण र्ं वर्स् तार ाकया जा सकता ुा। (i) ‘मािक मएुर’ ठद ग वर्र्रण अिएसार क या क से अधधक रंग में निपतवपत की जा सकती ुा। (ii) अिएज्ञ्प्तधारी र्स् तए या पाके्जंग, जासा भी माम ा ुो, पर ‘मािक मएुर’ इस तरु से गा ,ं जो आसािी से ठदखे। (iii) मािक मएुर र्ाध, अशमट और सी ुो जो ुटाई ि जा सके तथा मएुरांकि का स् थानयत् र् संबद्ध भारतीय के प्रार्धाि , जुां ागू ुो, के अिएसार ुो। (iv) आई स संख् या, र्जस् िीकरण संख् या और िब्द का ररय फ ट साइ़ 6 से कम ि ुो। (v) उत् पाद पर स् थ ू (physical) निपतपण के स् थाि पर मािक मएुर को इ ेक् ट निक् ी (ई- ेबश गं ) निपतवपत करिे र्ा ा समेाकत प्रादिी स् क्रीि (integrated display) र्ा ा उपकरण।"
173,1,"उपाबंध-II (स् कीम II के पारा 6 का उप पारा (2) में निठदवष् ट करें) अिएपतपता स् र्–घोिणा धचह्ि का मापि आई स 16046 सभी आयाम शमश मीटर में च 1 च 2 च 3 च 4 च 5 1 2 3 4 5 डी 1 डी 2 डी 3 डी 4 डी 5 डी 6 बी 1 बी 2 बी 3 बी 4 बुएरंगीय मािक मएुर के श रंग आयोजिा – ा , िी ी और का ी ुोगी बी5 क) मएरण के श रंग आई स 1222 – 1992 ‘इंक, डए्प् केठटगं फ र ठटर्ि शसश डं र रोटरी मिीिरी (तीसरा पएिरीिण)’ के अिएसार ‘ओररयंट ब् ू’’ और ‘’मोिोपो रेड’ रुेगा। ख) साईि बोड व के श रंग आई स 5 : 1994 ‘’तायार शमधश्रत पेन्ट र्ं अिेम ुेतए रंग (चौथा पएिरीिण)’’ के अिएसार ‘’फ्रेंच ब् ू (सं.166) रेड (सं.537)’’ रुेगा। क रंग मािक मएुर ुेतए रंग के चयि पर कोई रोक िुीं ुा। प्रयएक् त फ ट स् टाइ र्ं प्रयएक् त साइ़ ररय -85 प् र्ांइट ऊपर दी गई आई स संख्य ा और अिएज्ञ्प्त संख् या उदाुरण मात्र ुा। प्रत् येक उत् पाद के श आई स संख् या के निपतपण ुेतए कृपया राजपत्र अधधसूचिा स.ओ.(ई) ठदिांक 01 ठदस बर 2015 देखें।"
174,1,उपाबंध-III (स् कीमII के पारा 6 का उप पारा (3) में निठदवष् ट करें) ‘’मािक मएुर’’ ुेतए रंग आयोजिा आई स...................................... आर -
175,1,प्रपतप-I (स् कीम IIके पारा 3 के उप-पारा (1) के खडं (ग) निठदवष् ट करें) अिपतए पता के श स्र्घोिणा के आधार पर र्जस् िीकरण के माध्यम से अिज्ञए ्प्त देिे के श आर्ेदि माुनतारीखनर्ि व 1. आर्ेदक का िाम(द्र्ारा उत्पाद निशमतव ): 2. निमावण इकाई का पता (द्र्ारा उत्पाद निशमतव )(निमावण पररसर का िाम और पते के प्रमाणीकरण के श दस्तार्ेज सं ग्ि करें।) पता: राज्य/देि: वपि: ई-मे : टे ीफोि : (टे ीफोि िंबर के साथ सटीडी कोड ठदया जा (देि और िेत्र का कोड)) फाक्स: (फाक्स िंबर के साथ सटीडी कोड ठदया जा (देि और िेत्र का कोड)) 3. कायाव य का पता: पता: राज्य/देि: वपि: ई-मे : टे ीफोि : (टे ीफोि िंबर के साथ सटीडी कोड ठदया जा (देि और िेत्र का कोड)) फाक्स: (फाक्स िंबर के साथ सटीडी कोड ठदया जा (देि और िेत्र का कोड)) 4. निमावण इकाई की िीि व प्रबंधि (वर्धधर्त ् प्रमािणतन िीट अ ग से सं ग्ि करेंन यठद आर्श्यक ुो): क्रम.सं. िाम पदिाम
176,1,"5. निमावण इकाई का तकिीकी प्रबंधि (वर्धधर्त ् प्रमािणतन िीट अ ग से सं ग्ि करेंन यठद आर्श्यक ुो): क्रम.सं. िाम पदिाम 6. निमावण इकाई का संपकव व्य्क्त िाम पदिाम मोबाइ िं डैं ाइि िं. ई-मे आईडी 7. निमावता द्र्ारा िाशमत भारतीय प्रनतनिधध का वर्र्रण: (ुमारा भारत में ्स्थत संपकव कायाव य / सुायक फम व / िाखा कायाव य ुान ्जसका वर्र्रण िीच े ठदया गया ुैं: या ुमारा भारत में ्स्थत संपकव कायाव य / सुायक फम व / िाखा कायाव य िुीं ुा, ेाकि भारत में ्स्थत सामाि पर गिे र्ा े िेडमाकव/ब्रांड के संपकव कायाव य/िाखा कायाव य / सुायक फम/व पंजीकृत उपयोगकताव /माश क ुा; ्जिका वर्र्रण नि िश िखत ुैं: या ुमारा भारत में ्स्थत संपकव कायाव य / सुायक फम व / िाखा कायाव य िुीं ुा और ि ुी भारत में ्स्थत सामाि पर गिे र्ा े िेडमाकव/ ब्रांड के संपकव कायाव य/ िाखा कायाव य / सुायक फम/व पंजीकृत उपयोगकताव /स् र्ामी ुा। इसश , ुम प्रमएख आयातक / वर्तरक / निमावता या ब्रांड के स्र्ामी के साथ वर्पणि गिजोड करिे के श िाशमत करते ुैं, ुमारे प्राधधकृत भारतीय प्रनतनिधधय का वर्र्रण नि िश िखत ुा: फम व का िाम: फम व का पता: ुस्तािरकताव का िाम: पदिाम; ई-मे आईडी: मोबाइ िं.:"
177,1,"कायाव य का टे ीफोि िं. ; 8.यु आर्ेदि ाकस अिएज्ञ्प्त को देिे के श ाकया जा रुा ुा: (क) भारतीय मािक: (ख) उत्पाद श्रेणी: (ग) उत्पाद का िाम: म ड सं. ब्रांड का िाम 9. वपछ े ाइसेंस का वर्र्रण अिएज्ञ्प्त सं. ्स्थनत ठटप्पणी (समाप्त / रद्द / प्रचाश त / स्थधगत) 10. अर्यर् / कच्ची सामधर्ग्यां: अर्यर् की सूची / कच्च े मा का परीिण और स्र्ीकृनत के साथ भारतीय मािक में निठदवष्ट अपेिाओ ं के अिएसार परीिण और स्र्ीकार ाक ग अर्यर् / कच्ची सामर्ग्ी की सूची िीच े दी गई ुा (वर्धधर्त प्रमािणत, अ ग िीट सं ग्ि करें, यठद आर्श्यक ुो): र्स्तए/भाग निमावता/ब्रांड म ड तकिीक परीिण के अिएपतपता की का िाम िं. डाटा/रेठटगं श मािक मएुर(रें) 11. निमावण - क्या निमावण इकाई के पास उत्पाद और इसके म ड और श्रखंृ ाओ ं के श पूण व निमावण सएवर्धा ुा, ्जस अिएज्ञ्प्त के श आर्ेदि ाकया गया ुा? : ुां/िुी (यठद 'िुी'ं, तो आउटसोस व र् निमावण प्राक्रयाओं का वर्र्रण प्रदाि करें) 12. परीिण - क्या भारतीय मािक के अिएसार उत्पाद की अिएपतपता को जांचिे के श निमावण इकाई में इि-ुाउस पूण व परीिण सएवर्धा ुा? : ुां/िुी (यठद 'िुी'ं, तो उि परीिण का वर्र्रण प्रदाि करें ्जिके श इि ुाउस परीिण की सएवर्धा िुीं ुा और यु परीिण कासे ाक जाते ुा)"
178,1,"13. ्जि अिएज्ञ्प्त के श आर्ेदि ाकया गया ुान उि उत्पादो की परीिण ररपोटव (ररपोटो) का वर्र्रण: क्रम.सं. प्रयोगिा ा परीिण परीिण ररपोटव म ड िं. ब्रांड का िाम ररपोटव सं. जारी करिे की तारीख 14. भएगताि का वर्र्रण: राशि पत. में पेमेंट गेटर्े म ड सं. भएगताि तारीख की ठटप्पिणयां की रसीद रसीद सं. 15. घोिणा और स्र् ीकायतव ा (क) ब्रांड का िाम ब्रांड का िाम / स्र्यं या क्या ब्रांड का िाम / प्रस्तार्ि/र्जस् िीकरण िेडमाकव जो दसू र िेडमाकव र्जस् िीकृत ुा? की तारीख अिएज्ञ्प्त र्ा े द्र्ारा i भारत में र्जस् िीकृत उत्पाद पर स्र्ाशमत्र् * ii भारत के बाुर मएुरांाकत ाकया र्जस् िीकरण जा गा (ब्रांड का iii र्जस् िीकरण के श िाम / िेडमाकव के आर्ेदि ाकया ुा र्ास्तवर्क िड़ाइि धचत्रण दें) iv अर्जस् िीकृत ब्रांड के र्जस् िीकृत प्रमाणपत्र की प्रनतश वप भी प्रदाि की जा गी। * ाकसी अन्य संगिि द्र्ारा उपयएक्व त प्रयोजि के श उपयोग ाक जा रुे ब्रांड का िाम / िेडमाकव (निमावता / आर्ेदक के अनतररक्त) के स्र्ाशमत्र् में ुैं, तो ब्राडं का इसके प्रयोग के श निमावता को करार / प्राधधकरण की प्रनतश वप दें। (ख) निबंधि और ित त"
179,1,"म/ैं ुम, अिएज्ञ्प्त अिएदत् त करिे पर,: (i) यु सएनि्श्चत करेंगे ाक मािक मएुर का िड़ाइि अिएज्ञ्प्त में दी गई प्रनतश वप के समाि ुो। (ii) अिएपा ि करेंगे ाक जब तक ब् यूरो द्र्ारा अन् यथा निठदवष् ट ि ाकया जा मािक मएुर के फोटोर्ग्ााफक वर्स् तार या घएकरण का प्रयोग ाकया जा सकेगा। (iii) नियम और अधधनियम के तुत तायार और समय-समय पर संिोधधत, अधधनियम के प्रार्धाि का पा ि करेंगे। (iv) उि वर्तरक , वर्क्रेताओं या खदए रा वर्क्रेताओं की सूची प्रदाि करेगें ्जिको मािक मएुर र्ा े मा अथर्ा र्स् तओए ं की आपूनत व की जाती ुा। v) मा , र्स्त, ए प्रसंस्करण, प्रणा ी या सेर्ा के अिएपतप भारतीय मािकन ्जसके संबंध में मएुर का प्रयोग या अिएप्रयोग के श उॉरदायी ुोगा। (vi) ब्यूरो/केंरीय सरकार द्र्ारा निददेशशित िमूिे ( ागत ) की ागत और उिके परीिण िएलक को र्ुि ाकया जा गा। (vii) अिएज्ञ्प्त के वर्िय-िेत्र से बाुर या गार-अिएपतपता र्ा े मा , र्स्तए , प्रसंस्करण, प्रणा ी या सेर्ा के संबंध में मािक मएुर का उपयोग िुीं करेगा । (viii) ्जसके अतं गतव अिएज्ञ्प्त प्रदाि ाकया गया ुान उि अिएपतपता मूलयांकि योजिा के प्रार्धाि का अिएपा ि करेगा, ्जसमें ेबश गं और मएुरांकि अपेिा ं िाशम ुैं। (ix) यु सएनि्श्चत करेगा ाक ाकसी भी मा , र्स्तए , प्रसंस्करण, प्रणा ी या सेर्ा और आपूनत,व आयात और बबक्री या नि ंबि के दौराि या अिएज्ञ्प्त की समा्प्त / रद्द करिे के बाद मािक मएुर का प्रयोग िुीं ाकया जा रुा ुा । (x) गार-अिएपतपता र्ा ी र्स्तएओं या सामाि की आपूनत व और बबक्री को रोकिे और गार- अिएपतपता र्ा े सामाि या र्स्तएओं को र्ापस ेिा ्जिकी पु े से ुी आपूनत व की जा चकए ी ुैं या बबक्री के श ठद जा चकए े ुैं या बाजार से इस तरु के धचह्ि या ाकसी से स्थाि से जुां र्े बबक्री के श ठद जाते ुा या सेर्ा प्रदाि करिे के श नििेध ुोिे की संभार्िा ुा।"
180,1,"(xi) यु सएनि्श्चत करेंगे ाक ुम या ुमारे प्रनतनिधध द्र्ारा मािक धचह्ि गे उसकी रंगीि अिएकृनत र्ा े मा , र्स्तए , प्रसंस्करण, प्रणा ी या सेर्ा की बबक्री की ाक जािे पर, जो संबद्ध मािक के अिएपतप ि ुो, तो ब्यूरो ुमें या ुमारे प्रनतनिधधय को निदेि दे सकेगा ाक - (क) मािक मएुरांाकत मा , र्स्तए , प्रसंस्करण, प्रणा ी या सेर्ा की निठदवष् ट ाक ग अएिसार मर मत की जा या उसे बद ा जा ; या (ख) ब् यरू ो द्र्ारा उपभोक्ता को निठदवष् टािएसार मएआर्जे का भएगताि ाकया जा ; या (ग) र्स्तएओ,ं मा , प्रसंस्करण, प्रणा ी या सेर्ा की की गार-अिएपतपता के कारण गिे र्ा ी चोट के श उपभोक्ता को निधावररत ाक ग अिएसार िनतपूनत व की जा । (xii) पररसर में निरीिण या ऑिडट करिे के संबंध में ब्यूरो को सुायता प्रदाि की जा गी। (xiii) उत्पादि और मािक मएुर को गािे या उपयोग करिे के संबंध में आर्श् यकता ुोिे पर ब्यूरो को संबंधधत जािकारी प्रदाि करेगा। (xiv) ब्यूरो और / या केंर सरकार के निठदवष्टािएसार सभी वर्ॉीय बकाय का भएगताि करेगा। (xv) यु सएनि्श्चत करेगा ाक, यठद मािक मएुर गे उत्पाद की गएणता के बारे में शिकायत की गई ुा, तो ुम उपयएक्त सएधारात्मक कारवर्ाई करेंगे तााक भवर्ष्य में सी शिकायत की पएिरार्वृ ॉ ि ुो। (xvi) ब्यूरो को अिएज्ञ्प्तधारक को कम से से कम क मुीिे का िोठटस देकर अिएज्ञ्प्त की ाकसी भी ित व में संिोधि करिे का अधधकार ुोगा। (xvii) िाम / प्रबंधि, स्थाि, संपकव वर्र्रण, अधधकृत प्रनतनिधध, अिएज्ञ्प्त के वर्िय िेत्र में ाकसी भी म ड के मुत्र्पूण व घटक के पररर्तिव के बारे में बीस ठदि के भीतर बीआई स को सूधचत करिे की र्चिबद्धता देिी ुोगी। (xviii) जब ुम र्जस् िीकृत योजिा के संचा ि के साथ ाकसी अन्य ब्रांड िाम / िेडमाकव (ओ) का उपयोग करिे का प्रस्तार् करते ुैं, तो ब्यूरो को अधर्ग्म पतप में सूधचत करिे की र्चिबद्धता देिी ुोगी। (xix) समीते ुैं ाक 15(क) के अिएसार ब्रांड के िाम की जािकारी भारतीय मािक ब् यूरो को केर् सूचिा के तौर पर ुा, ाक ाकसी ब्रांड के िाम और िेडमाकव की अिएमनत/अिएमोदि में"
181,1,"भारतीय मािक ब् यरू ो की कोई भूशमका िुीं ुा, ाक इसकी ाकसी तरु यु वर्र्ेचिा िुीं की जा गी ाक भारतीय मािक ब् यूरो िे उपरोक् त सूचीबद्ध ब्रांड के िाम और िेडमाकों को प्रयएक् त करिे की अिमए नत/अिएमोदि प्रदाि कर दी ुा और पूरी ्ज मेदारी मेरी/ुमारी ुोगी। (xx) जब बीआई स निददेशशित करेगा तब सएसंगत भारतीय मािक के संिोधि और पएिरीिण को ागू ाकया जा गा। (xxi) बीआई स द्र्ारा समय-समय पर जारी ठदिा-निददेशि और पररपत्र न अधधनियम, नियम और वर्नियम का पा ि करिा सएनि्श्चत करिा ुोगा। (xxii) यु सएनि्श्चत करि े के श ाक ुमारे द्र्ारा िाशमत प्रनतनिधध बीआई स या बीआई स से संबंधधत ाकसी भी अन्य गनतवर्धध से जएडा िुीं ुा, उदाुरण के श , िमूिे का परीिण, बीआई स द्र्ारा मान्यता प्राप्त प्रयोगिा ाओं की गनतवर्धधय में िाशम ुोिा, बाजार निगरािी आठद करिा या बीआई स की इस योजिा के अधीि ाकसी अन्य गनतवर्धध में िाशम ुोिा ्जससे ठुत का टकरार् ुो, के श र्चिबद्ध ुोगा। (xxiii) यठद ाकसी चरण में यु पता च ता ुा ाक भारतीय प्रनतनिधध ऊपर उ्ल िखत गनतवर्धधय में श प्त ुान या बीआई स कृत् य से संबंधधत ाकसी सी अन्य गनतवर्धधन ्जसमें ठुत का टकरार् िाशम ुोन तो ठदया गया र्जस्िीकरण रद्द ाकया जा गा। से भारतीय प्रनतनिधध बीआई स संबंधी कोई गनतवर्धध करिे के श का ीसूची में डा े/नििेध ाक जा ंगे। (ग) घोिणा : म/ैं ुम आगे घोिणा करता ुू /करते ुैं i) ाक इस घोिणा में दी गई जािकारी मेरे सर्ोॉम ज्ञाि र्ं वर्श्र्ास में सत्य ुा। ii) ाक से िमूिे ्जिकी श परीिण ररपोटव सं ग्ि की गई ुैंन र्े इस आर्ेदि प्रपतप में क्र.सं. 2 पर उ्ल िखत पते पर ्स्थत मेरी फाक्टरी में वर्निशमतव की गई ुैं। iii) यठद इस घोिणा में ाकसी प्रकार की िामक सूचिा पाई जाती ुान तो अिएज्ञ्प्त प्रदाि करिे के श ठदया गया आर्ेदि रद्द ाकया जा गा। iv) यठद ऊपर उ्ल िखत सी ाकसी सूचिा के आधार पर अिएज्ञ्प्त प्रदाि ाकया जाता ुान जो बाद में ग त पाई जाती ुान तो अिएज्ञ्प्त रद्द ाकया जा गा।"
182,1,ठदिांक: स्थाि: वर्निमावता की मएुर: ुस्तािर ---------------------- िाम---------------------------- पदिाम ----------------------- आर्ेदि की तारीख------------- मुत्त्र्पूण:व आर्ेदिन मा उत्पादि करिे र्ा े वर्निमावता (उत्पाद वर्निशमतव द्र्ारा) के मएख्य कायकव ारी अधधकारी या वर्निमावण इकाई (प्राधधकृत पत्र सं ग्ि करें) में उसके प्राधधकृत प्रनतनिधध द्र्ारा ुस्तािररत ुोिा चाठु । प्राधधकृत भारतीय प्रनतनिधध के प्रनतुस्तािर (वर्देिी वर्निमावताओं से आर्ेदि के माम े में): (उपरोक्त घोिणा में उ्ल िखत सभी निबंधि और ितों को मिैं े पा श या ुा और म ैं इन्ुें स्र्ीकार करता ुू तथा इिका पा ि करिे के श सुमत ुू ) संगिि का िामन यठद कोई िाखा/संपकव कायाव य स्थावपत ुा /ब्रांड के माश क/ाकसी तीसरे पि के पतप में िाशमत प्राधधकृत भारतीय प्रनतनिधध : --------------------------------------- प्राधधकृत ुस्तािरी का िाम र्ं पदिाम ुस्तािर र्ं तारीख ----------------------------- पता:----------------------------------------------- दरू भाि सं.:--------------------------------------- मोबाइ सं.:------------------------------------- ईमे :---------------------------------------------
183,1,प्रपतप–II (स् कीम-II के पारा 3 के उप-पारा (1) का खडं (ड) निठदवष् ट करें) र्चिबद्धता (कंपिी के पत्रिीि व पर जारी ाकया जा ) वर्निमावता का िाम र्ं पता: उत्पाद का िाम: िेड/ब्रांड िाम: भारतीय मािक की अिएपतपता के श : आर्ेदि आईडी/समार्ेि आईडी/सीसी आईडी/्स्र्चओर्र आईडी: ुमिेन ……………………….. (वर्निमावता का िाम)न उपरोक्त उत्पाद पर अिएपतपता की स्र्-घोिणा के श बीआई स अिएज्ञ्प्त प्रदाि करिे ुेतए आर्ेदि ाकया ुा। ुमन नियामक अिएपा ि ुेतए ्ज मेदार पि के पतप मेंन कमात्र उत् तरदानयत् र् के अधीि घोिणा करते ुैं ाक उ्ल िखत उत्पाद आई स ........................ के अिएपतप ुैं। आगेन माड सं. ......................... उत्पाद ....................... के श अिएज्ञ्प्त प्रदाि करिे/ समार्ेि ुेतए आर्ेदि के साथ ुमारे द्र्ारा प्रस्तएत की गई परीिण ररपोटव सं. ..... ठदिांक ............... द्र्ारा जारी .................. (बीआई स द्र्ारा मान्यता प्राप्त प्रयोगिा ा का िाम) का ुमिे आई स ................... के प्रनत या प्रत्येक अपेिा का खडं र्ार पूरी तरु अर् ोकि ाकया गया ुा। ुम प्रमािणत करते ुैं ाक; i) यु परीिण ररपोटव उपरोक्त भारतीय मािक की सभी ागू अपेिाओं के श परीिण पररणाम /अिएपतपता निधावरण को पूरा करती ुा। ii) इस परीिण के पररणामन मािक के प्रत्येक खडं /उप-खडं में मािक की ुरेक अपेिा ुमारे द्र्ारा स्र्तंत्र पतप से सत्यावपत की गई ुा और निधावररत सीमाओं में ुैं/ मािक में वर्ठुत अपेिाओं के श करती ुा। ुम सुमत ुैं ाक ुमारे द्र्ारा बीआई स के अिएज्ञ्प्त के श प्रस्तएत की गई परीिण ररपोटव में यठद अिएज्ञ्प्त प्रदाि करिे के पश् चात ् ाकसी भी समय कोई अनियशमतता पाई जाती ुान तो परीिण ररपोटव के आधार पर इस प्रकार ुमें प्रदाि ाकया अिएज्ञ्प्त तथा यु र्चिबद्धता बीआई स द्र्ारा रद्द की जा गी। ुस्तािर र्ं मएुर : िाम (आर्ेदक/आर्ेदि भरिे र्ा ा भारतीय प्राधधकृत प्रनतनिधध) ठदिांक: स्थाि:
184,1,प्रपतप – III क (स्कीम II के पारार्ग्ाफ 3 के उप-पारार्ग्ाफ (1) का खडं (च) निठदवष्ट करें) प्रनतपतपण ु फिामा सु र्चिबद्धता (अिएज्ञ्प्त प्रदाि करिे से पु े भारत में ्स्थत वर्निमावता के िाखा कायाव य/संपकव कायाव य द्र्ारा प्रस्तएत ाकया जा ) (100/- रुपये के गार – न्यानयक स्टा प पेपर परन स यक पतप से िोटरीकृत) मनैं ...............................न आयए गभग ............... र्िनव मासस व ........................... (भारत में संपकव कायाव य/सुायक फम/व िाखा कायाव य) का अधधकृत सीईओ / मडी / स्र्त्र्धारी / प्राधधकृत कमचव ारी (पदिाम .............) ...................................................................... पत े पर इसका पंजीकृत कायाव य/ मएख्य कायाव य ुान सत्यनिष्िा से नि िश िखत घोिणा करता ुू : 1. मासस व ........................... (भारत में संपकव कायाव य / सुायक फम व /िाखा कायाव य) को मासस व ............................ (वर्देिी आर्ेदक) द्र्ारा भारत में स्थावपत ाकया ुान ्जसकी आर्ेदि आईडी / अिएज्ञ्प्त संख्या : ……………… तथा अधधनियम की धारा 31 और 18 की उपधारा (6) और (7) के अधीि आर्ेठदत अिएज्ञ्प्त के अिएदॉ ाक जािे के प्रयोजि के श .......................... (वर्देिी आर्ेदक का पता) में अपिा कारखािा / वर्निमावणकारी पता ुा। 2. ाक मएी े यु ु फिामा सु र्चिबद्धता देिे के श स यक पतप से प्राधधकृत ाकया ुा (प्राधधकरण इसके साथ सं ग्ि ुा)। 3. ाक बीआई स द्र्ारा प्रदाि ाकये जािे र्ा ी सभी अिएज्ञ्प्तय के प्रयोजि के श मासस व .......................... (वर्देिी आर्ेदक) की ओर से मासस व ........................... (भारत में संपकव कायाव य / सुायक फम व / िाखा कायाव य) बीआई स अधधनियमन 2016न और उसके अधीि बिा ग नियम तथा वर्नियम के संबंध में सभी देिदाररय र्ं दानयत्र् को पूरा करिे का र्चि देता ुा। मासस.व .......................... (भारत में संपकव कायाव य / सुायक फम व / िाखा कायाव य) आगे र्चि देता ुा ाक ब्यूरो की पूर् व सुमनत के बबिा यु र्चिबद्धता ाकसी भी अिएज्ञ्प्त के प्रचा ि के दौराि समाप्त िुीं की जा गी। 4. पूर्गव ामी घोिणा की व्यापकता पर प्रनतकू प्रभार् डा े बबिान मासस व .................... ........................... (भारत में संपकव कायाव य / सुायक फमव / िाखा कायाव य) अिएज्ञ्प्त के सभी निबंधि र्ं ितों को स्र्ीकार करता ुान और इिके अिएपा ि के श तथा ाकसी अिएज्ञ्प्त के संबंध में ाकसी चरण में ुोिे र्ा े बीआई स के सभी बकाया वर्ॉीय देिदाररय को पूरा करिे के श उॉरदायी ुोिे का र्चि देता ुा। 5. ाक मासस.व .......................... (भारत में संपकव कायाव य / सुायक फम व / िाखा कायाव य) वर्देिी आर्ेदक की ओर से अधधनियमन इसके अधीि बिा ग नियम र्ं
185,1,वर्नियम के ाकसी प्रार्धाि के उल ंघि या चकू के माम े में पूरे उॉरदानयत्र् को स्र्ीकार करता ुा और उसे पूरा करिे का र्चि देता ुा। 6. ाक म ैं घोिणा करता ुू ाक मासस.व .......................... (भारत में संपकव कायाव य /सुायक फम व / िाखा कायाव य) का बीआई स के ठुत को प्रभावर्त करिे र्ा ी ाकसी प्रयोगिा ा के साथ कोई र्ािण्ज्यक या व्यर्सानयक संबंध िुीं ुा और यु सामान्यतया बीआई स के ठुत में वर्रोध र्ा ी ाकसी गनतवर्धध में श प्त िुीं ुोगा तथा म ैं इसे पूरी तरु से समीता ुू ाक इसके ाकसी प्रकार का उल ंघि करिे के फ स्र्पतप कािूि के अिएसार अन्य कायर्व ाुी के अनतररक्त अिएज्ञ्प्त रद्द ाकया जा सकता ुा। 7. ाक म ैं घोिणा करता ुू ाक मासस.व .......................... (भारत में संपकव कायाव य/ सुायक फम व /िाखा कायाव य) के साथ-साथ अधोुस्तािरी अथावत ् अशभसािीन वर्देिी आर्ेदक की ओर सेन अिएज्ञ्प्त प्रदाि करि/े ाक जािे से बीआई स को ुोि े र्ा ी ाकसी ुानि की पूरी तरु िनतपूनत व करिे का र्चि देता ुा। ्जसकी भी सािी मेंन मैं 20 ........ के ........ माु के ........ र्ें ठदि इस ु फिामा सु र्चिबद्धता पर ुस्तािर तथा निष्पादि करता ुू । उपरोक्त िाशमत द्र्ारा ुस्तािररतन मएुरबंद ाकया र्ं सौंपा गया। (अशभसािी) (मएुर और स्टा प सठुत ुस्तािर) (िोटरी प्ब् क के ुस्तािरन स्टा प और मएुर)
186,1,प्रपतप –III ख (योजिा II के पारार्ग्ाफ 3 के उप-पारार्ग्ाफ (1) का खडं (च) निठदवष्ट करें) प्रनतपतपण ु फिामा सु र्चिबद्धता (अिएज्ञ्प्त प्रदाि करिे से पु े ब्रांड माश क; या स्र्त्र्धारी / र्जस्िीकृत उपयोगकताव / सुायक फम व / ब्रांड / िेडमाकव का संपकव कायाव य; या भारत में ्स्थत ाकसी अन्य इकाई द्र्ारा प्रस्तएत ाकया जा ) (100/- रुपये के गार – न्यानयक स्टा प पेपर परन स यक पतप में िोटरीकृत) मनैं ...............................न आयए गभग ............... र्िनव मासस व ........................... (भारत में िाशमत कंपिी / फम व / स्र्ाशमत्र्) का अधधकृत सीईओ / मडी / स्र्त्र्धारी /प्राधधकृत कमचव ारी (पदिाम .............) ...................................................................... पते पर इसका र्जस्िीकृत कायाव य/ मएख्य कायाव य(भारत में पता) ुान सत्यनिष्िा से प्रनतज्ञाि और घोिणा करता ुू : 1. मासस व .......................... (वर्देिी आर्ेदक) ्जसके अपिे कारखािे / वर्निमावणकारी पता ................................................... (वर्देिी आर्ेदक का पता) िे मासस व ................................................. (भारत में िामनिठदवष्ट कंपिी / फम व / स्र्त्र्धाररता) को आर्ेदि आईडी / अिएज्ञ्प्त संख्या: ……………… और अधधनियम की धारा 18 और 31 की उपधारा (6) और (7) के अधीि आर्ेदि ाकये गये अिएसार अपिी र्स्त ए ............................................ (स बंधधत ब्रांड और भारतीय मािक सठुत र्स्त ए के ब्यौरे) की अिएज्ञ्प्त ाकये जािे के प्रयोजि के श भारत में अर््स्थत अपिे प्राधधकृत प्रनतनिधध के पतप में िामनिठदवष्ट ाकये ुैं। 2. ाक मएी े यु ु फिामा सु र्चिबद्धता देिे के श स यक पतप से प्राधधकृत ाकया ुा (प्राधधकरण इसके साथ सं ग्ि ुा)। ** 3. ाक म ैं तद्द्र्ारा घोिणा करता ुू ाक मासस व .............................. (भारत में िाशमत कंपिी / फम व / स्र्त्र्धाररता) ब्रांड माश क / स्र्त्र्धारी / र्जस्िीकृत उपयोगकताव / सुायक कायाव य / उक्त र्स्तए पर गे िेडमाकव / ब्रांड का संपकव कायाव य ुा। या ** ाक मैं तद्द्र्ारा घोिणा करता ुू ाक मासस.व ............................. (भारत में िाशमत कंपिी/फम/व स्र्त्र्धाररता) उक्त र्स्तए के ब्रांड माश क और / या वर्निमावणकताव के साथ इकाई का वर्पणि गिजोड का प्रमएख आयातक/वर्तरक ुा। 4. ाक मासस व ............................. (भारत में िाशमत कंपिी / फम व / स्र्त्र्धाररता) तद्द्र्ारा बबिा ित व िामांकि स्र्ीकार करता ुू और उक्त र्स्तए के र्जस्िीकरण के प्रयोजि ुेतए मासस व .................................. (वर्देिी आर्ेदक) की ओर से उक्त अधधनियमन इसके अधीि बिा ग नियम र्ं वर्नियम के प्रार्धाि के अिएपा ि ुेतए उॉरदायी ुोिे श सुमनत देता ुू । मासस व ............................. (भारत में
187,1,िाशमत कंपिी / फम व / स्र्त्र्धाररता) आगे र्चि देता ुा ाक ब्यूरो की पूर् व सुमनत अिएज्ञ्प्त के प्रचा ि के दौराि इस सुमनत को समाप्त िुीं करेगा। 5. ाक पूर्गव ामी घोिणा की व्यापकता पर प्रनतकू प्रभार् डा े बबिान मासस व ................ ............................. (भारत में िाशमत कंपिी / फम व / स्र्त्र्धाररता) र्जस्िीकरण के सभी निबंधि र्ं ितों के अिएपा ि के श और ाकसी अिएज्ञ्प्त के संबंध में ाकसी चरण में ुोिे र्ा े बीआई स की सभी बकाया वर्ॉीय देिदाररय को पूरा करिे के श उॉरदायी ुोिे का र्चि देता ुा। 6. ाक मासस व ........................... (भारत में िाशमत कंपिी / फम व /स्र्त्र्धाररता) वर्देिी आर्ेदक की ओर से अधधनियमन इसके तुत बिा ग नियम र्ं वर्नियम के ाकसी प्रार्धाि के उल ंघि या चकू के माम े में पूरी देिदारी को स्र्ीकार करता ुा और उसे पूरा करिे का र्चि देता ुा। 7. ाक म ैं घोिणा करता ुू ाक मासस.व .......................... (भारत में िाशमत कंपिी / फम व / स्र्त्र्धाररता) का बीआई स के ठुत को प्रभावर्त करिे र्ा ी ाकसी प्रयोगिा ा के साथ कोई र्ािण्ज्यक या व्यर्सानयक संबंध िुीं ुा और बीआई स के ठुत के वर्रोध र्ा ी ाकसी गनतवर्धध में श प्त िुीं ुोगा। म ैं इसे पूरी तरु से समीता ुू ाक इसके ाकसी प्रकार का उल ंघि करिे के फ स्र्पतप कािूि के अिएसार अन्य कायर्व ाुी के अनतररक्त अिएज्ञ्प्त रद्द की जा सकती ुा। 8. ाक म ैं घोिणा करता ुू ाक मासस.व .......................... (भारत में िाशमत कंपिी / फम व / स्र्त्र्धाररता) के साथ-साथ अधोुस्तािरी अथावत ् अशभसािीन वर्देिी आर्ेदक की ओर से संयएक्त और पथृ क-पथृ क अिएज्ञ्प्त प्रदाि करिे / ाक जािे से बीआई स को ुोिे र्ा ी ाकसी ुानि की पूरी तरु िनतपनू त व करिे का र्चि देता ुूं। ्जसकी अशभसािी मेंन मैं 20 ........ के ........ माु के ........ र्ें ठदि इस ु फिामा सु र्चिबद्धता पर ुस्तािर तथा निष्पादि करता ुू । उपरोक्त िाशमत द्र्ारा ुस्तािररतन मएुरबंद ाकया और सौंपा गया। (अशभसािी) (मएुर और स्टा प सठुत ुस्तािर) (िोटरी प्ब् क के ुस्तािरन स्टा प और मएुर) * जो ागू िुीं ुो उसे काट दें
188,1,प्रपतप –III ग (योजिा II के पारार्ग्ाफ 3 के उप-पारार्ग्ाफ (1) का खडं (च) निठदवष्ट करें) प्रनतपतप ु फिामा सु र्चिबद्धता (अिएज्ञ्प्त प्रदाि करिे से पूर्नव भारत में ्स्थत वर्निमावता द्र्ारा प्रस्तएत ाकया जा ) (100/- रुपये के गार – न्यानयक स्टा प पेपर परन स यक पतप से िोटरीकृत) मनैं ...............................न आयए गभग ............... र्िनव व्यर्साय द्र्ारा मासस व ................................................... का अधधकृत सीईओ / मडी / स्र्त्र्धारी / प्राधधकृत कमचव ारी (पदिाम .............) ................................................................... पते पर इसका र्जस्िीकृत कायाव य / मएख्य कायाव य (पूरा पता) ुा और ................................... में इसकी वर्निमावण इकाई अर््स्थत ुान सत्यनिष्िा से नि िश िखत घोिणा करता ुू : 1. ाक आर्ेदि आईडी / अिएज्ञ्प्त सं.: ………… ुेतए मएी े यु ु फिामा सु र्चिबद्धता देि े के श स यक पतप से प्राधधकृत ाकया ुा (प्राधधकरण इसके साथ सं ग्ि ुा)। 2. ाक मासस व ....................... तद्द्र्ारा बीआई स द्र्ारा ठद ग / ठद जािे र्ा े सभी अिएज्ञ्प्तय के प्रयोजि ुेतए अधधनियम की धारा 18 र् ं धारा 31 की उप-धारा (6) तथा (7) के संबंध में सभी देिदाररय र्ं दानयत्र् को पूरा करिे का र्चि देता ुू । मासस व ......... आगे र्चि देता ुा ाक ब्यूरो की पूर् व सुमनत के बबिा ाकसी भी र्जस्िीकरण के प्रचा ि के दौराि इस सुमनत को समाप्त िुीं करेगा। 3. ाक पूर्गव ामी घोिणा की व्यापकता पर प्रनतकू प्रभार् डा े बबिान मासस व .................. ....................... र्जस्िीकरण के सभी निबंधि र्ं ितों के अिएपा ि के श और ाकसी अिएज्ञ्प्त के संबंध में ाकसी चरण में ुोिे र्ा ी बीआई स के सभी बकाया वर्ॉीय देिदाररय को पूरा करिे के श उॉरदायी ुोिे का र्चि देता ुा। 4. ाक मासस व ........................... इस अधधनियमन और इसके अधीि बिा ग नियम तथा वर्नियम के ाकसी प्रार्धाि के उल ंघि या चूक के माम े में पूरी देिदारी को स्र्ीकार करता ुा और उसे पूरा करिे का र्चि देता ुा। 5. ाक म ैं घोिणा करता ुू ाक मासस.व .......................... का बीआई स के ठुत को प्रभावर्त करिे र्ा ी ाकसी प्रयोगिा ा के साथ कोई र्ािण्ज्यक या व्यर्सानयक सबं ंध िुीं ुा और यु सामान्यतया बीआई स तथा वर्ििे तया अनिर्ाय व र्जस्िीकरण योजिा के ठुत के वर्रोध र्ा ी ाकसी गनतवर्धध में श प्त िुीं ुोगा तथा म ैं इसे पूरी तरु स े समीता ुू ाक इसके ाकसी प्रकार का उल ंघि करिे के फ स्र्पतप कािूि के अिएसार अन्य कायर्व ाुी के अनतररक्त अिएज्ञ्प्त को रद्द ाकया जा सकता ुा।
189,1,6. ाक म ैं घोिणा करता ुू ाक मासस व ........................... के साथ-साथ अधोुस्तािरी अथावत ् अशभसािी अिएज्ञ्प्त प्रदाि करिे / ाक जािे से बीआई स को ुोिे र्ा ी ाकसी ुानि की पूरी तरु िनतपूनत व करि े का र्चि देता ुा। ्जसकी अशभसािी मेंन म ैं 20 ........ के ........ माु के ........ र्ें ठदि इस ु फिामा सु र्चिबद्धता पर तद्द्र्ारा ुस्तािर तथा निष्पादि करता ुू । उपरोक्त िाशमत द्र्ारा ुस्तािररतन मएुरबंद ाकया और सौंपा गया। (अशभसािी) (मएुर र्ं स्टा प सठुत ुस्तािर) (िोटरी प्ब् क के ुस्तािरन स्टा प और मएुर)
190,1,प्रपतप – IV (योजिा II के पारार्ग्ाफ 3 के उप-पारार्ग्ाफ (1) का खडं (छ) वर्निठदवष्ट करें) प्राधधकृत भारतीय प्रनतनिधध का िामांकि (मू पतप में कंपिी के पत्र िीि व पर जारी ाकया जा ) 1. मनैं .................................. मासस व ....................... (वर्देिी आर्ेदक) का सीईओ / मडी / स्र्त्र्धारी / प्राधधकृत कमचव ारी (पदिाम .................) इसकी निमावण इकाई ............. ................................................. (पूरा पता) में ्स्थत ुान तद् द्र्ारा घोिणा करता ुू ाक * (क) मासस.व ................................... (वर्देिी आर्ेदक) का संपकव कायाव य / सुायक फम व / िाखा कायाव य मासस व .................................... में ्स्थत ुा ..................... (भारत में पूरा पता)। या * (ख) मासस.व ................................... (वर्देिी आर्ेदक) का कोई संपकव कायाव य/ सुायक फम/व िाखा कायाव य भारत में ्स्थत िुीं ुान परन्तए र्स्तए पर गे ब्रांड / िेडमाकव का माश क / र्जस्िीकृत उपयोगकताव / सुायक फम व / संपकव कायाव य का िाम र्ं िीिकव मासस व ...... ................ ..................................... (ब्रांड माश क का पूरा पता) भारत में ्स्थत ुा। या * (ग) मासस.व ................................... (वर्देिी आर्ेदक) का कोई संपकव कायाव य / सुायक फम व / िाखा कायाव य भारत में ्स्थत िुीं ुा और र्स्तए पर गे ब्रांड / िेडमाकव का कोई स्र्त्र्धारी / र्जस्िीकृत उपयोगकताव / सुायक फम व / िाखा कायाव य / संपकव कायाव य भारत में ्स्थत िुीं ुा। अतः ुम ब्रांड माश क और /या वर्निमावता के साथ वर्पणि गिजोड र्ा े प्रमएख आयातक / वर्तरक / इकाई को प्राधधकृत भारतीय प्रनतनिधध के पतप में िाशमत करत े ुैं। 2. तदिएसारन उपरोक्त सदं शभतव न मासस.व ............................. ुमारे प्राधधकृत प्रनतनिधध के पतप में काय व करेगा और ु फिामा सु र्चिबद्धता (प्रपतप-IIIक / प्रपतप-IIIख) और र्जस्िीकरण से संबंधधत अन्य दस्तार्ेज पर ुस्तािर करेगा। * जो ागू िुीं ुो उसे काट दें भर्दीयन प्राधधकृत भारतीय प्रनतनिधध के ब्यौरे: आर्ेदक के ुस्तािर
191,1,मासस व ............................................. िाम: पता: पदिाम: फोि: पता: ईमे : फोि: तारीख: ईमे : आर्ेदि आईडी/अिएज्ञ्प्त सं.:………………………. तारीख: सं ग्िक : जासा ाक पष्ृ ि के दसू री ओर ठदया गया ुा। इस माम े में प्रस्तएत ाक जािे र्ा े दस्तार्ेज I.1 (क) ागू ुा (i) कंपिी र्जस्िार द्र्ारा जारी प्रमाण पत्र या सरकार/सांवर्धधक प्राधधकारी से अन्य संगत सा दस्तार्ेजन ्जससे भारत में इसका संपकव कायाव य या िाखा कायाव य ुोिा स्थावपत ुोता ुो (ii) प्रपतप – III क के 2 में उ्ल िखत प्राधधकार पत्र के साथ प्रपतप – III क के अिएसार उक्त संपकव कायाव य / िाखा कायाव य के सीईओ/ मडी/प्राधधकृत कमचव ारी से ु फिामा सु र्चिबद्धता ( क सौ रुपये मात्र के गार-न्यानयक स्टा प पेपर परन स यक पतप से िोटरीकृत)। II.1 (ख) ागू ुा (i) प्रश्िगत ब्रांड/िेडमाकव के ब्रांड माश क या स्र्त्र्धारी / र्जस्िीकृत उपयोगकताव / सुायक फम व / संपकव कायाव य के पतप में िाशमत स्थावपत करिे र्ा े दस्तार्ेज; (ii) िामांाकत व्य्क्त की पुचाि का प्रमाणीकरण दस्तार्ेज (जासे कंपिी र्जस्िार द्र्ारा जारी प्रमाण पत्र); और (iii) प्रपतप – III ख के 2 में उ्ल िखत प्राधधकार पत्र के साथ प्रपतप – III ख के अिएसार उक्त ब्रांड माश क या स्र्त्र्धारी / र्जस्िीकृत उपयोगकताव / सुायक फम व / भारत में ्स्थत िेडमाकव संपकव कायाव य या इसके सीईओ / मडी / प्राधधकृत कमचव ारी से ु फिामा सु र्चिबद्धता ( क सौ रुपये मात्र के गार-न्यानयक स्टा प पेपर परन स यक पतप से िोटरीकृत)। या III.1 (ग) ागू ुा (i) इकाई (कंपिीन फमनव या स्र्त्र्धाररता) की वर्धधक ्स्थनत को स्थावपत करिे र्ा े दस्तार्ेज जासे कंपिी र्जस्िार द्र्ारा जारी प्रमाण पत्रन र्जस्िीकृत ठुस्सेदारी वर् ेखन आठद;
192,1,(ii) प्रमएख आयातक / वर्तरक / कंपिी के पतप में ब्रांड माश क और/या वर्निमावता के साथ वर्पणि गिजोड स्थावपत करिे र्ा े दस्तार्ेज (iii) ब्रांड माश क से घोिणा ाक उिका कोई स्र्त्र्धारी / र्जस्िीकृत उपयोगकताव / सुायक फम व / संपकव कायाव य भारत में ्स्थत िुीं ुा और ाक िामांाकत प्रनतनिधध का प्रमएख आयातक / वर्तरक / कंपिी के पतप में ब्रांड माश क और / या वर्निमावता के साथ वर्पणि गिजोड ुा। (iv) प्रपतप – III ख के 2 में उ्ल िखत प्राधधकार पत्र के साथ प्रपतप – III ख के अिएसार उक्त कंपिी भारत में ्स्थत ुान इसके सीईओ/ मडी/प्राधधकृत कमवचारी द्र्ारा ु फिामा सु र्चिबद्धता ( क सौ रुपये मात्र के गार-न्यानयक स्टा प पेपर परन स यक पतप से िोटरीकृत)।
193,1,प्रपतप –V (योजिा II के पारार्ग्ाफ 3 का उप-पारार्ग्ाफ (5) निठदवष्ट करें) ुमारा संदभ:व तारीख: वर्िय : अिएज्ञ्प्त दस्तार्ेज वर्निमावण इकाई : <वर्निमावता का िाम> <वर्निमावता का पूरा पता> <वर्निमावता की ईमे आईडी> <वर्निमावता की संपकव संख्या> मुोदयन 1. आपके आर्ेदि के संदभ व मेंन सूधचत करते ुए ुमें प्रसन्िता ुो रुी ुा ाक िीच े ठद ग वर्र्रण के अिएसार अिएपतपता की स्र्-घोिणा पर आधाररत र्जस्िीकरण के माध्यम से आपको अिएज्ञ्प्त प्रदाि करिे का निणयव श या गया ुा। उत्पाद: आई स सं.: ब्रांड: माड वर्निमावण स्थाि का पता 2. यु अिएज्ञ्प्त उपरोक्त पते पर ्स्थत इकाई को उपरोक्त क्रम सं. 1 पर उ्ल िखत ब्रांड तथा माड के श प्रदाि की जा रुी ुा। 3. इस अिएज्ञ्प्त को ठदया गया िंबर आर-<आर-िंबर> ुा जो तारीख <र्जस्िीकरण तारीख> से प्रचाश त ाकया गया ुा और अिएज्ञ्प्त संख्या का संदभ व आपके भवर्ष्य के सभी पत्राचार में अनिर्ाय व पतप से ुोिा चाठु । 4. इस अिएज्ञ्प्त के अधीि अधधकार और वर्िेिाधधकार का प्रयोग ाकसी अन्य स्थाि पर ्स्थत दसू री फाक्टरी / संगिि द्र्ारा िुीं ाकया जा गा और र्जस्िीकृत पररसर से निमावण करिे र्ा ी मिीि को ाकसी दसू रे स्थाि पर े जािे पर अिएज्ञ्प्त समाप्त की जा गी तथा बीआई स को सूधचत करिा ुोगा। 5. अिएज्ञ्प्तधारी को अधधनियम के प्रार्धाि न इसके अधीि बिा ग तथा समय समय पर यथा संिोधधत नियम और वर्नियम का अिएपा ि करिा ुोगा।
194,1,6. अिएज्ञ्प्तधारी को उपाबंध के अिएसार मािक धचह्ि र्ं ेबश गं अपेिाओं के प्रयोग ुेतए ठदिानिददेशि का अिएपा ि करिा ुोगा। 7. अिएज्ञ्प्तधारी अिएज्ञ्प्त को ाकसी से तरीके से उपयोग िुीं करेगान ्जससे अधधनियम के प्रार्धाि न इसके अधीि बिा ग तथा समय समय पर यथा संिोधधत नियम और वर्नियम का उल ंघि ुोता ुो। 8. वर्धधमान्यता की समा्प्तन अिएज्ञ्प्त की समा्प्त या नि ंबि या रद्द ुोिे पर अिएज्ञ्प्तधारी आगे सएसंगत मािक की अिएपतपता की स्र्-घोिणा बंद करेगा और उसके संदभ व में सभी प्रचार और वर्ज्ञापि र्ापस े ेगा। 9. * घोिणा के अिएसारन <व्य्क्त का िाम र्ं पदिाम/ इकाई का िाम र् ं पता>न जो प्राधधकृत प्रनतनिधध ुा और भारतीय प्रनतनिधध के िाम में पररर्तिव के ाकसी इरादे को तत्का अपेक्षित फीस तथा दस्तार्ेज सठुत ुमारे संज्ञाि में ािा ुोगा। 10. अिएज्ञ्प्त के िर्ीकरण ुेतएन अिएज्ञ्प्तधारी को अिएज्ञ्प्त समाप्त ुोि े से तीि माु पु े आर्ेदि करिा ुोगा और िर्ीकरण ुेतए आर्ेदि प्रपतप बीआई स र्ेबसाइट पर उप ब्ध ुा। 11. यु अिएज्ञ्प्त ुस्तातं रणीय िुीं ुा। सधन्यर्ादन भर्दीयन (<अधधकारी का िाम>) <पदिाम> * वर्देिी वर्निमावताओँ के श ागू
195,1,प्रपतप –VI (योजिा II के पारार्ग्ाफ 9 का उप-पारार्ग्ाफ (1) निठदवष्ट करें) अिएज्ञ्प्त के िर्ीकरण ुेतए आर्ेदि (कंपिी के पत्र िीि व पर जारी ाकया जा ) मुानिदेिक भारतीय मािक ब्यूरो िई ठदल ी मुोदयन म/ैं ुम ...................................... ; (वर्निमावता इकाई का िाम) ुमारा कायाव य ............... ....................................... और फाक्टरी ............................ पते पर ्स्थत ुा। 1. ुमारे द्र्ारा निशमतव की जा रुी इस भारतीय मािक से अिएपतपता रखिे र्ा ी र्स्तएओं पर मािक मएुर के प्रयोग ुेतए अधधनियम की धारा 13 की उप-धारा (2) के खडं (ख) के अधीि ुमें प्रदॉ अिएज्ञ्प्त िंबर आर-XXXXXXXX का पांच र्ि व की अर्धध ुेतए िर्ीकरण के श ुम आर्ेदि कर रुे ुैं। 2. ुम अधधनियम के प्रार्धाि न इसके अधीि बिा और समय-समय पर यथा संिोधधत ाक ग नियम तथा वर्नियम और अिएज्ञ्प्त जारी रखिे के श इसके सभी निबंधि र्ं ितों का अिएपा ि करेंगे। 3. अिएज्ञ्प्त के तुत कर्र की गई र्स्तए के वर्र्रण र्ं मात्रा मएख्य कायकव ारी अधधकारी/ वर्निमावण इकाई के प्राधधकृत व्य्क्त द्र्ारा स यक पतप से स्र्-प्रमािणत इसके पीछे दी गई ुा। 4. भएगताि के ब्यौरे: रु. में राशि भएगताि गेटर्े रसीद संख्या भएगताि प्रा्प्त की तारीख ठटप्पणी 5. आर्ेदि तारीख 20 ........ के ........ माु के ........ र्ें ठदि कायाव य की मएुर ुस्तािर (सीईओ/वर्निमावण इकाई का प्राधधकृत व्य्क्त)...................... िाम ........................ पदिाम...................... भारतीय प्रनतनिधध द्र्ारा प्रनत ुस्तािररत:
196,1,ुस्तािरकताव का िाम........................ पदिाम ................. फम व का िाम ................. पता....................... ईमे :………… मोबाइ िं. .......................... फोि/ डैं ाइि िं. .............. ठटप्पण: अिएज्ञ्प्त समाप्त ुोिे के तीि माु पूर् व िर्ीकरण आर्ेदि प्रस्तएत करिा ुोगा।
197,1,"उत्पादि ररपोटव (प्रपतप VI के श अिए ग्िक) (कंपिी के पत्र िीि व पर जारी ाकया जा ) (अर्धध के श ररपोटव ाकया गया* ………………… से .................... तक) [*i) अिएज्ञ्प्त प्रदाि करिे की तारीख से र्ाधता तारीख से तीि माु पूर् व के श (प्रथम िर्ीकरण के श ); ii) र्तमव ाि र्ाधता तारीख से तीि माु पु े के श अनं तम र्ाधता तारीख से तीि माु पूर् व अर्धध के श (बाद के िर्ीकरण के श ) 1. अिएज्ञ्प्तधारी का िाम: 2. अिएज्ञ्प्त सं.: 3. र्स्तए का िाम (उत्पाद): 4. आई स सं. : 5. इस अिएज्ञ्प्त के कायिव ेत्र के तुत र्स्तए का माड िंबर तथा ब्रांड का िाम: 6. मािक मएुर से मएुरांाकत मात्रा (संख्या में): 7. र्स्तए के प्रमएख वर्तरक /डी र /क्रेताओ के िाम और पता: घोिणा म/ैं ुम आगे घोिणा करत े ुैं (i) ाक इस घोिणा में दी गई सूचिा मेरे सर्ोतम ज्ञाि र्ं वर्श्र्ास में सत्य ुा। (ii) यठद इस घोिणा में कोई िामक सूचिा पाई जाती ुा तो अिएज्ञ्प्त िर्ीकरण आर्ेदि अस्र्ीकार ुोगा, ्जसके पररणामस्र्पतप अिएज्ञ्प्त समाप्त/रद्द ुो जा गी। (iii) यठद उपरोक्त दी गई सूचिा के आधार पर अिएज्ञ्प्त प्रदाि की जाती ुा, और यु बाद में ग त पाई जाती ुा, तो अिएज्ञ्प्त रद्द कर दी जा गी। कायाव य की मएुर: ुस्तािर (सीईओ/वर्निमावण इकाई का प्राधधकृत व्य्क्त).................................... िाम ................................. पदिाम.................................... भारतीय प्रनतनिधध द्र्ारा प्रनत ुस्तािररत ुस्तािरकताव का िाम ...................... पदिाम ............................. फम व का िाम ................................... पता ................................. ईमे ............................................... मोबाइ सं. ..................................... फोि/ डैं ाइि िं. ............."
198,1,"प्रपतप –VII (योजिा II के पारार्ग्ाफ 9 का उप-पारार्ग्ाफ (2) निठदवष्ट करें) ुमारा संदभ:व तारीख: आईडी: वर्िय : आई स <आई स सं.> के अिएसार अिएज्ञ्प्त आर-<आर-सं.> का िर्ीकरण मासस<व वर्निमावण करिे र्ा ी इकाई का िाम> <वर्निमावण करिे र्ा ी इकाई का पता> मुोदय/मुोदया, उपरोक्त उ्ल िखत अिएज्ञ्प्त के िर्ीकरण ुेतए आपके आर्ेदि तारीख <ुाड व प्रनत रसीद तारीख> के संदभ व में; आपको सूधचत ाकया जाता ुा ाक यु <वपछ ी र्ाध तारीख से क ठदि पु े> से <र्ाधता तारीख> तक िर्ीकृत ाकया गया ुा। यु ध्याि में रखा जा ाक अधधनियम की धारा 13 की उप-धारा (2) के खडं (ख) के अधीि प्रदाि की गई अिएज्ञ्प्त ्जस अर्धध के श प्रदाि की गई ुा, उसकी समा्प्त पर समाप्त ुो जा गी, जब तक इसका िर्ीकरण या िर्ीकरण आस्थधगत िुीं ुएआ ुो। अतः आपस े अिएरोध ुा ाक अग े िर्ीकरण ुेतए अिएज्ञ्प्त की समा्प्त से तीि माु पु े बीआई स को आर्ेदि करें। भर्दीय, (अधधकारी का िाम) <पदिाम>"
199,1,"प्रपतप –VIII क (योजिा II के पारार्ग्ाफ 10 का उप-पारार्ग्ाफ (1) निठदवष्ट करें) अिएज्ञ्प्त के कायिव ेत्र से माड के समार्ेि/आुरण ुेतए आर्ेदि (कंपिी के पत्र िीि व पर जारी ाकया जा ) 1. अिएज्ञ्प्त सं. : 2. अिएज्ञ्प्तधारी का िाम: 3. अिएज्ञ्प्तधारी का पता: 4. आई स सं.: 5. उत्पाद: 6. ब्रांड: 7. तक र्ाध: 8. अिएज्ञ्प्त के कायिव ेत्र में िाशम माड : 9. समार्ेि/आुरण आईडी: 10. माड कायिव ेत्र में िाशम /कायिव ेत्र से आुरण/वर्र्ेचिात्मक घटक सूची का अद्यतिीकरण ाकया जािा ुा: 11. वर्र्ेचिात्मक घटक सूची का अद्यतिीकरण/समार्ेि के श उत्पाद की परीिण ररपोटव के ब्यौरे: क्र.सं. प्रयोगिा ा का परीिण ररपोटव परीिण ररपोटव माड सं. ब्रांड िाम सं. जारी करिे की तारीख 12. भएगताि के ब्यौरे: रु. में राशि भएगताि गेटर्े रसीद संख्या भएगताि प्रा्प्त की ठटप्पणी तारीख 13. वर्निमावता – क्या इस उत्पाद और इसके से माड तथा सीरीज ्जिके श अिएज्ञ्प्त के श आर्ेदि ाकया गया ुा, इस वर्निमावण इकाई में समस्त वर्निमावण करिे की सएवर्धा ुैं? : ुां/िुी ं"
200,1,"(यठद ‘िुी’ं, तो आऊटसोस व की गई वर्निमावण प्राक्रयाओं के ब्यौरे उप ब्ध करा ं) 14. परीिण – क्या भारतीय मािक के अिएसार उत्पाद की अिएपतपता सएनि्श्चत करिे के श वर्निमावण इकाई में समस्त परीिण सएवर्धा अदं र स्थावपत ुैं? : ुां/िुीं (यठद ‘िुीं’, तो उि परीिण सएवर्धाओं के वर्र्रण उप ब्ध करा ं ्जिके परीिण की सएवर्धा अदं र उप ब्ध िुीं ुैं, और इि परीिण की कासे व्यर्स्था की जाती ुा) तारीख : स्थाि : वर्निमावता की मएुर ुस्तािर................................. िाम...................................... पदिाम.................................. आर्ेदि की तारीख..................... मुत्त्र्पूण:व आर्ेदि मा उत्पादि करिे र्ा े वर्निमावता (उत्पाद वर्निमावता द्र्ारा) के मएख्य कायकव ारी अधधकारी या वर्निमावण इकाई में उसके प्राधधकृत प्रनतनिधध (प्राधधकार पत्र सं ग्ि करें) द्र्ारा ुस्तािररत ुोिी चाठु । प्राधधकृत भारतीय प्रनतनिधध के प्रनत ुस्तािर (वर्देिी वर्निमावता से आर्ेदि के माम े में): संगिि का िाम, यठद िाखा / संपकव कायाव य प्राधधकृत भारतीय प्रनतनिधध के पतप में स्थावपत/ब्रांड माश क/कोई तीसरा पि िाशमत ुा: …………………………………….. प्राधधकृत ुस्तािरी का िाम र्ं पदिाम : ........................................ ुस्तािर र्ं तारीख : .................................... पता: …………………………………………………………………. टे ीफोि िं. : ...................................... मोबाइ िं. : ...................................... ईमे : ................................................."
201,1,प्रपतप –VIII ख (योजिा II के पारार्ग्ाफ 10 का उप-पारार्ग्ाफ (1) निठदवष्ट करें) अिएज्ञ्प्त में अन्य वर्र्रण के पररर्तिव ुेतए आर्दे ि (कंपिी के पत्र िीि व पर जारी ाकया जा ) सूधचत करिे के श आर्ेदि प्रपतप क. िीच े ठद ग वर्र्रण के अिएसार पररर्तिव करिे ुेतए अिएरोध (कृपया उधचत में धचह्ि गा ) 1. इकाई के िाम में पररर्तिव ुां िुीं िाम पररर्तिव का सबूत अनिर्ाय व (कृपया िीच े क म ख देखें) पतप से प्रस्तएत ाकया जा । 2. पते में पररर्तिव ुां िुीं पते में पररर्तिव का सबतू (कृपया िीच े क 1 र्ं क 2 देखें) अनिर्ाय व पतप से प्रस्तएत ाकया जा । 3. प्रबंधि संरचिा में पररर्तिव ुां िुीं यठद ागू ुो तो ु फिामा और (कृपया िीच े क घ देखें) िामांकि सठुत प्रबंधि में पररर्तिव का सबूत अनिर्ाय व पतप से प्रस्तएत ाकया जा । 4. फम व का िडर्ीजि ुां िुीं िडर्ीजि पररर्तिव का सबूत (कृपया िीच े क ड देखें) अनिर्ाय व पतप से प्रस्तएत ाकया जा । 5. सएवर्धाओं का वर् य या वर्स्तार ुां िुीं वर् य का सबूत अनिर्ाय व पतप से (कृपया िीच े क च देखें) प्रस्तएत ाकया जा । 6. क्या पररसर में सभी र्जस्िीकरण के ुां िुीं सभी र्जस्िीकरण के श क श प्रस्तएत ाकया ुा साथ प्रस्तएत करिा चाठु । 7. प्राधधकृत भारतीय प्रनतनिधध में ुां िुीं सभी र्जस्िीकरण के श क पररर्तिव साथ प्रस्तएत करिा चाठु । 8. कोई अन्य सेर्ा ुां िुीं सभी र्जस्िीकरण के श क साथ प्रस्तएत करिा चाठु । सभी मौजूदा र्जस्िीकरण संख्या क. पएरािी इकाई का िाम र्ं पता ख. िई वर्निमावण इकाई के ब्यौरे: वर्निमावण इकाई का िाम:
202,1,क 1. ि कायाव य के ब्यौरे (कृपया पररर्तिव के सबूत की प्रनत सं ग्ि करें) पता 1: पता 2: पता 3: िुर राज्य वपि कोड: देि ईमे आईडी: फोि िं. क 2. िई फाक्टरी के वर्र्रण (कृपया पररर्तिव के सबूत की प्रनत सं ग्ि करें) पता 1: पता 2: पता 3: िुर राज्य वपि कोड: देि ईमे फोि िं. आईडी: घ. प्रबंधि संरचिा में पररर्तिव : (ि सीईओ/ मडी/भागीदार के िाम) िाम 1 िाम 2 िाम 3 ड. फम व का िडर्ीजि (कृपया पररर्तिव की प्रकृनत वर्निठदवष्ट करें और ागू सुायक दस्तार्ेज प्रस्तएत करें) च. सएवर्धाओं का वर् य या वर्स्तार(कृपया पररर्तिव की प्रकृनत वर्निठदवष्ट करें और ागू सुायक दस्तार्ेज प्रस्तएत करें) छ. भएगताि के ब्यौरे रु. में राशि भएगताि गेटर्े रसीद भएगताि प्रा्प्त की ठटप्पणी संख्या तारीख
203,1,"ज. घोिणा: म ैं तद्द्र्ारा घोिणा करता ुू और सुमत ुू : 1. ाक इस प्रपतप में दी गई पूरी जािकारी सत्य, सुी और अद्यति ुा और इस संबंध में कोई जािकारी दबाई/ नछपाई िुीं गई ुा। 2. यठद जािकारी असत्य/अपूण/व िामक पाई जाती ुा या ्स्थनत में पररर्तवि ुेतए पाई कशमया मेरे द्र्ारा स्पष्ट िुीं की जाती ुैं, तो भारतीय मािक ब्यूरो (बीआई स) मेरे अिएरोध को रद्द करिे का अधधकार सएरक्षित रखेगा। 3. ऊपर दिाव ग पररर्तिव के अ ार्ा कोई अन्य पररर्तिव िुीं ाकया गया ुा। 4. म ैं समीता ुू ाक अिएज्ञ्प्त संख्या ुस्तातं रणीय िुीं ुा और फाक्टरी को स्थािांतररत करि े की अिएमनत िुीं ुा। 5. म ैं समीता ुू ाक बीआई स द्र्ारा कंपिी की ्स्थनत के बाद में पररर्तिव के माम े में ाकसी अपेिा के बारे में बीआई स को सूधचत करिा मेरा उॉरदानयत्र् ुा। 6. म ैं र्चि देता ुू ाक वर्निमावण प्राक्रयाओं/घटक /वर्निमावण मिीिरी, परीिण उपस्कर में कोई पररर्तिव िुीं ुा।* 7. म ैं तद्द्र्ारा प्रमािणत करता ुू ाक मैं इस घोिणा का सत्यापि तथा ुस्तािर करिे ुेतए प्राधधकृत ुू । सीईओ/ मडी/भागीदार के िाम ुस्तािर प्राधधकृत ुस्तािरी *(यठद कोई पररर्तिव ुो तो कृपया बीआई स को अ ग से अनतररक्त सूचिा उप ब्ध करा ) कृपया ध्याि दें: बीआई स को ाकसी अद्यति सूचिा को अधधसूधचत करिे के श इस प्रपतप का प्रयोग करें। यु प्रपतप http://crsbis.in/BIS/. पर उप ब्ध ुा। सभी पररर्तिव बीआई स को तत्का सूधचत ाक जा ं। कृपया ध्याि दें ाक बीआई स सी कािूिी इकाई के पते में पररर्तिव िुी ं कर पा गा, ्जिमें सुायक दस्तार्ेज सठुत मू ुस्तािररत आर्ेदि प्रपतप सं ग्ि िुीं ु ।"
204,1,"प्रपता-IX क नय(जना-II क ाैराग्राफ 10 क उा-ाैराग्राफ न3व रनदिणष्ट करेंव ुमारा संदभ व तारीख : समार्ेि आईडी : < समार्ेि आईडी>˃ वर्िय : अनतररक् त म ड का समार्ेि वर्निमावण इकाई : ˂<वर्निमावण इकाई का िाम> ˂<वर्निमावण इकाई का पता> ˂<ई-मे आईडी><टे ीफोि संख्य ा>˃ मुोदय, 1. यु आपके ˂उत् पाद का िाम˃ को िाशम ाक जािे के अिएरोध के संदभ व में ुा, जो आई स ˂ आई स संख्य ा> के अिएसार अिएज्ञ्प्त संख् या आर <आर संख्या> ्जसे आपको पु े से ुी प्रदाि ाकया गया, जो ..................... तक र्ाध ुा । 2. आपको सूधचत ाकया जाता ुा ाक अनतररक् त म ड ्जिके वर्र्रण िीच े ठद ग ुैं, उिको आपके अिएज्ञ्प्त के वर्ियिेत्र में समावर्ष् ट ाक जािे के श सुमनत ुो गई ुा। आर- <आर संख् या> <पष्ृ िाकं ि तारीख> से प्रभार्ी : उत् पाद ˂<उत् पाद का िाम>˃ आई स संख् या आई स ˂<आई स संख् या> ˃ ब्रांड ˂<ब्रांड का िाम> ˃ अनतररक् त म ड की समावर््ष्ट (से प्रभार्ी ˂<समार्ेशित म ड >˃ ˂<पष्ृ िाकं ि तारीख> ˃ फाक् टरी का पता <˂वर्निमावण इकाई का पता> ˃ 3. अिएज्ञ्प्त की अन् य निबंधि और ित त र्ुी रुेंगी । 4. यु पत्र सिम प्राधधकारी के अिएमोदि से जारी ाकया जा रुा ुा। कृपया इस पत्र की प्रा्प्त की सूचिा दें। धन्य र्ाद, भर्दीय, <अधधकारी का िाम><अधधकारी का पदिाम>"
205,1,"प्रपता-IX ख नय(जना-II क ाैराग्राफ 10 क उा-ाैराग्राफ न3व रनदिणष्ट करेंव ुमारा संदभ व : तारीख : वर्िय : ...................................... में पररर्तिव निरनमाण इकाई : ˂<वर्निमावण इकाई का िाम˃> ˂<वर्निमावण इकाई का पता>˃ ˂<ई-मे आईडी>˃ ˂<टे ीफोि संख्य ा>˃ मुोदय, यु आपकी क पिी द्र्ारा रखा गया (रखे ग ) बीआई स अिएज्ञ्प्त, जासा ाक नि ि सारणी में ठदया गया ुा, के संदभ व में ुा, और आगे आपके ............................................ में पररर्तिव के अिएरोध के संदभ व में ुा । फम व द्र्ारा प्रस् तएत ाक ग प्र ेख के आधार पर, अिएज्ञ्प्त के वर्ियिेत्र में नि िश िखत पररर्तिव ाक ग ुैं : अिएज्ञ्प्त संख् या सेर्ा अिएरोध पएरािा ब्यौरा िया ब्यौरा निणयव की तारीख अिएज्ञ्प्त की अन् य निबंधि ओर ित त र्ुीं रुेगी । सधन्य र्ाद, भर्दीय, <अधधकारी का िाम> <अधधकारी का पदिाम>"
206,1,"स्कीम-III प्रबंधि प्रणा ी के श भारतीय मािक के अिएसार मािक धचह्ि का प्रयोग करिे ुेतए अिएज्ञ्प्त अथर्ा अिएपतपता प्रमाण प्रदाि करिे ुेत ए (अिएपतपता निधावरण स्कीम) (अिएसूची–I के अिएसार स्कीम टाइप ‘जी’ पर आधाररत) कायिव ेत्र 1. (1) इस स्कीम के अतं गतव , जो टाइप ‘जी’ पर आधाररत ुा, ाकसी व्य्क्त को ठदया जा सकता ुा- (क) सएसंगत मािक की सभी अपेिाओं के श पद्धनतय की अिएपतपता दिाविे ुेतए मािक धचह्ि के प्रयोग के श अिएज्ञ्प्त; (ख) मािक (क ) अथर्ा मािक का भाग या अनिर्ाय व अपेिा, यथा ागू, में वर्निठदवष्ट अपेिा की अिएपतपता को दिाविे के श , अिएपतपता प्रमाणपत्र; (2) अिएज्ञ्प्त या अिएपतपता प्रमाणपत्र प्रदाि करिे और उिका प्रचा ि इस स्कीम के पारा 3 के अधीि प्रदाि की गई प्राक्रयाओं के अिएसार ाकया जा गा। पररभािा 2. (1) "" ेखापरीिा"" से ेखापरीिा मािदंड के पूरे ुोिे के वर्स्तार के अर्धारण के श ेखापरीिा के सा्य प्राप्त करिे तथा इिके मूलयांकि के श व्यर््स्थत, स्र्तंत्र और दस्तार्ेजी प्राक्रया अशभप्रेत ुा; (2) "" ेखापरीिा मािदंड"" से संदभ व के पतप में प्रयएक्त िीनतय , प्राक्रयाओं या अपेिाओं के से सेट ्जसकी तए िा ेखापरीिा सा्य से की गई, अशभप्रेत ुा; (3) "" ेखापरीिा सा्य"" से से ररकाड,व तथ्य के वर्र्रण या अन्य सूचिा जो ेखापरीिा मािदंड के श सएसंगत र्ं सत्यापि योग्य ुो, अशभप्रेत ुा; (4)""प्रमाणि ेखापरीिा"" से र्ग्ाुक की प्रबंधि प्रणा ी को प्रमािणत करिे के प्रयोजि ुेतए स्र्तंत्र पतप से की गई ेखापरीिा अशभप्रेत ुा; स्कीम की प्राक्रया ं 3. (1) चयि-(क) अिएज्ञ्प्त या अिएपतपता प्रमाणपत्र प्रदाि करिे ुेत,ए कोई आर्ेदक ब्यूरो को इस स्कीम के साथ सं ग्ि प्रपतप-1 में आर्ेदि कर सकता ुा; (ख) प्रत्येक आर्ेदक पारा 5 में वर्निठदवष्ट आर्श्यक दस्तार्ेज और फीस के साथ प्रपतप- 1 में वर्शभन्ि प्रबंधि प्रणाश य के श अ ग से आर्ेदि करेगा। (ग) आर्ेदक प्रबंधि प्रणा ी के श सएसंगत भारतीय मािक की अिएपतपता के श उॉरदायी ुोगा ्जसके श उसिे अिएज्ञ्प्त या अिएपतपता प्रमाण पत्र के श आर्ेदि ाकया ुा;"
207,1,"(घ) ब्यूरो को आर्ेदक द्र्ारा ठद जािे र्ा े से सा्य की आर्श्यकता ुो सकती ुा ्जससे ाक प्रबंधि प्रणा ी सएसंगत भारतीय मािक के अिएपतप ुा, ्जसके श अिएज्ञ्प्त या अिएपतपता प्रमाण पत्र का आर्ेदि ाकया गया ुा; (2) अर्धारण - (क) ब्यूरो आर्ेदि में ाक ग ाकसी भी कथि के समथिव में उसके श सारभतू अपेक्षित दस्तार्जे या पूरक सूचिा या ाकसी भी दस्तार्ेजी सा्य की मांग ब्यूरो द्र्ारा निददेशशित समय सीमा के अदं र आर्ेदक से कर सकता ुा, और इस तरु के निददेशि का अिएपा ि ि करिे पर ब्यूरो द्र्ारा आर्ेदि सरसरी तौर पर अस्र्ीकार ाकया जा सकता ुा; (ख) यठद आर्ेदक द्र्ारा प्रस्तएत दस्तार्ेज या सूचिा या सा्य संतोिजिक पाये जाते ुैं, तो अिएज्ञ्प्त या अिपतए पता प्रमाणपत्र प्रदाि करिे ुेतए आर्ेदि संसाधधत ाकया जा सकता ुा; (ग) क्या प्रबंधि प्रणा ी सएसंगत भारतीय मािक के अिएपतप ुा, समय समय पर यु सएनि्श्चत करिे ुेत,ए ब्यूरो द्र्ारा पररसर के प्रमाणि ेखापरीिा के श आर्ेदक को यथोधचत समय में व्यर्स्था करेगा और आर्ेदक ेखापरीिक को सभी समएधचत सएवर्धा ं उप ब्ध करा गा; (घ) ेखापरीिा ररपोटव तायार की जा गी और ेखापरीिा के दौराि पाई गई कशमया आर्ेदक को श िखत पतप में सूधचत की जा गी; (ड) ब्यूरो दस्तार्ेज की जांच के आधार पर या की गई ेखापरीिा के आधार पर आर्ेदक से ाकसी तरु के पररर्तिव या अनतररक्त काय व करिे की अपेिा कर सकता ुा; (च) (i) सा आर्ेदि जो सभी मायिो में पूरा िुीं ुो या पारा 3 के उप-पारा (1) तथा (2) की अपेिाओं के अिएपतप िुीं ुो, तो र्ु ब्यूरो द्र्ारा अस्र्ीकृत ाकया जा गा। (ii) खडं (क) के अधीि आर्ेदि को अस्र्ीकार करिे से पु े, सी आपवॉ जो ाक ब्यूरो द्र्ारा दिावई गई ुा, को सएसंगत सूचिा की प्रा्प्त की तारीख के तीस ठदि के अदं र आर्ेदक को ुटािे का अर्सर ठदया जा गा; (iii) ब्यूरो दिाव ग पयावप्त कारण पर, आपवॉया ुटािे ुेतए समय को आगे बा ा सकता ुा, जो तीस ठदि से ज्यादा िुीं ुो, जासा ब्यूरो उधचत समीे, तााक आर्ेदक सी आपवॉय को ुटा सके। (3) समीिा - ब्यूरो सएसंगत भारतीय मािक और अन्य अपेिाओं, यठद कोई ु तो उिके श इसकी सटीकता और अिएपतपता ुेतए ेखापरीिा ररपोटव की समीिा करेगा। (4) वर्निश्चय – अिएज्ञ्प्त या अिएपतपता प्रमाणपत्र प्रदाि करिे का वर्निश्चय ब्यूरो द्र्ारा ाकया जा गा,- (क) इस स्कीम के पारा 5 के उप-पारा (1) में वर्निठदवष्ट फीस के भएगताि करिे पर; और (ख) यठद ब्यूरो संतएष्ट ुा ाक आर्ेदक िे सएसंगत भारतीय मािक की अपेिाओं के अिएसार प्रबंधि प्रणा ी को कायाव्न्र्त ाकया ुा और सएसंगत भारतीय मािक के अिएसार प्रमाणि ेखापरीिा के माध्यम से अिएपतपता के सा्य स्थावपत ाक ुैं।"
208,1,"(5) अिएप्रमाणि- ब्यूरो इस स्कीम के साथ सं ग्ि प्रपतप-III या IV में आर्ेदक को अिएज्ञ्प्त या अिएपतपता प्रमाण पत्र प्रदाि करिे का वर्निश्चय करिे पर, जासा भी माम ा ुो, ब्यूरो द्र्ारा यथावर्ठुत अिएज्ञ्प्त या अिएपतपता प्रमाण पत्र में उप ब्ध सूचिा के ब्यौरे दिावते ुए , र्ु अिएज्ञ्प्त या अिएपतपता प्रमाण पत्र संख्या, आर्ेदक का पता, वर्धधमान्यता, भारतीय मािक के ब्यौरे तथा पारा 6 में ठद ग निधावररत मािक धचह्ि दिाव गा। (6) निगरािी- अिएज्ञ्प्त या अिएपतपता प्रमाण पत्र प्रदाि करिे पर, ब्यूरो निगरािी ेखापरीिा कर सकता ुा। पररर्ाद 4. (1) ब्यूरो भारतीय मािक या वर्निठदवष्ट अपेिाओं के श प्रणा ी की अिएपतपता के संबंध में प्राप्त ाकसी भी पररर्ाद को स्र्ीकार और जा च करेगा। (2) पररर्ाद को बंद करिे ुेतए िब्बे ठदि के भीतर कायर्व ाुी की जा गी। (3) यठद पररर्ाद स्थावपत ुो जाता ुा और अिज्ञए ्प्त या अिएपतपता प्रमाणपत्र धारक की इस स्कीम के पारा 12 के उप-पारा (1) में वर्निठदवष्ट ितों की ाकसी गनतवर्धध में श प्तता स्थावपत ुोती ुा, तो अिज्ञए ्प्त या अिएपतपता प्रमाणपत्र समाप्त ाकया जा सकता ुा। फीस 5. (1) अिएज्ञ्प्त या अिएपतपता प्रमाण पत्र प्रदाि करिे ुेतए इस स्कीम के साथ सं ग्ि उपाबंध-1 में वर्निठदवष्ट आर्ेदि िएलक प्रत्येक आर्ेदि के साथ देिा ुोगा। (2) उपाबंध-1 में वर्निठदवष्ट फीस अिएज्ञ्प्त या अिएपतपता प्रमाण पत्र प्रदाि करिे या पएिप्रमव ाणि, जासा भी माम ा ुो, उससे पु े देय ुोगा। (3) अिएज्ञ्प्त या अिएपतपता प्रमाण पत्र को रद्द करिे या नि ंबि के माम े में, फीस र्ापस िुीं की जा गी। ेबश गं र्ं धचह्िांकि अपेिा 6. (1) इस अिएपतपता निधावरण स्कीम के संबंध में मािक धचह्ि से िडजाइि र्ं वर्र्रण र्ा ा ुोगा, जासा ाक ब्यूरो द्र्ारा प्रत्येक प्रबंधि प्रणा ी ुेतए वर्निठदवष्ट ाकया गया ुा और इस े ब्यूरो द्र्ारा वर्निठदवष्ट तरीके से प्रयएक्त करिा ुोगा। (2) अिएपतपता मूलयांकि स्कीम के अधीि आिे र्ा ी प्रबंधि प्रणा ी के संबंध में उपयोग ाक जािे र्ा े मािक धचह्ि का िडजाइि, इस स्कीम में सं ग्ि उपाबंध II में वर्निठदवष्ट के अिएसार ुोगा। (3) मािक धचह्ि की वर्मा ं, इस स्कीम में, सं ग्ि उपाबंध III या IV में वर्निठदवष्ट के अिएसार ुोगा। (4) उपाबंध -II में वर्निठदवष्ट मािक धचह्ि के फोटोर्ग्ाफ को कम करिे और बा ािे की अिएमनत भी ुा।"
209,1,"अिएज्ञ्प्त या अिएपतपता प्रमाण पत्र की ित त 7. (1) अिएज्ञ्प्त या अिएपतपता प्रमाण पत्र के धारक नि ि ु गे,- (क) ्जस संबंध में अिएज्ञ्प्त दी गई ुा, उसके श ुमेिा उस प्रणा ी की अिएपतपता के श ्ज मेदार रुेंगे, (ख) अिएज्ञ्प्त को से तरीके से प्रयोग िुीं करेगा, जो ब्यूरो की राय में िामक ुो सकता ुा या र्ासे मािक धचह्ि का प्रयोग िुीं करेगा, ्जसकी अिएमनत ब्यूरो द्र्ारा िुीं दी जाती ुो। (ग) अिएज्ञ्प्त की वर्धधमान्यता की अर्धध की समा्प्त, नि ंबि या रद्द करिे पर इसके उपयोग को तत्का बंद कर देंगें और सभी प्रचार और वर्ज्ञापि सामर्ग्ी ्जसमें इसका कोई संदभ व िाशम ुो, उसे र्ापस े ेंगे; (घ) अिएज्ञ्प्त को समपणव , नि ंबि या समाप्त ाक जािे की ्स्थनत में ब्यूरो को अिएज्ञ्प्त दस्तार्ेज र्ापस ौटा ंगे; (ङ) फम व के पते या प्रबंधि या जो ित त पु े घोवित की जा चकए ी ुैं, में ाकसी भी प्रकार के पररर्तिव के श , उिके बारे में ब्यूरो को सूधचत करेंगें; (च) ब्यूरो द्र्ारा संिोधि या पएिरीिण जारी ुोिे पर, जासा भी माम ा ुो, वर्ठुत समय के भीतर भारतीय मािक में संिोधि के उपबंध या पएिरीक्षित भारतीय मािक को ागू करेंगें; (छ) तीि मुीिे से अधधक प्रचा ि ि ुोिे पर ब्यूरो के श िखत में सूधचत करेंगें; (ज) ब्यूरो द्र्ारा समय-समय पर जारी ाक ग ाकसी भी ठदिानिददेशि का पा ि करेंगें; (2) ब्यूरो द्र्ारा समय-समय पर वर्निठदवष्टािएसार ररक ड व बिा रखेंगे। (3) यठद गार अिएपतपता प्रणा ी के बारे में कोई पररर्ाद स्थावपत ुोता ुा तो अिएपतपता प्रमाण पत्र या अिएज्ञ्प्त धारक को अधधनियम और उसके अधीि बिा ग नियम के अिएसार उॉर देिा ुोगा। (4) ब्यूरो द्र्ारा अिएज्ञ्प्त या अिएपतपता प्रमाण पत्र धारक को कम से कम क मुीिे का िोठटस देकर अिएपतपता निधावरण स्कीम या अन्य ाकसी भी ित,व जासा भी माम ा ुो, को संिोधधत करिे का अधधकार ुोगा। (5) अिएपतपता निधावरण स्कीम की आर्श्यकताओं के अिएसार अिएज्ञ्प्त या अिएपतपता प्रमाणपत्र प्रदाि करिे या इसके प्रचा ि से संबंधधत अिएपतपता मूलयांकि गनतवर्धधय की ेखापरीिा प्राधधकृत ेखापरीिक द्र्ारा की जा सकती ुा या ाफर ेखापरीिा के दौराि ब्यूरो द्र्ारा प्राधधकृत ेखापरीिक द्र्ारा देखा जा सकता ुा।"
210,1,"(6) देय राशि ि देिे या वर्निठदवष्ट अपेिाओं या ितों की गार अिएपतपता के सा्य के आधार पर ब्यूरो अिएज्ञ्प्त अिएपतपता प्रमाण पत्र को नि ंबबत कर सकता ुा। (7) अिएज्ञ्प्त अिएपतपता प्रमाण पत्र की ाकसी भी ितों का उल ंघि करिे पर अिएज्ञ्प्त या अिएपतपता प्रमाण पत्र रद्द ाकया जा सकता ुा। अिएपतपता प्रमाण पत्र या अिएज्ञ्प्त की वर्धधमान्यता 8. (1) मािक धचह्ि का प्रयोग करिे के श अिएज्ञ्प्त या अिएपतपता प्रमाणपत्र सामान्यत: तीि र्ि व की अर्धध के श ठदया जा गा। (2) ागू प्रबंधि प्रणा ी मािक के पएिरीिण या अधधक्रमण ुोिे के माम े में यु अर्धध बा ाई या घटाई जा सकती ुा। (3) मािक धचह्ि का प्रयोग करिे के श अिज्ञए ्प्त या अिएपतपता प्रमाण पत्र का पएिप्रमव ाणि सामान्यत: तीि र्ि व की अर्धध के श ठदया जा गा और यु आदेि में वर्निठदवष्ट तारीख से ागू ुोगा। (4) ागू प्रबंधि प्रणा ी मािक के पएिरीिण या पएिप्रमव ाणि वर्निश्चय के आधार पर अिएपतपता प्रमाण पत्र की अर्धध को घटाया या बा ाया जा सकता ुा। (5) अिएपतपता प्रमाण पत्र या अिएज्ञ्प्त के धारक या आर्ेदक, जासा भी माम ा ुो, के अिएरोध पर अिएपतपता प्रमाण पत्र की वर्धधमान्यता को घटाया जा सकता ुा। अिएपतपता प्रमाण पत्र या अिएज्ञ्प्त का पएिप्रमव ाणि (9) (1) अिएज्ञ्प्त या अिएपतपता प्रमाण पत्र धारक को पएिप्रमव ाणि को सएगम बिािे ुेतए इस स्कीम के साथ सं ग्ि प्रपतप–II में, वर्धधमान्यता के पांच माु के भीतर, पएिप्रमव ाणि के श आर्ेदि करिा ुोगा। (2) मािक धचह्ि का प्रयोग करिे के श अिएज्ञ्प्त या अिएपतपता प्रमाण पत्र का पएिप्रमव ाणि प्रदाि ाकया जा गा, - (क) यठद पएिप्रमव ाणि आर्ेदि पूण व पाया जाता ुा; (ख) इस स्कीम के उपाबंध-I में वर्निठदवष्ट फीस का भएगताि करिे पर; तथा"
211,1,"(ग) यठद ब्यूरो संतएष्ट ुा ाक आर्ेदक िे सएसंगत भारतीय मािक के अिएसार प्रबंधि प्रणा ी की अपेिाओं को ागू ाकया ुा, और सएसंगत भारतीय मािक के अिएसार पएिप्रमव ाणि ेखापरीिा के माध्यम से अिएपतपता का सा्य ठदया ुा। (3) इस स्कीम के पारा 3 के उपबंध अिएज्ञ्प्त या अिएपतपता प्रमाण पत्र, जासा भी माम ा ुो, के पएिप्रमव ाणि के श भी ागू ु गे। (4) अिएज्ञ्प्त या अिएपतपता प्रमाण पत्र के पएिप्रमव ाणि पर, इस स्कीम के मागदव िकव शसद्धांत के अिएसार निगरािी ेखापरीिा की योजिा बिाई जा गी और ब्यूरो द्र्ारा समय- समय पर ेखापरीिा की जा गी। (5) अिएज्ञ्प्त के पएिप्रमव ाणि इि वर्नियम के वर्नियम 8 में ठद ग उपबंध के अिएसार ाकया जा गा। (6) अिएपतपता प्रमाण पत्र का पएिप्रमव ाणि इि वर्नियम के वर्नियम 16 में ठद ग उपबंध के अिएसार ाकया जा गा। अिएज्ञ्प्त या अिएपतपता प्रमाण पत्र के वर्िय िेत्र में पररर्तिव 10. प्रमाणीकरण ेखापरीिा के पश्चात ् अिएज्ञ्प्तधारी के अिएरोध पर अिएपतपता प्रमाण पत्र का वर्िय िेत्र बा ाया या घटाया जा सकता ुा। नि ंबि 11. (1) यठद, ाकसी भी समय, ब्यूरो के पास पयावप्त सा्य ुैं ाक प्रबंधि प्रणा ी, ्जसके श अिएपतपता प्रमाणपत्र या अिएज्ञ्प्त दी गई ुा, र्े सएसंगत भारतीय मािक की अपेिाओं के अिएपतप िुीं ुैं, तो ब्यूरो अिएपतपता प्रमाणपत्र या अिएज्ञ्प्त को नि ंबबत कर सकता ुा, और अिएज्ञ्प्त या अिएपतपता प्रमाणपत्र धारक को, जासा भी माम ा ुो, मािक धचह्ि का उपयोग रोकिे के श निददेशशित कर सकता ुा, और सा्य सीशमत िुीं ुैं, ेाकि, नि ि में से क या अधधक िाशम ुो सकते ुैं, अथावत:् - (क) मािक धचह्ि का उस रीनत में प्रयोग करिा; ्जसकी ब्यूरो द्र्ारा अिएमनत िुीं ुा; (ख) तीि मुीि से अधधक प्रचा ि ि करिा; (ग) सएधारात्मक कारवर्ाई ब्यूरो द्र्ारा वर्निठदवष्ट समय सीमा के भीतर िुी ं करिा; (घ) ब्यूरो को पूर् व सूचिा के बबिा, पररसर का स्थािांतरण;"
212,1,"(ड.) अिएपतपता प्रमाण पत्र या अिएज्ञ्प्त के संबंध में ग त घोिणा या ररक ड व या ररक ड व के शमथ्याकरण या अिएधचत व्यापार पद्धनतय में श प्त ुोिा; (च) अिएपतपता प्रमाण पत्र या अिएज्ञ्प्त के प्रचा ि के दौराि से ेखापरीिा(ओं) जो जपतरी ुा, के श ब्यूरो या इसके प्राधधकृत प्रनतनिधध के साथ सुयोग ि करिा। (2) उप-पारा (1) के अधीि ब्यूरो द्र्ारा श या गया वर्निश्चय अिएपतपता प्रमाण पत्र या अिएज्ञ्प्त धारक जासा भी माम ा ुो, को ई-मे या ाकसी अन्य उपयएक्त श िखत माध्यम द्र्ारा, इसके कारण सठुत सूधचत ाकया जा गा। (3) अिएज्ञ्प्त या अिएपतपता प्रमाण पत्र के धारक ्जिकी अिएज्ञ्प्त या अिएपतपता प्रमाण पत्र नि ंबि के श रखी गई ुा, उसमें सएधारात्मक कारवर्ाई करेंगे और ब्यूरो को सूधचत करेंगे। (4) की गई कारवर्ाई की जािकारी शम िे पर, यठद आर्श्यक ुो, तो उसका सत्यापि करिे ुेतए ब्यूरो क वर्ििे ेखापरीिा कर सकता ुा। (5) ब्यूरो स्र्यं को संतएष्ट करिे के पश्चात ् नि बं ि को प्रनतसंुररत कर सकता ुा ाक अिएज्ञ्प्त या अिएपतपता प्रमाणपत्र धारक िे प्रबंधि प्रणा ी की अिएपतपता सएसंगत भारतीय मािक के श पयावप्त सा्य के साथ सएधारात्मक कायर्व ाुी की ुा। (6) अपेक्षित फीस ि देिे पर ब्यूरो अिएज्ञ्प्त या अिएपतपता प्रमाणपत्र को नि ंबबत कर सकता ुा और अिएज्ञ्प्त या अिएपतपता प्रमाणपत्र धारक को इक्कीस ठदि का िोठटस जारी करके मािक धचह्ि का प्रयोग ि करिे के श निददेशशित कर सकता ुा। (7) ब्यूरो बकाया राशि प्राप्त ुोिे पर उप-पारा 6 के अधीि नि ंबि को प्रनतसंुररत कर सकता ुा। (8) उप-पारा (6) के अधीि जारी नि ंबि क र्ि व से अधधक िुीं ुोगा। अिएज्ञ्प्त या अिएपतपता प्रमाणपत्र के पएिप्रमव ाणि को समाप्त या खाररज करिा 12. (1) ब्यूरो अिएज्ञ्प्त या अिएपतपता प्रमाण पत्र के पएिप्रमव ाणि को समाप्त या खाररज कर सकता ुा, यठद - (क) अिएज्ञ्प्त या अिएपतपता प्रमाणपत्र धारक मािक धचह्ि के दरुए पयोग में श प्त ुो; (ख) अिएज्ञ्प्त या अिएपतपता प्रमाणपत्र के संबंध में ग त घोिणा की ुो या ररक ड व के शमथ्याकरण या अिएधचत व्यापार पद्धनतय में श प्त ुो; (ग) अिएज्ञ्प्त या अिएपतपता प्रमाणपत्र का नि ंबि क र्ि व से अधधक ुो;"
213,1,"(घ) अिएज्ञ्प्त या अिएपतपता प्रमाणपत्र धारक िे पररसर को स्थािांतररत ाकया ुा और ब्यूरो के अिएमोदि के बबिा ि पररसर में अिएज्ञ्प्त या अिएपतपता प्रमाणपत्र के संचा ि को जारी रखा ुो; (ड.) अिएज्ञ्प्त या अिएपतपता प्रमाणपत्र धारक िे अिएज्ञ्प्त या अिएपतपता प्रमाण पत्र की ाकसी भी ितों का उल ंघि ाकया ुो। (2) पएिप्रमव ाणि को खाररज करिे या रद्द करिे से पु े, ब्यूरो अिएज्ञ्प्त या अिएपतपता प्रमाण पत्र धारक को ई-मे या संचार के ाकसी अन्य उपयएक्त साधि के माध्यम से कम से कम इक्कीस ठदि की क श िखत सूचिा देगा, ्जसके द्र्ारा अिएज्ञ्प्त या अिएपतपता प्रमाण पत्र के रद्द या खाररज करिे के अपिे इरादे, आधार के साथ, श िखत स्पष्टीकरण प्रस्तएत करि े के श उपबंध और अिएज्ञ्प्त या अिएपतपता प्रमाणपत्र धारक को व्य्क्तगत सएिर्ाई यठद मांगे तो, को सूधचत ाकया जा गा। (3) यठद अिएज्ञ्प्त या अिएपतपता प्रमाणपत्र नि ंबि के अधीि िुीं ुा, तो सूचिा में अिएज्ञ्प्त या अिएपतपता प्रमाण पत्र धारक को निददेशि ठदया जा गा ाक र्ु मािक धचह्ि का प्रयोग और अिएज्ञ्प्त या अिएपतपता प्रमाण पत्र का संचा ि बंद कर दें। (4) सूचिा जारी करिे की तारीख से इक्कीस ठदि की अर्धध के भीतर श िखत स्पष्टीकरण प्राप्त ि ुोिे के माम े में, ब्यूरो अिएज्ञ्प्त या अिएपतपता प्रमाण पत्र का पएिप्रमव ाणि समाप्त या खाररज कर सकता ुा। (5) यठद कोई स्पष्टीकरण ठदया गया ुा, तो ब्यूरो इस बारे में वर्निश्चय ेिे से पु े प्रस्तएत ाक ग स्पष्टीकरण को ध्याि में रख सकता ुा, और व्य्क्तगत सएिर्ाई, यठद मांग की जाती ुा तो अिएज्ञ्प्त या अिएपतपता प्रमाणपत्र धारक या उसके प्राधधकृत प्रनतनिधध को दे सकता ुा। (6) इस स्कीम के उप-पारा (4) और (5) के अधीि पएिप्रमव ाणि रद्द करिे या खाररज करिे के श ब्यूरो द्र्ारा श या गया वर्निश्चय अिएज्ञ्प्त या अिएपतपता प्रमाणपत्र धारक को आधार के साथ ई-मे या ाकसी अन्य उपयएक्त श िखत माध्यम के साधि से सूधचत ाकया जा गा। (7) जब ाकसी भारतीय मािक को र्ापस े श या जाता ुा और ाकसी भी अन्य भारतीय मािक से अधधक्रमण िुीं ाकया जाता ुा, तो उसके संबंध में दी गई ाकसी भी अिएज्ञ्प्त या अिएपतपता प्रमाण पत्र को इस तरु की भारतीय मािक को र्ापस ेिे की तारीख से समाप्त समीा जा गा और अिएज्ञ्प्त या अिएपतपता प्रमाणपत्र धारक द्र्ारा अिएज्ञ्प्त या अिएपतपता प्रमाणपत्र ब्यूरो को तत्का सौंप ठदया जा गा । (8) उप-पारा (7) के अधीि रद्द की गई अिएज्ञ्प्त या अिएपतपता प्रमाणपत्र के श , ब्यूरो अिएज्ञ्प्त या अिएपतपता प्रमाण पत्र की असमाप्त अर्धध के अिएपात में अधर्ग्म भएगताि ाक जािे पर अिएज्ञ्प्त या अिएपतपता प्रमाणपत्र फीस का भाग र्ापस करेगा।"
214,1,"उपाबंध-I (स् कीम III के पारा 5 के उप-पारा (1) र्ं (2) को देखें) फीस संरचिा 1. आर्ेदि िएलक* (क) बड े औद्योधगक उद्यम- रु. 15,000/- (ख) मध्यम, सू्म और घए औद्योधगक उद्यम- रु. 7000/- (ग) केन्र/राज्य सरकार संगिि (i) 100 कमचव ाररय तक : रु. 7000/- (ii) 100 कमचव ाररय से अधधक : रु. 15,000/- केन्रीय/राज्य/स्थािीय सरकार के सभी पएस्तका य , प्रयोगिा ाओं, वर्द्या य , मुावर्द्या य , प श टे्क्िक, प्रशििण संस्थाि और ुेलथकेयर इस्टेबश समेंट को उिके आकार के बार्जूद छोटे उद्यम के पतप में मािा जा गा। 2. ेखापरीिा फीस* (क) भारत में ्स्थत इकाईय के श (i) प्रनत श्रम ठदर्स रु. 12,000/- प्रभाररत ाक जा ंगे। (ii) यात्रा के स्थाि से 250 ाक.मी. तक की सीशमत दरू ी की यात्रा और र्ास्तवर्क आधार पर ेखापरीिक के रुिे के श आर्ेदक या अिएज्ञ्प्त या अिएपतपता प्रमाणपत्र धारक द्र्ारा र्ुि ाकया जा गा। (ख) भारत से बाुर ्स्थत इकाइय के श (i) प्रनत श्रम ठदर्स रु. 12,000/- प्रभाररत ाक जा ंगे। (ii) अिएज्ञ्प्त या अिएपतपता प्रमाणपत्र धारक ेखापरीिा के संबंध में बीआई स प्रमाणि अधधकारी (य ) द्र्ारा व्यतीत ाक ग प्रनत श्रम ठदर्स बीआई स की ागत सठुत सभी खचों को उिािा ुोगा (तािाती स्थाि से र्ापसी तक प्रस्थाि के समय से), जासा ाक बीआई स िे अपिे पूण व वर्र्ेकाधधकार से नििणतव ाकया ुो। 3. 3 र्ि व के श अिएपतपता प्रमाणपत्र या अिएज्ञ्प्त फीस*/पएिप्रमव ाणि फीस (क) बड े उद्योग – रु. 60,000/- (ख) मध्यम, सू्म और घए उद्योग – रु. 30,000/- (4) फीस में ची ापि - अिएज्ञ्प्त या अिएपतपता प्रमाणपत्र की फीस में 50% तक की छूट ब्यूरो द्र्ारा दी जा सकती ुा। ठटप् पण: (i) पु े अिएज्ञ्प्त के प्रत्येक पश् चार्ती प्रणा ी प्रमाणि अिएज्ञ्प्त के श आर्ेदि फीस रु.7000/- ुोगी।"
215,1,"(ii) पश् चात-्र्ती अिएज्ञ्प्तय और ब्यूरो के अन्य अिएपतपता मूलयांकि स् कीम के अिएज्ञ्प्तधारी के श अिज्ञए ्प्त फीस में 20% छूट दी जा गी। (iii) बुए सवर्सव आउट ेट र्ा े संगिि के श - प्रत्येक अनतररक्त साइट (समाि गनतवर्धधय के साथ) के वर्िय िेत्र के अतं गतव िाशम , प्रत्येक साइट के श अनतररक्त अिएज्ञ्प्त फीस का भएगताि नि ि प्रकार ुोगा: 10 तक– रु. 12,10 तक – 12,000/प्रनत साइट 11 और अधधक- 10 से ऊपर प्रत्येक अनतररक्त साइट के श रु. 1,20,000 + रु. 8,000 -अनतररक्त कर - उद्यम का र्गीकरण 'सू्म, घए और मध्यम उद्यम वर्कास ( म स मईडी) अधधनियम, 2006 (2006 का 27) पर आधाररत ुोगा।"
216,1,उपाबंध-II (स् कीम III के पारा 6 के उप-पारा(2) को देखें) वर्शभन्ि प्रबंध प्रणाश य के श मािक धचन्ु
217,1,"उपाबंध–3 (स् कीम-III के पारा 6 का उप-पारा (3) निठदवष्ट करें) वर्शभन्ि प्रबंध प्रणाश य ुेतए मािक धचन् ु की वर्मा ई म स सभी आयाम शम ीमीटर में ुैं । च = ऊ चाई, = बाई, डी = र्त्ृ त का व् यास, म म = शममी 1= 2= = बी= च= डी= 1= बी बी1= - - - - - - -76 -52बी 94 18 50 50 50 10 100 94 18 50 50 50 10 50 38 50 26 म म म म म म म म म म म म म म म म म म म म म म च च1= च2= - - 88 च 70 च 50 44 35 म म म म म म"
218,1,"उपाबंध–IV (स् कीम-III के पारा 6 का उप-पारा (3) देखें) गएणता पद्धनतया प्रमाणि के श मािक मएुर के अधधमान्य आकार सभी आयाम शमश मीटर में ुैं मलटीक र मािक धचन्ु ुेत,ए रंग योजिा नि िािएसार ु गे : क) मएरण प्रयोजिाथ,व अिर ‘थ’ ुेतए रंग “ओरर न्ट िी ा” तथा अिर “ध” “मोिोपो ा ” में आई स 1222, 1999 ्वर्ि शस ेंडर रोटरी मिीि ुेंतए स्याुी, डए्प् केठटगं (तीसरा पएिरीिण) के अिएसार रुेगा। ख) साइि बोड व प्रयोजिाथ व ुेतए, आई स 5:1994’’ तया ार शमधश्रत पेंट ंर् इिेम ुेतए रंग” (चौथा पएिरीिण) के अिएसार अिर ‘थ’ ुेतए फ्रैंच िी ा’ (स. 166) ंर् अिर “ध” शसगं ि ा (सं 537) रंग का रुेगा। शसगं रंग मािक धचन्ु ुेत,ए रंग के चयि में कोई प्रनतबंध िुीं ुा।"
219,1,"प्रपता–I स् कीम–III के पारा 3 के उप–पारा (1) के खण्ड (क) को देखें। उपमुानिदेिक भारतीय मािक ब्यूरो ------------------िेत्रीय कायाव य (पता) 1. म/ैं ुम (व्यर्साय स्थ का पूरा पता) के स्टाइ के अधीि (व् य्क्त या फम व का पूरा िाम) भारतीय मािक ब्यूरो अधधनियम,2016 के अधीि प्रबंध प्रणा ी प्रमाणि की अिएज्ञ्प्त की मंजूरी ुेतए, आई स के अिएसार प्रणा ी के संबंध में आर्ेदि करता ुू /करत े ुैं । उत् पाद/उत् पाद की सीमा/सेर्ाऍ/ंसेर्ाओं की सीमा/प्राक्रयाओं/गनतवर्धधय के वर्र्रण नि िािएसार ुैं: 2. उक्तउत् पाद/उत् पाद की सीमा/सेर्ाऍ/ंसेर्ाओंकी सीमा/प्राक्रयाओं/गनतवर्धधय ं ुमारे कारखािे/इकाई/कायाव य (कारखािे/इकाई/कायाव य के िाम) पर ्स्थत पररसर में (पता) में च रुे ुैं । 3. (क) मेरा/ुमारा कारखािा/इकाई/कायाव य के िीि व प्रबंध का गिि नि िािएसार ुा: िमांक नाम ािनाम (ख) जब उक्त गिि में कोई बद ार् ुोगा उस संबंध में मैं/ुम ब्यूरो को सूधचत करिे का र्चि देता ुू / देते ुैं।"
220,1,"4. म/ैं ुम फम व के र्जस्िार या सोसायटी/तकिीकी वर्कास मुानिदेिा य /उद्योग निदेिक द्र्ारा जारी ाकये गये प्रमाणपत्र की प्रनतश वप या फम व र्ं इसके पररसर के िाम र्ा े अन्य सदृि प्रमाणीकृत दस्तार्ेज की फोटोप्रनत सं ग् ि करता ुू / करते ुैं। 5. मेरे/ुमारे पास ज (प्रदिू ण निर्ारण और नियंत्रण) अधधनियम, 1974 र्ं र्ायए (प्रदिू ण निर्ारण और नियंत्रण) अधधनियम, 1981 क्रमि: पयावर्रण (संरिण) अधधनियम,1986 के उपबंध के अिएसार आर्श्यक सुमनतया/ स्पष्टीकरण ुैं। (यठद ागू ुो) 6. नियएक्त तकिीकी काशमकव /वर्ििे ज्ञ के वर्र्रण : क्रमांक िाम अुवता काय व 7. मिैं े / ुमिे अपेक्षित अनिर्ाय व प्र ेख तायार ंर् वर्कशसत ाकये ुैं (प्रनत सं ग्ि)। 8. म ैं / ुम समय-समय पर बीआई स द्र्ारा यथा अपेक्षित र्ं/या सएसंगत मािक की अपेिाओं के अिएरुप मेरी/ुमारी प्र ेिखत सूचिा को संिोधधत करिे, उपांतरण करिे या पररर्नततव करिे का भी र्चि देता ुू /देते ुैं। 9. म/ैं ुम स् कीम में यथा ागू र्ं यथा दिाव ब्यूरो द्र्ारा वर्ठुत फीस तथा/या तारीख ---------------------- के करार / दर के अिएसार भएगताि के श सुमत ुू /ुा। 10. मिैं े/ुमिे अिएज्ञ्प्त की ितों को पा श या ुा और 'आर्ेदक के श मागदव िकव शसद्धांत ' में दिाव अिएसार तथा बीआई स अधधनियम 2016 के अधीि निशमतव वर्नियम के अिएसार अिएपा ि का र्चि देता ुूं/देते ुैं। 11. ब्यूरो द्र्ारा आरंशभक पछू ताछ ाकये जािे पर, म/ैं ुम, मेरी/ ुमारे नियत्रं ण में सभी समएधचत सएवर्धाओं को ब्यूरो के पास पुएंचाि े के श सुमत ुा तथा ब्यूरो द्र्ारा जब कभी भी उक्त पूछताछ अपेक्षित ुो, तो सभी खचों का भएगताि करि े के श भी सुमत ुैं। 12. म/ैं ुम अिएरोध करते ुा ाक मेरा/ुमारा कारखािा/इकाई/कायाव य की ेखापरीिा करि े ुेतए दौरा ------------------------ (दिावई तारीख) तक ाकया जा । या म/ैं ुम ेखापरीिा ुेतए दौरा करर्ािे के श समयन तारीख की उपयक्ए तता सूधचत करुंगा/करेंगें, जासे ुी म/ैं ुम उसके श तायार ुोते ुैं। 13. प्रमािणत ाकया जाता ुा ाक मिैं े/ुमिे तारीख --------------- को ----------- के श बीआई स से अिज्ञए ्प्त ेिे ुेत ए पु े भी आर्दे ि ाकया था, जो ाक शम िुीं पाया। 14. म/ैंुम र्चि देता ुूं/देत े ुैं ाक यठद आर्ेदि पत्र में उक्त दी गई जािकारी ग त पाये जािे पर आर्ेदि पत्र को तरए ंत रद्द कर ठदया जा ।"
221,1,"15. मीए /े ुमें भारतीय मािक ब्यरू ो अधधनियम के अधीि ाकसी भी कोटव में दोिी िुी ं पाया गया ुा और िा ुी कोई अशभयोजि बं बत ुा। या बीआई स अधधनियम के अधीि दोिशसद्धध/अशभयोजि के वर्र्रण नि िािसए ार ुा: ------------------------------------------------------------------------------------------------------------- ------------------------------------------------------------------------------------------------- 16. मएी/े ुमें कभी भी भारतीय मािक ब्यूरो के अधधनियम में ाकसी प्रकार की उल ंघिपूण व कायर्व ाुी के प्रनत चते ार्िी/स ाु िुीं दी गई ुा। या बीआई स अधधनियम के उल ंघि के श मेरे/ुमारे द्र्ारा प्राप्त चते ार्िी/स ाु के वर्र्रण नि ि ािएसार ुा। ------------------------------------------------------------------------------------------------------- 17. अिज्ञए ्प्त ठद जािे पर र् ं जब तक र्ु प्रचश त रुेगी, म/ैंुम अिज्ञए ्प्त की सभी ितों र् ं उक्त के अधीि वर्निठदवष्ट वर्नियम का पा ि करिे का र्चि देता ुूं/देत े ुैं। तारीख -------------- ठदि --------------------- दो ुजार ------ ुस्तािर------------- िाम------------------ पदिाम-------------- (कृत े र् ं की ओर से) (फम व की सी ) प्र ेख स ं ग्ि 1. 2. 3. 4. 5."
222,1,"प्रपतप –II (स् कीम–III के परा ा 9 के उप-परा ा 1 को देखें) भारतीय मािक ब्यरू ो अधधनियम, 2016 के अधीि प्रबधं प्रणा ी प्रमाणि के मािक धचन् ु प्रयोग करिे के श अिज्ञए ्प्त के पिए : प्रमाणि ुेत ए आर्ेदि पत्र उपमुानिदेिक भारतीय मािक ब्यरू ो ित्रे ीय कायाव य (पता) 1. म/ैंुम ----------------------------------------- (कारबार का परू ा पता) के स् टाइ के अधीि (व् य्क्त या फम व का परू ा िाम)---------------------------------------------------------------------- पिए : प्रमाणि ुेत ए ---------------------- प्रणा ी/प्रणाश य प्रमाणि अिज्ञए ्प्त सख्ं या -------------------------------- तारीख आई स -------- के अिसए ार ---------------------------------- प्रणा ी/प्रणाश य के सबं धं में भारतीय मािक द्र्ारा आगे के तीि र्ि व की अर्धध ुेत,ए मेरी/ुमारी उपरोक् त अिज्ञए ्प्त में यथा अिबए द्ध अिज्ञए ्प्त की िताधव ीि, र्/ंया ब् यरू ो द्र्ारा यथासभं र् निधावररत सी अन् य ितों पर आर्दे ि करता ुू /करत े ुैं । 2. स पकव व्य्क्त का िाम र् ं पदिाम ---------------------------------------------------- 2.1 स पकव व्य्क्त का फोि िनं फाक्स सख्ं या और ईमे : -------------------------------- 3. शिफ्ट की सख्ं या (प्रत् येक शिफ्ट के समय सठुत):- 4. काशमकव की सख्ं या 4.1 पणू कव ाश क काशमकव में बद े गये प्रमाणि के काय व िेत्र में आर्ररत अिं काश क काशमकव की सख्ं या (8 घटं े कायाव यीि ठदर्स पर आधाररत) ------------------------------------------------ 4.2 पणू कव ाश क काशमकव में पररर्नततव प्रमाणि के कायिव ेत्र में िाशम अिं काश क काशमकव की सख्ं या (8 घटं े कायाव यीि ठदर्स पर आधाररत) ------------------------------------------------ 4.3 साधारण कृत् य में काशमकव की सख्ं या (वर्ॉन प्रिासिन सरए िान पररर्ुिन चा कन कैंटीिन मा ी इत्याठद) : - 4.4 सामान् य शिफ्ट/शिफ्ट I में काशमकव की कए सख्ं य ा: ----------------------- 4.4 अन् य शिफ्ट में काशमकव की कए सख्ं या: ---------------------------------- 4.5 सामान् य शिफ्ट/शिफ्ट I के अ ार्ा वर्ििे प्रचा ि/कृत् य परस् पर ुेत ए अन् य शिफ्ट में काशमकव की कए सख्ं या :- ---------------------------- 5. इकाई की प्रा्स्थनत : दीघ/व घ ए स् तरीय उद्योग/अििए गं ी/छोटी यनू िटें/ घ ए स् तरीय सेर्ा र् ं व् यर्साय (उद्योग सबं धं धत) उद्यम/छोटे उद्यम (ठटप् पण देखें) ठटप् पण: कृपया सबं धं धत प्राधधकारी से र्जस् िीकरण पत्र स ं ग् ि करें र् ं बीआई स के ‘आर्ेदक ुेत ए मागदव िकव शसद्धांत’ भी देखें)"
223,1,"6. * प्रमाणपत्र का कायिव त्रे वर्द्यमाि अिज्ञए ्प्त दस्त ार्ेज में ठदये गये अिसए ार ुी रुेगा। या * प्रमाणपत्र का कायिव त्रे नि िािसए ार सिं ोधधत ाकया जा सकता ुा: --------------------------------------------------------------------- * जो ाग ू ि ुो उस े काट दें 7. र्तमव ाि अिज्ञए ्प्त में दिावये गये फम व के सरं चिा र् ं प्रबधं प्रणाश य /प्रणा ी में बद ार् ---------------------------------------------------------------------------------------------------------------- ---------------------------------------------------------------------------------------------------------------- 8. सगं िि के सदं भ व को प्रभावर्त करिे र्ा े बद ार् (अथावत ् वर्धाि में बद ार् आठद) ---------------------------------------------------------------------------------------------------------------- 9. म/ैंुम ुमारे द्र्ारा तया ार प्र ेख या ुमारे द्र्ारा तया ार पिए रीक्षित प्र खे को प्रयोग करिा जारी रखिे के श प्रस् तार् रखता ुू /रखत े ुैं, स ं ग् ि ुा। यठद प्र ेख में बद ार् ुो तो कृपया वर्र्रण दे: 10. क) मेरे/ुमारे कारखाि े के िीि व प्रबधं का गिि र्ुी ुा या बद ार् ाकया ुा, जो उक् त अिज्ञए ्प्त ुेत ए पर्ू व के आर्ेदि पत्र में ठदया गया ुा तथा नि िािसए ार ुा: ---------------------------------------------------------------------------------------------------------------- क्रमांक िाम पदिाम ---------------------------------------------------------------------------------------------------------------- ---------------------------------------------------------------------------------------------------------------- ख) म/ैंुम जब भी उक् त गिि में कोई बद ार् ुोगा तो ब् यरू ो को सधू चत करिे का र्चि देता ुू ेदेत े ुैं 11. म/ैंुम सगं िि या सोसायटी के र्जस् िार या तकिीकी वर्कास मुानिदेिा य/उद्योग निदेिक द्र्ारा जारी या सगं िि के िाम प्रमाणीकृत करिे र्ा े अन् य सदृि दस् तार्ेज र् ं इसकी वर्निमावण पररसर पर जारी निगमि के प्रमाणपत्र की फोटोप्रनत स ं ग् ि करता ुू /करत े ुैं। (केर् बीआई स को पु े प्रस् ततए ाक ग सगं िि के िाम र्/ं या पत े में बद ार् करिे के माम े में)"
224,1,"12. मिैं े/ुमिे अिज्ञए ्प्त की ितों को पा श या ुा और ‘आर्ेदक के श मागदव िकव शसद्धांत ’ में दिाव अिसए ार प्रबधं प्रणा ी के पतप में ससए गं त तथा अधधनियम के अधीि वर्निठदवष्ट र्तमव ाि वर्नियम के अिसए ार उिके द्र्ारा अिपए ाश त करिे का र्चि देता ुूं/देत े ुैं। 13. ब्यरू ो द्र्ारा आरंशभक पछू ताछ ाकये जािे परन म/ैंुमन मेरी/ ुमारे नियत्रं ण में सभी समधए चत सवए र्धाओं को ब्यरू ो के पास पुएंचािे के श सुमत ुैं तथा ब्यरू ो द्र्ारा जब कभी भी उक्त पछू ताछ अपेक्षित ुो, तो सभी खचों का भगए ताि करिे के श भी सुमत ुैं। 14. म/ैंुम अिरए ोध करत े ुा ाक मेरा/ुमारा कारखािा/इकाई/कायाव य की ेखापरीिा करिे ुेत ए दौरा -- ---------------------- (दिावई तारीख) तक ाकया जा । 15. प्रमािणत ाकया जाता ुा ाक म/ैं ुम तारीख --------------- को ----------- के श बीआई स स े अिज्ञए ्प्त ेिे ुेत ए पु े भी आर्दे ि ाकया था जो ाक शम िुीं पायी। 16. म/ैंुम र्चि देता ुूं/देत े ुैं ाक यठद आर्ेदि पत्र में उक्त दी गई जािकारी ग त पाये जािे पर आर्ेदि पत्र को तरए ंत रद्द कर ठदया जा । 17. मीए /ेुमें अधधनियम के अधीि ाकसी भी कोटव में दोिी िुीं पाया गया ुा और िा ुी कोई अशभयोजि बं बत ुा। या अधधनियम के अधीि दोिशसद्धध/अशभयोजि के वर्र्रण नि िािसए ार ुा : ------------------------------------------------------------------------------------------------------- 18. मीए /े ुमें कभी भी अधधनियम में ाकसी प्रकार की उल घं िपणू व कायर्व ाुी के प्रनत चते ार्िी/स ाु िुीं दी गई ुा। या अधधनियम के उल घं ि के श मेरे/ुमारे द्र्ारा प्राप्त चेतार्िी/स ाु के वर्र्रण नि िािसए ार ुा : ------------------------------------------------------------------------------------------------------- 19. अिज्ञए ्प्त िर्ीकृत ाक जािे पर र् ं जब तक र्ु प्रचश त रुेगा, म/ैंुम अिज्ञए ्प्त की सभी ितों का उक्त अधधनियम के अधीि वर्निठदवष्ट नियम का पा ि करिे का र्चि देता ुूं/देत े ुैं। अिज्ञए ्प्त के नि बि या रद्द ाक जािे की दिा में, म/ैंुम अिज्ञए ्प्त के सबं धं में सभी सवए र्धाओं के प्रयोग को तत् का प्रभार् से रोकिे का और अिज्ञए ्प्त तथा सबं धं धत दस् तार्ेज ब् यरू ो को ौटािे का र्चि देता ुू /देत े ुैं । तारीख ---------------- ठदि --------------------- के दो ुजार ----------------------"
225,1,"ुस्तािर ----------------------- िाम ----------------------- पदिाम ----------------------- (कृत े र् ं की ओर स-े --------------------) (फम व की सी ) केर् कायाव य के प्रयोग ुेत ए ---------------------------------------------------------------------------------------------------------------- अिज्ञए ्प्त सख्ं या --------------------- 20. पिए : प्रमाणि ेखापरीिा ुेत ए योजिा क) पिए : प्रमाणि आर्दे ि प्रपतप में सधू चत वर्ििे बद ार् के ब् यौरे, यठद कोई ु a. चरण 1 ेखापरीिा को करिे की जपतरत के श मलू य ांकि (औधचत् य बताय)ें मलू याकं ि के पररणाम चरण-1 अपेक्षित/चरण-1 अिपेक्षित ग) पिए : प्रमाणि खे ापरीिा के श अिज्ञए ्प्तधारी द्र्ारा सांकेनतक तारीख घ) वर्धधमान् यता की समा्प्त से पर्ू व पिए :प्रमाणि गनतवर्धधय को पणू व करिे के श उप ब्ध समय ड.) अििए शं सत योजिा (यठद 20 ख) चरण 1 की अपेिा बताय,ें चरण 1 र् ं चरण 2 दोि की योजिा बताय ें अन् यथा केर् चरण 2 ेखापरीिा की योजिा करें) –प्रणा ी उत् पन् ि समय के पमा ािे पर अिमए ाि स ं ग् ि करें। च) अिमए ोदि प्राधधकारी का वर्निश् चय अिमए ोठदत/अिमए ोठदत िुीं।"
226,1,"प्रपतप-III (स् कीम-III के पारा 3 के उप-पारा (5) को देखें) भारतीय मािक ब् यूरो प्रबंध पद्धनतय ं प्रमाणि ुेतए ----------------- अिएज्ञ्प्त (प्रत् यानयत द्र्ारा (प्रत् यायि निकाय का िाम, यठद प्रत् यानयत ुो) अिएज्ञ्प्त संख् या: ब् यूरो, भारतीय मािक ब् यूरो अधधनियम, 2016 (2016 का 11) द्र्ारा प्रदत् त ि्क्तय के िाते, नि िश िखत को मंजूरी देता ुा/पएि: प्रमाणि देता ुा: (्जसे इसमें इसके पश् चात इसे अिएज्ञ्प्तधारी कुा गया ुा) इस अिएसूची में र्िणतव वर्ििे तौर पर उत्पाद र्ं/या सेर्ाओं या प्राक्रयाओं के संबंध में ----- प्रबधं प्रणा ी प्रमाणि के अिएज्ञ्प्तधारक की ब् यरू ो की सूची में इस अिएज्ञ्प्त के अिएसार इसी संख् या धारक को अधधकार र्ं अिएज्ञ्प्त सूचीबद्ध ाकेया जा । आई स ------ के अिएसार ------------- प्रबंध प्रणा ी के अधीि उक् त ठदये गये पते पर केर् अिएज्ञ्प्तधारक द्र्ारा से उत् पाद र्ं/या सेर्ाओं या प्राक्रयाओं को निशमतव ाकया/उप ब् ध कराया/च ाया जायेगा । अिएज्ञ्प्त उक् त अधधनियम र्ं उिके अधीि नियम तथा वर्नियम के संबंधधत उपबंध की ित व पर मंजूर ाकया गया ुा/पएि: प्रमाणि ठदया गया ुा तथा उक् त सदं शभतव अिएज्ञ्प्तय को इसके तुत िाशसत ाकया जाता ुा, तथा अिज्ञए ्प्तधारक उक् त नियम र्ं वर्नियम का पा ि ाकये जािे के श ब् यूरो के प्रनत प्रनतज्ञाबद्ध ुैं। यु अिएज्ञ्प्त तारीख ---- से तारीख ----- तक वर्धधमान्य रुेगा तथा वर्नियम में यथा निठुत पएि: प्रमाणि ठदया जा सकेगा । यु तारीख ---------- ठदि ------ को ुस्त ािररत/मएुरांाकत तथा ठदिांाकत ाकया गया। कृते भारतीय मािक ब् यूरो पदिाशमत प्राधधकारी का िाम र्ं ुस् तािर अिएज्ञ्प्त सं. --------------------- की अिएसूची को जारी ाकया गया उत् पाद/सेर्ा/प्राक्रया ुेतए फम व को अिएज्ञ्प्त मंजूर की गई ुा/पएि: प्रमाणि ठदया गया ुा: --------------- प्रबंध प्रणा ी प्रमाणि ुेत ए कृते भारतीय मािक ब् यूरो पदिाशमत प्राधधकारी का िाम र्ं ुस् तािर"
227,1,"प्रपतप-IV (स् कीम III के परा ा III के I उप-परा ा (5) देिख ) भारतीय मािक ब् यरू ो ------------- प्रबधं पद्धनत प्रमाणि ुेत ए अिपतए पता प्रमाणपत्र (द्र्ारा प्रत् यानयत (यठद प्रत्य ानयत ुैं तो प्रत् यायि निकाय का िाम) प्रमाण पत्र सख्ं या: भारतीय मािक ब् यरू ो अधधनियम 2016 (2016 का 11) द्र्ारा प्रदत्त ि्क्तय के आधार पर, ब् यरू ो नि िश िखत को मजं ूरी देता ुा/पिए : प्रमाणि देता ुा: (्जसे इसमें इसके पश् चात इसे प्रमाणपत्र धारक कुा ुा) इसकी अिसए चू ी में वर्शिष् टतया वर्निठदवष् ट उत्पाद और/या सेर्ाओं या प्राक्रयाओं के सबं धं में -------------- प्रबधं पद्धनत प्रमाणि के प्रमाणपत्र धारक की ब् यरू ो की सचू ी में प्रमाणपत्र की सख्ं यांक र्ा े धारक का अिपतए पता प्रमाणपत्र और अधधकार सचू ीबद्ध ाकेये जा । आई स ------ के अिसए ार ------------- प्रबधं पद्धनत के अधीि उक् त ठदये गय े पत े पर केर् प्रमाणपत्र धारक द्र्ारा से उत् पाद र्/ं या सेर्ाओ ं या प्राक्रयाओ ं को निशमतव ाकया/उप ब्ध कराया/च ाया जायेगा। प्रमाणपत्र उक् त अधधनियम और उिके अधीि नियम तथा वर्नियम के सबं धं धत उपबधं के अध् यधीि प्रमाणपत्र धारक को मजं ूर ाकया गया ुा/पिए : प्रमाणि ठदया गया ुा तथा उक् त सदं शभतव प्रमाणपत्र को इसके अधीि िाशसत ाकया जाता ुा तथा प्रमाणपत्र धारक उक् त नियम और वर्नियम सठुत पा ि ाकये जािे के श प्रनतज्ञाबद्ध ुैं। यु प्रमाणपत्र तारीख -------------- से तारीख ----------------- तक वर्धधमान् य रुेगा और वर्नियम में यथा वर्ठुत पिए : प्रमाणि ाकया जा सकेगा । आज तारीख ------------- ठदि --------------- को ुस् तािररत/मरए ांाकत ाकया गया। कृत े भारतीय मािक ब् यरू ो पदाशभठुत प्राधधकारी का िाम और ुस् तािर प्रमाणपत्र स.ं ---------------- की अिसए चू ी ----------------- को जारी ाकया गया उत् पाद और सेर्ा/प्राक्रया और ्जसके सबं धं में फम व को प्रमाणपत्र अिदए त् त ाकया गया ुा/पिए : प्रमाणि ठदया गया ुा: --------------- प्रबधं पद्धनत प्रमाणि ुेत ए कृत े भारतीय मािक ब् यरू ो पदाशभठुत प्राधधकारी का िाम र् ं ुस् तािर"
228,1,"स् कीम–IV क्रकसी भी मानक क ुनूसार िस्तूओं ं और सामानों क ललए ुनूरुाता प्रमा ात्र की मंजूरी क ललए ुनूरुाता मूल्यांकन स् कीम नुनूसूची–I क टाईा ‘ड़’ क ुनूसार स् कीम ार आधााररत) निषय क्ष त्र 1. इस स्क ीम क ुधाीन ज( क्रक टाईा ‘ड.’ ार आधााररत है मालों और िस्तूओं ं ह तू ब्यूर( द्िारा ुनूपताता प्रमा ात्र दिया जा सक गा, प्जस इसमें इसक ाश् चात उत्ााि कहा गया है प्जसका उत् ाािन क्रकसी रनमाण ाररसर में क्रकया गया है और निरनदिणष् ट ुा क्षाओं ं यथा लागू मानक या मानक क भाग या ुरनिाय ण ुा क्षाओं ं, क ुनूपता हैं। स्ाष्टीकर – उा–ाैरा (1) क प्रय(जन ह तू ऐसा निरनमाण ाररसरनरोंव आि िक द्िारा स्िालमत्ि िाला या ुन् यथा ह( जहा क्रक रनमाण का भाग तैयार क्रकया जाता है तथा जहा ुनप्न्तम निरनमाण गरतनिधधा की जाती है और जहां ुनूरुाता प्रमा ात्र प्रयूक्त क्रकया जाना है। 2 ुनूरुाता प्रमा ात्र ाैरा 3 में निरनदिणष्ट प्रक्रियाओं ं क ुनूसार ुनूित् त क्रकया जाएगा। ाररभाषाऍ ं 2 (1) “रनरीक्ष और ारीक्ष य(जना” स निरनमाणता द्िारा ुानाई जान िाली ऐसी य(जना, ज( उत्ाािन प्रक्रिया में लभन्न-लभन्न स्तरों ार रनयंत्र रखन क ललए यह य(जना रनयंत्र क स्तर निरनदिणष्ट करती है और रनरीक्ष और ारीक्ष की आिती क( इस प्रकार सूरनप्श्चत करना क्रक ुनंरतम उत्ााि मानक/मानकों या मानक क भाग में िी गई निरनदिणष् ट ुा क्षाओं ं या आिश् यक ुा क्षाओं ं, यथाप्स्थरत क ुनूरुा ह(। 2) “ततृ ीय ाक्षकार प्रय(गशाला” स स् थानात, ुनूरक्षक्षत या मान्यता प्रातत प्रय(गशालाऍ ं या ब्यूर( द्िारा ाैनलीकृत सरकारी प्रय(गशालाऍ ंतथा ब्यूर( की कायकण ारी सलमरत द्िारा निरनप्श्चत क(ई प्रय(गशाला ुलभप्र त है । स् कीम की प्रक्रिया 3 न1व चयन: नकव निरनमाण कताण रनम्नललखखत की ाहचान कर गा: i) मानक या उसक भाग में िी गई निरनदिणष् ट ुा क्षायें या आिश्यक ुा क्षायें यथा लाग ू और उत्ााि स संबद्धा प्जसक ललए ुनूरुाता प्रमा ात्र प्रातत करना ुा क्षक्षत है; ii) उस स् कीम क साथ उााबंधा प्रपता–I में निरनमाण ाररसर में उालब्धा मशीनरी और एक सूची तैयार की जाएगी और यदि निरनमाण गरतनिधधा का क(ई भाग आउटस(स ण क्रकया जाता है त( उस गरतनिधधा ह तू प्रयक्ू त मशीनों क ब् यौर ाथृ क प्रपता में उािलशतण क्रकए जायेंग ;"
229,1,"iii) भारतीय मानक क ुनूसार ारीक्ष करन क ललए ुा क्षक्षत ारीक्ष उाकर तथा उस स् कीम क साथ उााबंधा प्रपता–II में उालब्धा उास् करों की एक सूची तैयार करें। iv) कारखाना क बाहर ारीक्ष सूनिधाायें जहा ारीक्ष क्रकया जाता है प्जसका ारीक्ष निरनमाण कताण ुाना यहा करन में ुसमथ ण ह(, त( उसकी सूचना ब् यूर( क( िें। खव उा-ाैरा नIव क खडं नivव क मामल में आंतररक ारीक्ष सूनिधाा में छूट का ुरं तम रन यण ब्यूर( द्िारा ललया जाएगा; a. ारीक्ष ह तू ुा क्षक्षत नमूनों की न्यूनतम संख्या निरनमाणता द्िारा उत्ााि की प्रकृरत ुनूरुाता प्रमा ात्र क िांरछत निषय क्ष त्र या नमूनों संबंधाी दिशारनिेशों क ुनूसार, क( ध्यान में रखत हूय रनप्श्चत क्रकया जाएगा; ारंत,ू यदि ब्यूर( की ि बसाईट ार नमूनों संबंधाी दिशारनिेश उालब्धा हों, त( उनका निरनमाणता द्िारा ुनूाालन क्रकया जाएगा। घव इस स् कीम क साथ उााबंधा प्रपता–III में रनरीक्ष और ारीक्ष स् कीम निरनमाण कताण द्िारा तैयार की जाय गी प्जस िह ुान िैरनक उत्ाािन में कायाणप्न्ित करना प्रस्तानित कर गा, ताक्रक ुनंरतम उत्ााि निरनदिणष् ट ुा क्षाओं ं क ुनूरुा ह(। ड़व निरनमाण कताण सूरनप्श्चत कर गा क्रक निरनदिणष् ट ुा क्षाओं ं की ुनूरुाता ह तू उत्ााि का ारीक्ष क्रकया गया है और इस स् कीम क साथ उाबंधा प्रपता-IV में ारीक्ष ररा(टण तैयार कर गा। चव निरनमाण कताण इस स् कीम क साथ उााबंधा प्रपता-V में ुनूरुाता प्रमा ात्र की मंजूरी ह तू आि िन कर सक गा और ब्यूर( रनम्नललखखत प्रक्रिया में स क्रकसी एक या उनमें स क्रकसी का संलमश्र ुनूरुाता प्रमा ात्र ुनूित् त करन क ललए ाालन कर गा, ुथाणत:् (i) (I) आि िक आि िन क साथ मानक या उसक भाग में िी गई निरनदिणष् ट ुा क्षाओं ं या आिश् यक ुा क्षाओं ं की ततृ ीय ाक्षकार प्रय(गशाला द्िारा जारी की गई ाू ण ारीक्ष ररा(टण ि गा; नII) यदि कूछ निशष ुा क्षाओं ं क ललए प्जसक ललए ततृ ीय ाक्षकार प्रय(गशाला में ारीक्ष सूनिधााओं ं की उालब् धाता नहीं ह(न क मामल में कारखाना ारीक्षक्षत उन ुाक्ष ाओं ं ार निचार क्रकया जा सक गा; (III) ब्यूर( उत्ाािन प्रक्रिया क सत्याान और ततृ ीय ाक्ष प्रय(गशाला ारीक्ष क ललय गय नमूनों क सत्याान ह तू कारखान क िौर की व् यिस् था कर गा; (IV) सत् याान नमून की ारीक्ष ररा(टण क ललए प्रतीक्षा क्रकय बगैर ुनूरुाता प्रमा न ुनूित् त क्रकया जाएगा; (V) ुनूरुाता प्रमा न का ाूननिलण (कन ारीक्ष ररा(टण की प्राप्तत ार की जाय गी;"
230,1,"ii) I) ब्यूर( उत्ाािन प्रक्रिया और उत्ााि क ाररक्ष का सत्याान करन क ललए कारखाना क िौरों की व्यिस्था कर गा । II) ुनूरुाता प्रमा ात्र कारखाना में नमूनों क ारीक्ष क आधाार ार ुनूित् त क्रकया जाएगा; छव निि शी निरनमाणताओं ं क मामल में भारत में रहन िाल प्राधधाकृत भारतीय प्ररतरनधधा का इस स्क ीम क साथ उााबंधा प्रपता–VI में नाम निरनदिणष् ट क्रकया जाएगा। न2व रनधााणर – नकव ब्यूर( आि िन प्राप्तत ार ारीक्षा कर गा क्रक आि िन ात्र क साथ सभी ुा क्षक्षत िस्ताि ज जमा क्रकय गय है। नखव खडं नकव क ुधाीन यदि आि िन ात्र ाू ण है, त( ब्यूर( आि िक क साथ ारामश ण करक कारखाना क िौर की तारीख रनप्श्चत कर गा; नगव कारखाना िौर क िौरान ब्यूर( द्िारा रनम्नललखखत कायकण लाा क्रकए जाएंग ुथाणत:्- i) निरनमाण कताण द्िारा जमा िस्ताि जों का सत्याान; ii) रनरीक्ष और ारीक्ष य(जना की ायाणतत ता संबंधाी चचाण; iii) रनरीक्ष और ारीक्ष य(जना में यथा प्रस्तानित निलभन्न चर ों ार ुभ्यस्थ क स्तरों सदहत कारखाना नक् शा और रनमाण प्रक्रिया का सत्याान; iv) निरनमाण मशीनरी और ारीक्ष उास् कर गू ता रनयंत्र प्रभारी व्यप्क्तनयोंव की िक्षता भंडार सूनिधाा और आर(ग् य संबंधाी व् यिस्थायें यदि लागू ह(, सदहत उालब्धा ढांचागत सूनिधााओं ं का सत्याान; v) ारीक्ष उास् कर की ुशं ाकन प्राप्स्थरत का सत्याान; vi) मानकनकोंव या उसक भाग में िी गई निरनदिणष् ट ुा क्षाओं ं या आिश् यक ुा क्षाओं ं का ारीक्ष । vii) उा-ाैरा न1व क खडं नङव क उा–खडं नi) या ुन्यथा यथा ुा क्षक्षत, मामल में ततृ ीय ाक्षकार प्रय(गशाला ारीक्ष ह तू नमून ल ना । (घ) उप-पारा (1) के खडं (ड) के उप-खडं (i) के अिएसार अिएपतपता प्रमाणपत्र अिएदत् त ाकये जािे के माम े में सी अपेिाओं का परीिण ाकया जा गा, ्जसके श परीिण सएवर्धायें ाकसी भी ततृ ीय पिकार प्रयोगिा ा में उप ब्ध िुीं ुैं; (ड) उप-पारा (1) के खडं (ड) के उप-खडं (ii) के अिएसार अिएरुपता प्रमाणपत्र अिएदत् त ाकया जाता ुा, तो पूण व कारखािे का परीिण ाकया जा गा; च) आर् भक निरीिण के दौराि पाई गई ाकसी अपयावप्त ता/कमी इस स् कीम के साथ सं ग् ि प्रपतप-VII में वर्निमावताओं को श िखत में संसूधचत की जायेगी। (3) पएिवर् व ोकि- (क) पारा 3 के उप-पारा (2) के खडं (ग) के अधीि कारखािा दौर की ररपोटव का निठदवष् ट कायकव ाप के आधार पर पएिवर् व ोकि ाकया जायेगा।"
231,1,"(ख) उत् पाद के परीिण पररणाम की सटीकता और मािक या उसके भाग में दी गई वर्निठदवष् ट अपेिाओं से अिएपतपता का पएिवर् व ोकि ाकया जायेगा । (4) निणयव अिएपतपता प्रमाणपत्र अिएदत् त करिे संबंधी निणयव त ब श या जायेगा, जब ब् यूरो संतएष् ट ुो ाक वर्निमावणकताव के पास निरंतर आधार पर वर्निमावण गएणता उत् पाद के श आर्श् यक ा ांचा और वर्निठदवष् ट अपेिाओं के अिएसार उत् पाद की अिएपतपता के परीिण पररणाम उप ब् ध ुैं। (5) अिएप्रमाणि- (क) ब् यूरो अिएपतपता प्रमाणपत्र का वर्िय िेत्र, अिएपतपता प्रमाणपत्र की संख् या, वर्निमावणकताव का पता तथा अिएपतपता प्रमाणपत्र की वर्धधमान् यता उपदशितव करते ुए इस स् कीम के साथ उपाबंध प्रपतप-VIII में अिएपतपता प्रमाणपत्र जारी करेगा। (ख) वर्देिी वर्निमावताओं के माम े में ब् यरू ो क सौ पतपये के गार-न्य ानयक स् टा प पेपर पर अिएपतपता प्रमाणपत्र अिएदत् त करिे के श करार और स यक पतप से निष्प ाठदत िनतपूनत व बंधपत्र, वर्देिी वर्निमावता या उसके प्राधधकृत भारतीय प्रनतनिधध, यथा ्स्थनत, द्र्ारा जमा ाकया जा गा । (ग) वर्देिी वर्निमावता भारतीय ररजर् व बकैं द्र्ारा अिएमोठदत भारत में िाखा र्ा े ाकसी भी बकैं द्र्ारा जारी दस ुजार यू स ड र की क संपादि बकैं गारंटी (पीबीजी) जमा की जायेगी। (6) निगरािी: (क) ब् यरू ो प्रमाणपत्र धारक के पररसर में पूर् व सूचिा देकर या पूर् व सूचिा ठद बबिा निगरािी कर सकेगा; (ख) निरीिण करिे की आर्श् यकता उत् पाद से जडए े जोिखम को ध् याि में रखकर की जायेगी और से निरीिण में पाई गई शभन्ि ता को इस स् कीम से उपाबंध प्रपतप-VII में अिएपतपता प्रमाणपत्र धारक को संसूधचत ाकया जायेगा; (ग) ब् यरू ो परीिण ुेतए निरीिण के दौराि िमूिे े सकेगा; (घ) ब् यरू ो बाजार से िमूिे े सकेगा और परीिण अिएरोध के साथ तीसरे पिकार की प्रयोगिा ा को परीिण ुेतए िमूिे भजे सकेगा तथा यठद बाजार से िमूिे ेिा ाकसी भी कारण से संभर् िुीं ुो, तो िमूिे प्रेिण-बबदं ए से श ये जा सकेंगे; (ङ) जब प्रिे ण-बबदं ए से भी िमूिे ेिा संभर् ि ुो तो अधधमान् यत: संगठित क्रेताओं से फीडबाक ी जायेगी।"
232,1,"लशकायत 4. (1) ब् यरू ो, अिएपतपता प्रमाणपत्र के अतं गतव आिे र्ा े उत् पाद की गएणता संबंधी प्राप् त ाकसी शिकायत को अशभप्राप् त करेगा तथा उसका अन् र्ेिण करेगा। (2) शिकायत समापि करिे की कारवर्ाई 90 ठदि के भीतर, परीिण के समय को छोडकर, जु ं उत् पाद का परीिण अन् तर्शव त ुा, पूरी की जायेगी। फीस 5. (1) आर्ेदि फीस और िर्ीकरण आर्ेदि प्रत् येक क ुजार पतपये ुोगी। (2) अिएपतपता प्रमाणपत्र के प्रयोग ुेतए र्ाविकव अिएपतपता प्रमाणपत्र फीस का अधर्ग्म पतप से भएगताि ाकया जायेगा, जो बड े उद्योग ुेतए पचास ुजार पतपये प्रनत र्ि व ुोगा: परंत,ए सू् म घए और मध् यम उद्यम को बीस प्रनतित की छूट दी जायेगी। स् पष् टीकरण- इस परंतएक के प्रयोजि के श सू् म, घए र् ं मध् यम उद्यम का र्ुी अथ व ु गे, जो उिके सू् म, घए और मध् यम उद्यम वर्कास अधधनियम 2006 (2006 का 27) में ुैं । (3) यठद अिएपतपता प्रमाणपत्र रद्द ाकया जाता ुा तो र्ाविकव अिएपतपता प्रमाणपत्र फीस र्ापस िुीं ौटाई जायेगी। (4) कायिव ेत्र के वर्स् तार के माम े में, प चं ुजार पतपये की राशि, प्रनत पष्ृ िांकि प्रभाय व ुोगी। (5) निगरािी निरीिण या शिकायत अन् र्ेिण ुेतए ाकये गये निरीिण से शभन् ि ाकसी भी प्रकार के निरीिण के श आर्ेदक से सात ुजार पतपये प्रनत ठदि निरीिण फीस ी जायेगी; (6) निगरािी या शिकायत अन् र्ेिण ुेत ए श गये िमूि के परीिण फीस और िमूि की ागत आर्ेदक या अिएपतपता प्रमाणपत्र धारक द्र्ारा र्ुि की जायेगी। ल बललगं और धचन्ह ांकन ुा क्षायें 6 (1) प्रत् येक उत् पाद या पाकेज, यथा ्स्थनत, अिएपतपता प्रमाणपत्र संख् या के साथ धचन्ु ांाकत ाकया जा गा। (2) मािक की अपेिाओं के अिएसार, उत् पाद ब् यौरे, ्जसमें ाकस् में, ट या बाच संख् या, वर्निमावण की तारीख या सप् ताु, वर्निमावता का पूरा पता स् मश त ुो सकेगा और उत् पाद या पाके्जंग पर धच्न्ुत ुोगा या उत् पाद से सं ग् ि ेब में अतं वर्ष्व ट ुोगा।"
233,1,"(3) धचन्ु ांकि ब् यौरे में ब् यूरो की र्ेबसाइट का अतं वर्ष्व ट ुोगा, तााक उपभोक् ता उत् पाद की प्रामािणकता का सत् यापि कर सकें। (4) यठद अिएपतपता प्रमाणपत्र संख् या को र्ास् तवर्क पतप में उत् पाद या पाके्जंग िुीं गाया जा सकता ुा तो इसे परीिण प्रमाणपत्र पर ठदया जायेगा । (5) ाकसी भी वर्निठदवष् ट उत् पाद ुेतए, अनतररक् त ेबश गं और धचन्ु ांकि अपेिायें ब् यूरो द्र्ारा वर्निठदवष् ट की जा सकेंगी, ्जिका प्रमाणपत्र धारक अिएपा ि करेगा । ुनूपताता प्रमा ात्र की शत ें 7 अिएपतपता प्रमाणपत्र की ित त इि वर्नियम के वर्नियम 14 के उपबंध के अिएसार ु गी। ुनूरुाता प्रमा ात्र की निधधामान् यता 8. (1) अिएरुपता प्रमाणपत्र, प्रारंभ में अर्धध, जो क र्ि व से कम की ि ुो और अधधकतम दो र्िों तक के श ठदया जा गा। 2) अिएरुपता प्रमाणपत्र का िर्ीकरण क र्ि व की अर्धध और अधधकतम प चं र्ि व तक के श ाकया जा सकता ुा। ुनूरुाता प्रमा ात्र का निीकर 9.(1) अिएरुपता प्रमाणपत्र के िर्ीकरण के श आर्ेदि इस स् कीम के साथ उपाबद्ध प्रपतप– IX में अिएरुपता प्रमाणपत्र की समा्प्त के तीि मास पूर् व आर्ेदि ाकया जा गा। (2)ब्यूरो, इस स्क ीम से उपाबद्ध प्रपतप–x में अिएरुपता प्रमाणपत्र को िर्ीकृत करेगा। (3)अिएरुपता प्रमाणपत्र का िर्ीकरण इऩ वर्नियम के वर्नियम 16 के अिएसार ाकया जायेगा। ुनूरुाता प्रमा ात्र क निषय क्ष त्र में ाररितनण 10. (1) अिएरुपता प्रमाणपत्र के वर्िय िेत्र में पररर्तिव के श ब् यूरो को प्रपतप–XI में पारा 5 के उप-पारा (4)में वर्ठुत फीस के साथ ाकया जा गा । (2)अिएरुपता प्रमाणपत्र के वर्िय िेत्र में वर्स्तार ुेतए, आर्ेदि या तो तीसरी पि की प्रयोगिा ा द्र्ारा जारी उत्पाद परीिण ररपोटव या ब् यूरो को उत्पाद परीिण ुेतए िमूिे ेिे के अिएरोध के साथ ाकया जा गा । (3)ब्यूरो, प्रपतप-XII में अिएरुपता प्रमाणपत्र के वर्िय िेत्र में पररर्तिव करेगा ।"
234,1,"रनलम्बन 11. (1) यठद ाकसी भी समय अिएपतपता प्रमाणपत्र के अतं गतव आिे र्ा े उत् पाद की वर्निठदवष् ट अपेिाओं की अपयावप्तता बिा रखिे में कठििाई ुोती ुा या कोई भी परीिण उपस् कर खराब ुो जाता ुा या प्राकृनतक आपदा जासे बाा , आग, भूक प, प्रबंध द्र्ारा घोवित ता ेबंदी या क सिम न्य ाया य या कािूिी प्राधधकारी द्र्ारा निदेशित संचा ि के समापि के कारण ुोता ुा, अिएपतपता प्रमाणपत्र धारक अपिे प्रमाणपत्र का स् र्त: नि बि करेगा र्ं ब् यूरो को सूधचत करेगा; (2)जासे ुी कशमय को ुटा ठदया जाता ुा, नि बि को र्ापस ाकया जा सकता ुा और इसकी जािकारी ब्यूरो को तएरंत सी र्ापसी की तारीख से सात ठदि के अपश् चात भेजी जायेगी। (3)अिएरुपता प्रमाणपत्र धारक स् र्यं िये पररसर में वर्निमावण इकाई को े जािे पर ब्यूरो को सूधचत करते ुएये उसका प्रयोग स् र्यं नि ंबबत करेगा। (4) ब्यूरो द्र्ारा पएरािे पररसर के सत्यापि और िये पररसर पर उत्पादि प्राक्रया के सत्यापि के पश् चात नि बि की र्ापसी की जा सकेगी । (5) (क) ब्यूरो, अिएरुपता प्रमाणपत्र को नि ंबबत कर सकेगा और ाकसी भी समय इसके प्रयोग को रोकिे के श अिएरुपता प्रमाणपत्र धारक को निददेशि दे सकेगा । यठद ाकसी भी समय, अिएपतपता के अतं गतव आिे र्ा े प्रमाणपत्र में दी गई वर्निठदवष् ट अपेिाओं के गार-अिएरुपता का पयावप्त सा्य ुा, से ाकसी सा्य में नि िश िखत में कोई क या अधधक स् मश त ुो सकता ुा, ाकन् तए यु नि िश िखत तक सीशमत िुीं ुा, अथावत:् (i) उत्पाद की गातार गार-अिएरुपता को उपदशितव ुए परीिण ररपोटव; (ii) वर्निमावता की निरीिण और परीिण योजिा के कायन्व र्यि में मएख् य त्रठए टय का पाया जािा; (iii) ब्यूरो के पूर् व मूलयांकि के बबिा वर्निमावण प्राकया में प्रमएख संिोधि; (iv) बबिा सूचिा के िये पते पर वर्निमावण इकाई को े जािा; (v) बबिा सूचिा के छु मास से अधधक के श वर्निमावण इकाई को बंद रखिा; (vi) समय समय पर ब्यूरो द्र्ारा जारी निददेशि का गार अिएपा िा।"
235,1,"(ख) अिएरुपता प्रमाणपत्र धारक ्जसका अिएरुपता प्रमाणपत्र नि ंबि के अधीि रखा गया ुो, प्रमाणपत्र का उपयोग तथा प्रमाणपत्र के अतं गतव आिे र्ा े उत्पाद का प्रेिण बंद कर देगा और ब्यूरो को इस संबंध में तएरंत पए्ष्ट देगा । ग) ब्यूरो, सएधारात्मक कारवर्ाईय के सत्यापि के श कारखािा का दौरा कर सकेगा और स्र्यं की संतए्ष्ट के बाद नि ंबि को खत्म करिे की अिएमनत दे सकेगा : (i) सएधारात्मक कारवर्ाई कर ी गई ुा, और (ii) वर्निठदवष् ट अपेिाओं के अिएपतप उत्पाद की अिएपतपता का पयावप्त सा् य उप ब्ध करा ठदया ुाI (6) ब्यूरो, इक् कीस ठदि का िोठटस जारी करके अिएपतपता प्रमाणपत्र का नि ंबि कर सकेगा और जब आर्ेदक द्र्ारा अपेक्षित फीस प्रदत् त ि की गई ुो, तो अिएपतपता प्रमाणपत्र के प्रयोग को रोकिे के श धारक को निददेशि दे सकेगा । 7. ब्यूरो, बकाया देय प्राप्त ुोिे पर उप पारा (6) के अधीि जारी नि ंबि को रद्द कर सकेगा। अिएपतपता प्रमाणपत्र को रद्द करिा 12 .ब्यूरो, इि वर्नियम के वर्नियम 19 के अिएसार अिएपतपता प्रमाणपत्र रद्द कर सकेगा ।"
236,1,"प्रपता - I ( स् कीम iv के परा ा 3 के उप-परा ा (1 ) के खंड (क) का उपखण्ड (ii ) देिख ) वर्निमावण मिीिरी स बन्धी घोिणा कोई प्रवर््ष्ट काटी ि जा 1.अिपतए पता आर्दे ि/प्रमाणपत्र सख्ं या : 2.िाम/पता : क्र.स.ं मिीिरी मेक/पुचाि स ं प्रनतठदि उत्पादि सख्ं या ठटप्पणी िमता, यठद ाग ू ुो ठटप् पण: यठद अपेक्षित ुो, तो अनतररक् त पन्ि ा स ं ग् ि करें। म ैं घोिणा करता ुू ाक ऊपर ठद ग ब् यौरे र्ा ी मिैं े अपिे निरीिण के दौराि उपरोक्त उ्ल िखत मिीिरी ुमारे पास उप ब्ध ुा । मिीिरी की उप ब्धता का सत्यापि ाकया ुा । म ैं यु भी घोिणा करता ुू ाक जब भी ाकसी कारणर्ि कोई मिीिरी उप ब् ध िुीं ुोती ुा, तो भारतीय मािक ब्यरू ो के प्रमाणि अधधकारी के म ैं भारतीय मािक ब् यरू ो को पर्ू व सचू िा भेज ूगा। ुस्तािर : फम व के प्रनतनिधध के ुस्तािर : िाम - _________________ पदिाम - िाम सत्यापि तारीख - पदिाम तारीख * यठद वर्निमाणव गनतवर्धध का कोई भाग आउटसोस व ाकया जाता ुा तो आउटसोस व गनतवर्धध ुेत ए प्रयक्ए त मिीिरी के ब्य ौरे आउटसोस व पररसर के परू े पत े के साथ अ ग प्रपतप में दशितव ाक जायगें े ।"
237,1,"प्रपता - II ( स् कीम IV क ारै ा 3 क उा-ारै ा न1 ) क खंड नकव का उाखण्ड नiii ) ि खखए व ारीक्ष उास्क र सम्बन्धाी घ(ष ा कोई प्रवर््ष्ट काटी ि जा 1. अिपतए पता आर्ेदि/प्रमाणपत्र सख्ं या : 2. िाम/पता : क्र. परीिण उपस्कर/ न्यिू तम गणिा वर्धधमान्य प्रयक्ए त ठटप्पिणया ं स.ं रसायि और पुचाि और रेंज अिं ांकि परीिण का (उपस्कर की सख्ं यांक (जुा ाग ू (जुा ाग ू ुो) (जुा अपेक्षित ुो) खंड सन्दभ व सख्ं या ुो) ुा /िुीं उपदशितव करें।) िोट: यठद अपक्षे ित ुो तो अनतररक् त पन्िा स ं ग्ि करें। म ैं घोिणा करता ुू ाक परीिण करिे र्ा े उपस्कर मिैं े अपिे निरीिण के दौराि उपरोक्त उ्ल िखत ्जिके ब्यौरे ऊपर ठद ग ुा ुमारे पास उप ब्ध परीिण करिे र्ा े उपस्कर की उप ब् धता का ुैं। सत्यापि ाकया ुा । म ैं यु भी घोिणा करता ुू ाक जब भी ाकसी कारण से कोई परीिण उपस्कर उप ब्ध िुीं ुए , भारतीय मािक ब्यरू ो के प्रमाणि अधधकारी के तो म ैं भारतीय मािक ब् यरू ो के पास पर्ू व सचू िा ुस्तािर : भेज ूगा। फम व के प्रनतनिधध के ुस्तािर : िाम _________________ पदिाम िाम पदिाम सत्यापि तारीख तारीख"
238,1,"प्ररुा–III स्कीम IV क ारै ा न3व क उा-ारै ा न1व का खंड नङव ि खखएव रनरीक्ष और ारीक्ष स्कीम नएसआईटीव आर्ेदक/प्रमाणपत्र धारक का िाम: म0ा आर्ेदि/ अिपतए पता प्रमाणपत्र सख्ं या : आर्ेदक/प्रमाणपत्र धारक का पता : आर्श्यक अपेिा ं : उत् पाद------------ सआईटी स0ं ----------- परीिण ब्यौरे नियत्रं ण का स् तर* ठटप् पिणया क्रम अपेिाऍ ं परीिण पद्धनत िमिू की सख्ं या ौट आर्ती स.ं खंड सदं भ व साईज ठटप्पण : यठद अपेक्षित ुो, तो अनतररक् त पन्िा स ं ग्ि करें। * नियत्रं ण का स् तर से उपरोक्त सारणी में उ्ल िखत निरीिण और परीिण अशभप्रेत ुैं जो से सभी उत्पाद की मात्राओं पर जो स्कीम–IV में भारतीय मािक ब् यरू ो के अधीि उत्पाद प्रमाणि के श प्रस्तावर्त ुैंन पर ाक जा गं े और समधए चत ररकाड व रख े जा ंगे। फम व की मुए र ुस् तािर िाम पदिाम तारीख"
239,1,"प्ररुा– IV नस्कीम– IV क ारै ा 3 क उा-ारै ा न1व का खंड नङवि खखएव ारीक्ष ररा(टण आर्ेदक/प्रमाणपत्र धारक का िाम: म0ा : आर्ेदि/ अिपतए पता प्रमाणपत्र सख्ं या : अिपतए पता प्रमाणपत्र की वर्धधमान्यता..........तक आर्ेदक/प्रमाणपत्र धारक का पता : उत् पाद : श्रेणी/प्रकार/ाकस् म/र्ग व आठद घोवित माि, यठद कोई ुो खेप/ ट स0ं क्रम स.ं : वर्निमावण की तारीख : अन् य कोई जािकारी : परीिण आर भ करिे की तारीख : परीिण परू ा करिे की तारीख : क्रम परीिण खंड/ सदं भ व वर्निठदवष्ट सप्रं ेिण ठटप् पिणयां स.ं आर्श्यक अपेिा, यथा ाग ू अपेिा ठटप्पण : यठद अपेक्षित ुो, तो अनतररक् त पन्िा स ं ग्ि करें। ऊपर उ्ल िखत िमिू े ुमारे पररसर में वर्निशमतव और परीक्षितन मािक(क )/मािक(क ) की अपेिताओं की अिरुए पता र्ा े/गरा -अिपतए पता र्ा े ुैं। फम व की मुए र ुस् तािर िाम पदिाम तारीख"
240,1,प्ररुा–V नस्कीम– IV क ारै ा न3व क उा-ारै ा न1व का खंड ननचव ि खखए व भारतीय मानक ब्यरू ( उत्ााि प्रमा न स्कीम ुनपतू ाता प्रमा ात्र ुलभप्राप्तत क ललए आि िन फम व का परू ा िाम पता दरू भाि कायाव य फाक् स र्ग्ाम/िुर ्ज ा राज्य देि वपिकोड ई-मे पता दरू भाि कारखािा फाक् स र्ग्ाम/िुर ्ज ा राज्य देि वपिकोड ई-मे िाम पदिाम िाम पदिाम प्रबधं ि 1 1 2 2 प्रबधं ि गणए ता नियत्रं ण प्रभारी 3 3 4 िाम दरू भाि ई-मे
241,1,सपं कव व्य्क्त स् तर बडा पत्राचार का पता कायाव य सक्े टर ोक म स मई कारखािा प्राईर्ेट यु आर्ेदि अिपतए पता प्रमाणपत्र की अशभप्रा्प्त के श ाकया जा रुा ुा उत् पाद : अपेिा ं सदं भ व वर्निठदवष् ट अपेिा ं उत् पादि की इकाई र्तमव ाि सस्ं थावपत मात्रा मलए य (पत) िमता फीस के ब्यौरे रकम (रु.) बीजक सख्ं या तारीख के साथ
242,1,"फम व की मरए ा फम व का स्थाई खाता स.ं ुस्तािर िाम पदिाम आर्ेदि की तारीख डी आई ि स.ं (निदेिक के माम े में ) स्थ. खा. स.ं (अन्य माम में) मुत्त्र्पणू व : आर्दे ि फम व के म.एका.अ. (मख्ए य कायकव ारी अधधकारी) या उसकी अिपए ्स्थनत में प्राधधकृत प्रनतनिधध द्र्ारा ुस्तािररत ुोिा चाठु । नि िश िखत दस् तार्ेज की उप ब् धता उपदशितव करें: ये दस्तार्ेज आर्दे ि के साथ प्रस्ततए ाक जािे अपेक्षित ुैं क्रम दस्तार्ेज ु /ंिुीं/ ाग ू सख्ं या िुीं ुोता 1 कारखािा का िाम और पत े का सबतू (फम व र्जस्ि ार से प्रमाणपत्र या उद्योग निदेिा य से प्रमाणपत्र या औद्योधगक केन्र का प्रमाणपत्र अिच्ए छेद ज्ञापि या वर्धधमान्य प्टा वर् खे ,पररसर में फम व का काििू ी अधधभोग दशितव करिे र्ा ा आठद) 2 वर्धधमान्य म स मई प्रमाणपत्र, यठद ाग ू ुा 3 प्राधधकृत प्रनतनिधध पत्र, आर्ेदि म.एका.अ. के अनतररक्त ाकसी अन्य व् य्क्त द्र्ारा ुस्तािररत ाक जािे के माम े में 4 वर्निमावण प्राक्रया प्रर्ाु चाटव 5 वर्निमावण मिीिरी सचू ी 6 क् या, ाकसी वर्निमाणव कारी प्रचा ि को आउटसोस व ाकया गया ुा 7 वर्निमावणकारी प्रचा ि के आउटसोशसगिं का करार यठद ाग ू ुा 8 परीिण उपस्कर सचू ी 9 कारखािा के बाुर परीिण व्यर्स्था 10 परीिण उपस्क र का वर्धधमान्य अिं ाकि प्रमाणपत्र 11 आंतररक परीिण ररपोटव 12 ततृ ीय पि प्रयोगिा ा परीिण ररपोटव, यठद ाग ू ुो ठटप् पण : अधधक ब्यौर के श कृपया ुमारी बीआई स र्ेबसाइट /https://www.bis.gov.in/देखें ।"
243,1,"प्ररुा–VI नस्कीम– IV क ारै ा न3व क उा-ारै ा न1व का खंड नछव ि खखएव निरनमाणताओं ं द्िारा नामांकन ह त ू प्ररुा सेर्ा में, मुानिदेिक, भारतीय मािक ब् यरू ो, 9, बुादरए िाु जफर माग,व िई ठदल ी – 110002 वर्िय : प्राधधकृत भारतीय प्रनतनिधध का िामाकं ि । मुोदय/मुोदया, भारतीय मािक ब्यरू ो (अिपतए पता मलू यांकि) वर्नियम, 2018 की स्कीम–IV के ारै ा 3 के उप–ारै ा (1) के खंड (छ) के निबधं ािसए ार, ुमन म0ा --------------न वर्निमावता श्री/श्रीमती ------------------------ सपए त्रए /सपए त्रए ी ------------------ निर्ासी -------------------- भारत को अपिा प्राधधकृत भारतीय प्रनतनिधध के पतप में िाम निठदवष् ट र् ं नियक्ए त करत े ुैं। श्री/श्रीमती-----------------न अिरुए पता प्रमाणपत्र की ितो और निबधं ि के अिपए ा िाथ व भारतीय मािक ब्यरू ो (अिरुए पता मलू यांकि) नियम, 2018 की स्कीम IV के परा ा 3 के उप-परा ा (1)के खंड (छ) के अधीि तथा भारतीय मािक ब्यरू ो अधधनियम 2016न नियम और वर्नियम के उपबधं ो के भी अधीि ुमारी ओर स े कृत और ्ज मेर्ार व्य्क्त रुेंगे। प्ररुप पर अिरुए पता प्रमाणपत्र की ितो और निबधं ि की सुमनत प्ए ष्ट के सांकेनतक ुस्तािर भी ुैं। कृपया यु सधू चत ाकया जाता ुा ाक प्राधधकृत भारतीय प्रनतनिधध के पि में िामाकं ि भारतीय मािक ब्यरू ो (अिरुए पता मलू यांकि) नियम 2018 की स्कीम IV के परा ा के उप- परा ा (1) के खंड (छ) की ितों के अिसए ार उिके स्थाि पर जब तक कोई अन्य व्य्क्त नियक्ए त िुी ाकया जाता ुा। तब तक इस अिरुए पता प्रमाणि के प्रयोजि के श बिा रुेगा। भर्दीय, प्राधधकृत भारतीय प्रनतनिधध के ुस्तािर ुस्तािर िाम : : िाम: पदिाम : पदिाम : स पकव वर्र्रण: स पकव वर्र्रण: मो0 ि0: मो0 ि0: ई0 मे : ई0 मे : पणू व डाक पता: तारीख: मुए र:"
244,1,प्ररुा–VII नस्कीम–IV क ारै ा 3 क उा-ारै ा 2 का खंड नघव ि खखएव भारतीय मानक ब्यरू ( ------------------------ शाखा कायाणलय ननिसगं रत-सह-ारामश ण ररा(टणव आि िक/प्रमा ात्र धाारक का नाम : म.ै आि िन/ ुनरुू ाता प्रमा ात्र की सख्ं या ुनरुू ाता प्रमा ात्र की निधधामान्यता............तक है िौरों की प्रकृरत नसत्याान/रनगरानी ुन्यव उत्ााि िौरों की तारीख िमांक निसगं रत/दिया गया ारामश ण आिश्यक ुा क्षाय ें या ुन्य क(ई सिं भ ण टीका/सहमत कारणिाई नप्रमा ात्र धाारक/आि िक द्िाराव मनैं इस ररा(टण की निषयिस्त ू क( ारू ी तरह I) मनैं इस ररा(टण की निषयिस्त ू क( ारू ी तरह स्ाष्ट कर दिया है। समझ ललया है। II) निसगं रत और सलाह ार कारणिाईयों की ाप्ू ष्ट भारतीय मानक ब्यरू ( क( --------- दिनों क भीतर की जाएगी। हस्ताक्षर : हस्ताक्षर : नाम: नाम: ािनाम : ािनाम : नभारतीय मानक ब्यरू ( क प्ररतरनधधाव नफम ण क प्ररतरनधधाव दटता : यह ारामश ण दिया जाता है क्रक फम ण इस ररा(टण क( ुनरुू ाता प्रमा ात्र की फाइल में आिश्यक ुनिू ती कारणिाई और भनिष्य क सिं भ ण ह त ू सलं ग्न करें ।
245,1,"प्ररुा–VIII नस्कीम–IV क ारै ा 3 क उा-ारै ा 5 का खंड नकव ि खखएव भारतीय मानक ब्यरू ( ुनरुू ाता प्रमा ात्र ुनरुू ाता प्रमा ात्र स0ं : भारतीय मानक ब्यरू ( ुधधारनयम 2016 (2016 क 11) द्िारा इस ार प्रित् त शप्क्तयों क आधाार ार ब्यरू ( ुनिू त्त करता है: म0ै ------------- नप्जस इसमें इसक ाश्चात ् प्रमा ात्र धाारक कहा हैव क( यह प्रमा ात्र, ज( क्रक यहा ार िी गई ुनसू चू ी क प्रथम स्तम्भ में रनदिणष्ट उत्ााि ह त ू तथा द्नितीय स्तम्भ में रनदिणष्ट निषयक्ष त्र क ललए ह,ैं ज( समय समय ार सशं (धधात या ानू रीक्षक्षत यथा उक्त ुनसू चू ी क द्नितीय स्तम्भ में स सिं लभतण निशष ुा क्षा/ओं ं क ुनरुू ा/ुनसू ार निरनलमतण हों। 2. इस ुनरुू ाता प्रमा ात्र की शततों क रुा में प्रमा ात्र धाारक की बाध्यताएं इसस उााबद्धा उााबधां ार िी गई है। यह प्रमा ात्र ुनसू चू ी में उप्ल्लखखत नाम कारखाना ाता तथा ुिधधा क ललए निधधामान्य रह गा और स्कीम में यथानिदहत निीकृत क्रकया जा सक गा। ुनसू चू ी नुनरुू ाता प्रमा ात्र स0ं --------------व नाम कारखाना ाता निधधामान्यता ------------------ स -------------------- तक उत्ााि ुनरुू ाता प्रमा ात्र का निषयक्ष त्र न1व न2व आज तारीख ----------- क ----------------- मास क .............. िष ण ---------------------- क( हस्ताक्षररत मद्ू ांक्रकत क्रकया गया। कृत भारतीय मानक ब्यरू ( ािालभदहत ुधधाकारी का नाम और हस्ताक्षर"
246,1,"उपाबधं (अिपतए पता प्रमाणपत्र की स0ं -----------) अिपतए पता प्रमाणपत्र की ित त 1. अिपतए पता प्रमाणपत्र का धारक वर्निठदवष्ट अपेिाओ ं के अिसए ार मा , र्स् तओए ,ं प्राक्रया, पद्धनत या सेर्ा में अिपतए पता के श उत् तरदायी ु ग,े ्जसके सबं धं में अिपतए पता प्रमाणपत्र जारी ाकया गया ुा। 2. अिपतए पता प्रमाणपत्र धारक गरा -अिपतए पता या अिपतए पता प्रमाणपत्र के वर्ियित्रे से बाुर के मा , र्स् तओए ,ं प्राक्रया, पद्धनत या सेर्ा के सबं धं में अिपतए पता प्रमाणपत्र का प्रयोग िुीं करेगा। 3. अिपतए पता प्रमाणपत्र का प्रयोग आस् थगि या नि बं ि के दौराि या समा्प्त या रद्दीकरण के बाद ाकसी भी मा , सामाि , प्राक्रया, पद्धनत या सर्े ा के सबं धं में िुीं ाकया जायेगा। 4. अिपतए पता प्रमाणपत्र धारक को उस अिपतए पता मलू याकं ि स्कीम के उपबधं का पा ि करिा ुोगा, ्जसके अधीि उसे प्रमाणपत्र प्रदाि ाकया गया ुा,्जसमें ेबश गं और मुए राकं ि अपेिाऍ ं भी ुैं । 5. यथा वर्निठदवष्ट ब् यरू ो द्र्ारा निठदवष्ट ररकाड व को अिपतए पता प्रमाणपत्र धारक बिा रखेगा। 6. अिपतए पता प्रमाणपत्र धारक अपिे पररसर में निरीिण या खे ापरीिा करिे स े सबं धं धत सभी प्रकार की सुायता ब् यरू ो को उप ब्ध करायेगा। 7. अिपतए पता प्रमाणपत्र के अधीि आिे र्ा े उत् पादि से सबं द्ध जािकारी उप ब् ध करायेगा। 8. यठद मा या र्स् तओए ं से सबं धं धत अिपतए पता प्रमाणपत्र अिदए ॉ ाकया जाता ुा तो अिपतए पता प्रमाणपत्र धारक पारेविती, वर्तरक , व्यौुारी या खएदरा व्यापारी, ्जन् ुें प्रमािणत मा या र्स् त ए की आपनू त व की जाती ुा, की सचू ी उप ब् ध करायेगा। 9. ब् यरू ो की पर्ू व अिमए नत के बबिा अिपतए पता प्रमाणपत्र को ाकसी व्य्क्त को स् थािान् तररत िुी ं ाकया जायेगा। 10. यठद अिपतए पता प्रमाणपत्र के अधीि आिे र्ा े ाकसी भी मा , र्स् तओए ,ं प्राक्रया, पद्धनत या सेर्ा की गणए ता सबं धं ी कोई शिकायत शसद्ध ुोती ुा, तो अिपतए पता प्रमाणपत्र के धारक उपयक्ए त सधए ारात् मक कायर्व ाठुया करेगा, तााक भवर्ष् य में सी शिकायत की पिए रार्ती ि ुो। 11. ब् यरू ो अिपतए पता प्रमाणपत्र के धारक को कम से कम क मास का िोठटस देकर अिपतए पता प्रमाणपत्र की ितों में सिं ोधि करिे का अधधकार रखता ुा।"
247,1,"प्ररुप-IX (स्कीम IV के परा ा 9 के उप-परा ा (1) को देिख ) अिपतए पता प्रमाण पत्र के िर्ीकरण के श आर्ेदि प्रमखए ............िाखा कायाव य भारतीय मािक ब्यरू ो मुोदय/मुोदयान म ैं / ुम. .................................................. पर कारबार कर रुे ुैं (कारखािा और कायाव य का परू ा पता) समय-समय पर यथा सिं ोधधत भारतीय मािक ब्यरू ो अधधनियम, 2016 के अधीि वर्रधचत नियम और वर्नियम के अधीि ब्यरू ो द्र्ारा अिदए ॉ अिपतए पता प्रमाणपत्र स.ं................... का ...................... से ................. और अर्धध के श िर्ीकरण करिे के श आर्ेदि करता ुू /करत े ुैं।पर्ू ोक्त प्रमाण पत्र में नियत ित त र्ुी और समय-समय पर सिं ोधधत ु गी। 2. प्रमाण पत्र के अधीि प्रभावर्त मा के उत्पादि के ब्यौरे म.एका.अ./ ुमारी कंपिी के प्राधधकृत ुस्तािरकताव द्र्ारा वर्धधर्त ् प्रमािणत पष्ृ ि के वपछ ी ओर निष्पादि ररपोटव में ठदया गया ुा। 3. म/ैंुम इसके साथ नि िश िखत देय के श रु............................के श ...........................रसीद सख्ं या ...........................तारीख..................... स ं ग्ि कर रुे ुैं: i) िर्ीकरण आर्ेदि फीस रु. ii) र्ाविकव अिपतए पता प्रमाण पत्र फीस रु. दर प्रनत र्ि व iii) वपछ ा देय /अन्य फीस(भारतीय मािक ब्यरू ो के िोठटस के अिसए ार)न यठद कोई ुो iv) कए रकम रु. ुस्तािर तारीख िाम पदिाम फम व की मरए ा के श और उिकी ओर स े"
248,1,निष्पादि ररपोटव (...............से...............तक की अर्धध की ररपोटव) उत्पाद का िाम अिपतए पता प्रमाण पत्र स.ं:- 1. र्स्त(ए ओं) का कए उत्पादि 2. अिपतए पता प्रमाण पत्र के अधीि आिे र्ा ा उत्पादि और इसका अिमए ानित मलू य 2.1 मात्रा................ 2.2 मलू य(रु.).......... 3. अिपतए पता प्रमाण पत्र के अधीि स् मश त ि की जाि े र्ा ी मात्रान यठद कोई ुो और स् मश त ि करिे का कारण 4. अिपतए पता प्रमाण पत्र के अधीि आिे र्ा े सभी मा क्रेताओं का िाम और पता ्जसके अन्तगतव केन्र सरकार/राज्य सरकार मत्रं ा य/वर्भाग/उपक्रम इत्याठद (यठद ाग ू ुो) भी ुैं। 5. उ्ल िखत अर्धध के श मास-र्ार उत्पाद वर्र्रण। ठटप्पण : यठद अपेक्षित ुोन पथृ क पन्िा स ं ग्ि करें।
249,1,निष्पादि ररपोटव (...............से...............तक की अर्धध की ररपोटव) उत्पाद का िाम अिएपतपता प्रमाण पत्र सं.:- 1. र्स्तए(ओं) का कए उत्पादि 2. अिएपतपता प्रमाण पत्र के अधीि आिे र्ा ा उत्पादि और इसका अिएमानित मूलय 2.1 मात्रा................ 2.2 मूलय(रु.).......... 3. अिएपतपता प्रमाण पत्र के अधीि स् मश त ि की जािे र्ा ी मात्रान यठद कोई ुो और स् मश त ि करिे का कारण 4. अिएपतपता प्रमाण पत्र के अधीि आिे र्ा े सभी मा क्रेताओं का िाम और पता ्जसके अन्तगतव केन्र सरकार/राज्य सरकार मंत्रा य/वर्भाग/उपक्रम इत्याठद (यठद ागू ुो) भी ुैं। 5. उ्ल िखत अर्धध के श मास-र्ार उत्पाद वर्र्रण। ठटप्पण : यठद अपेक्षित ुोन पथृ क पन्िा सं ग्ि करें।
250,1,"प्ररुप-X (स्कीम 4 के पारा 9 का उप-पारा (2) देखें) अिएपतपता प्रमाण पत्र (सीओसी) सं...............का स ं ग्िक अिएपतपता प्रमाण पत्र सं. कारखािे के पते के साथ उत्पाद का िाम प्रमाण पत्र धारक का िाम पष्ृ िाकं ि सं.....................तारीख.................... जबाक, प्रमाणपत्र ........................ तक मान्य था, * और, जबाक िर्ीकरण ............... तक आस्थधगत ाकया गया था और प्रमाणपत्र के धारक को .................. से.................तक प्रमाणपत्र का उपयोग करिे की अिएमनत िुीं भी, अब, िर्ीकरण के पररणामस्र्पतप, मू प्रमाणपत्र /पष्ृ िांकि संख्या........... की अिएसूची में ठद ग प्रमाणपत्र की र्ाधता ..................से ………………… तक बा ा दी गई ुा। प्रमाणपत्र की अन्य ितदेश समाि रुेंगी। पदाशभठुत प्राधधकारी के ुस्तािर (पदाशभठुत प्राधधकारी का िाम)"
251,1,"प्ररुप-XI (स्कीम 4 के पारा 10 का उप-पारा (1) देखें) अिएपतपता प्रमाण पत्र के वर्िय िेत्र में पररर्तिव के श आर्ेदि प्रमएख............िाखा काया व य भारतीय मािक ब्यूरो मुोदय/मुोदयान म ैं / ुम. .................................................. पर कारबार कर रुे ुैं (कारखािा और कायाव य का पूरा पता) भारतीय मािक ब्यूरो द्र्ारा ठद ग अिएपतपता प्रमाणपत्र स.ं .....................में िीच े उ्ल िखत िई ाकस्म /अपेिाओं(जासा ाक ागू ुा) को िाशम करिे के श आर्ेदि करता ुू /करते ुैं। 2. उत्पाद िीिकव अिएपतपता प्रमाणपत्र का र्तमव ाि काय-व िेत्र अिएपतपता प्रमाणपत्र के कायिव ेत्र में र्ांनछत र्द्ृ धध/कमी 3. परीिण ररपोटवन सं ग्ि ुां/िुीं/ ागू िुीं ुोता 4.अनतररक्त वर्निमावण मिीिरी और / या आर्श्यक परीिण उपस्क र, यठद कोई ुोन 5. म/ैं ुमिे उपरोक्त आर्दे ि के श रु.........रसीद सं............तारीख.........................का भएगताि ाकया ुा। ुस्तािर तारीख िाम पदिाम के श और उिकी ओर से फम व की मएुर ठटप्पण : यठद आर्श्यकता ुोन तो अ ग पन्ि ा सं ग्ि करें।"
252,1,"प्ररुप-XII (स्कीम 4 के पारा 10 के उप-पारा (3) को देखें) अिएपतपता प्रमाण पत्र (सीओसी) सं...............का स ं ग्िक अिएपतपता प्रमाण पत्र सं. कारखाि के पते के साथ उत्पाद का िाम प्रमाणपत्र धारक का िाम पष्ृ िाकं ि सं.....................तारीख.................... अिएपतपता प्रमाणपत्र के कायिव ेत्र में नि िश िखत जोडिा/घटािा ब्यूरो द्र्ारा ………… से अिएमोठदत ाकया गया ुा। उपरोक्त पररर्तिव के पररणामस्र्पतप, अिएपतपता प्रमाणपत्र की अिएसूची में ताश का के क म (2) में अिएपतपता प्रमाणपत्र के संिोधधत कायिव ेत्र को नि िािएसार संिोधधत ाकया गया ुा: प्रमाणपत्र की अन्य ितदेश समाि रुेंगी। िामनिठदवष्ट प्राधधकारी के ुस्तािर (िामनिठदवष्ट प्राधधकारी का िाम)"
253,1,"स्कीम-V ाकसी भी मािक के अिएसार र्स्तएओं और सामधर्ग्य के ट या बाच के श अिएपतपता प्रमाणपत्र को देिे के श अिपतए पता मूलयांकि स्कीम (अिएसूची-I के अिएसार प्रकार 'ख' स्कीम के आधार पर) वर्िय-िेत्र 1. (1) इस स्कीम के अतं गतव प्रकार 'ख' पर आधाररत, ब्यूरो द्र्ारा अिएपतपता प्रमाणपत्र बाच के श व्य्क्त या र्स्तएओं और सामधर्ग्य के ट के श ठदया जा सकता ुा, ्जसे बाद में उत्पाद के पतप में उ्ल िखत ाकया जाता ुा, मािक या मािक के भाग में दी गई वर्शिष्ट अपेिाओं के अिएपतप या आर्श्यक अपेिा ं, जासा ागू ुो। (2) अिएपतपता प्रमाणपत्र इस स्कीम के पारा 3 के अतं गतव दी गई प्राक्रया के अिएसार ठदया जा गा। पररभािा 2. (1)""तीसरा पि प्रयोगिा ा"" का अथ व ब्यूरो या ब्यूरो की कायकव ारी सशमनत द्र्ारा निणीत ाकसी अन्य प्रयोगिा ा या ब्यूरो द्र्ारा सूची में स् मश त ब्यूरो या सरकारी प्रयोगिा ाओं द्र्ारा प्राधधकृत, अिएरक्षित या मान्यता प्राप्त प्रयोगिा ा ुा। स्कीम की प्राक्रया 3.(1) चयि - (क) व्य्क्त यु पुचाि करेगा ाक, - (i) बाच या ट के उत्पाद या आकार की मात्रा और से उत्पाद पर ागू वर्निठदवष्ट अपेिा( ं) ्जसके श र्ु अिएपतपता प्रमाणपत्र प्राप्त करिा चाुता ुा; (ii) स्थाि जुां निरीिण के श बाच या ट ठद जा ंगे और से स्थाि पर निरीिण करिे के श अपेक्षित संसाधि की उप ब्धता; (iii) निमावता की गएणता आश्र्ासि वर्भाग द्र्ारा जारी ाक ग परीिण प्रमाणपत्र या ररपोटव; (iv) तीसरे पि की प्रयोगिा ा द्र्ारा जारी पूण व परीिण ररपोटव, जो ाक वर्निठदवष्ट अपेिाओं की उत्पाद की अिएपतपता उप ब्ध ुा; (v) प्रयोगिा ा जुां वर्निठदवष्ट उत्पाद अपेिाओं के श परीिण ाकया जा सकता ुा; (ख) अिएपतपता प्रमाणपत्र देिे के श आर्ेदि इसस्कीम के सं ग्ि फामव-I उप-पारा (1) के उपखडं (क) के उपखडं (iv) के अतं गतव परीिण ररपोटव या तीसरा पि प्रयोगिा ा में परीिण के श ट या बाच से स्थाि पर दौरे के दौराि ब्यूरो से िमूिे ेिे के अिएरोध के साथ में जमा ाकया जा गा।"
254,1,"(2) अर्धारण : (क) आर्ेदि प्राप्त ुोिे पर ब्यूरो यु जांच करेगा ाक आर्ेदि के साथ सभी आर्श्यक दस्तार्ेज जमा ाक ग ुैं। (ख) यठद परीिण ररपोटव यु दिावती ुा ाक आर्दे ि के साथ अिएपतपता सं ग्ि ुा, तो ब्यूरो आर्ेदक के परामि व से उत्पाद के ट या बाच के जांच की तारीख को अनं तम पतप दे देगा। (ग) सत्यापि के निरीिण के दौराि, ब्यूरो नि िश िखत उत्पाद की पए्ष्ट करेगा, अथावत:् - (i) ाकस्म / र्ग्ेड / प्रकार / आकार; (ii) मात्रा / ट का आकार; (iii) ट / बाच िंबर; (iv) निमावता का पूरा पता; तथा (v) निमावण की तारीख या सप्ताु (घ)यठद आर्ेदि तीसरे पि की प्रयोगिा ा की परीिण ररपोटव के बबिा जमा ाकया गया ुान तब ब्यूरो प्रयोगिा ा के िाम जुां वर्निठदवष्ट अपेिाओं का परीिण ाकया जा सकता ुा और पूण व परीिण के श प्रयोगिा ा द्र्ारा अपेक्षित िमूिा आकार का निधावरण करेगा। (3) पएिवर् व ोकि - (क) उप-पारार्ग्ाफ (2) में ठद ग मापदंड के संबंध में जांच ररपोटव की पूणतव ा के श पएिवर् व ोकि ाकया जा । (ख) ब्यूरो द्र्ारा िमूिे श जािे के माम े में, तीसरे पि की प्रयोगिा ा से प्राप्त परीिण ररपोटव को इसकी वर्निठदवष्ट अपेिाओं की अिएपतपता और यथाथतव ा का पएिवर् व ोकि ाकया जा । (4) निणयव : ब्यूरो द्र्ारा जांच ररपोटव के निष्किों और वर्निठदवष्ट अपेिाओं के अिएसार उत्पाद अिएपतपता के आधार पर अिएपतपता प्रमाण पत्र देिे का निणयव श या जा । (5) अिएप्रमाणि :(क) ब्यूरो इस स्कीम में सं ग्ि फाम व –II में अिएपतपता प्रमाण पत्र प्रदाि करेगा जो अिएपतपता प्रमाण पत्र के वर्िय िेत्र को दिावता ुा ्जसमें निठदवष्ट अपेिाओं और अिएपतपता प्रमाण पत्र की संख्या िाशम ुा। (ख) अिएपतपता प्रमाणपत्र क बार ठद जािे र्ा ा प्रमाणपत्र ुोगा और अिएपतपता प्रमाणपत्र का िर्ीकरण संभर् िुीं ुा। शिकायतें 4. (1) ब्यूरो अिएपतपता प्रमाणपत्र के अतं गतव आिे र्ा ी उत्पाद की गएणता के बारे में प्राप्त ाकसी भी शिकायत को स्र्ीकार करेगा और जांच करेगा। (2) शिकायत समाप्त करिे की कारवर्ाई िब्बे ठदि के भीतर पूरी की जा गी, परीिण के समय को छोडकर, जुां उत्पाद का परीिण िाशम ुा।"
255,1,"िएलक 5 (1) आर्ेदि के साथ क ु़ार रुप का फीस ुोगा। (2) निरीिण फीस अधर्ग्म में प्रनत श्रम ठदर्स सात ुजार रुपये प्रभाय व ुोगा। (3) फीस ट या बाच के मूलय का क प्रनतित ुोगा जो ाकप्रत्येक ट या बाच के श न्यूितम दसुजार पतप ुोगा और ब्यूरो को देय ुोगा, जो भी अधधक ुो। (4) यठद अिएपतपता प्रमाण पत्र रद्द कर ठदया जाता ुा, तो कोई फीस र्ापस िुीं ठदया जा गा। ेबश गं और मएुरांकि अपेिा ं 6. (1) प्रत्येक उत्पाद या पाकेज या दोि को अिएपतपता प्रमाणपत्र संख्या के साथ मएुरांाकत ाकया जा गा। (2) मािक की अपेिाओं के अिएसार उत्पाद वर्र्रणन ्जसमें ट या बाच संख्यान निमावण की तारीख या सप्ताुन निमातव ा का पूरा पता िाशम ुो सकतान जोाक उत्पाद या पाके्जंग या उत्पाद के साथ गे ेब पर मएुरांाकत ुोिा चाठु । (3) मएुरांकि वर्र्रण में ब्यूरो की र्ेबसाइट का सदं भ व ुोिा चाठु , तााक उपभोक्ता उत्पाद के प्रामािणकता की पए्ष्ट कर सके। (4) यठद अिएपतपता प्रमाण पत्र उत्पाद या पाके्जंग पर ागू िुीं ाकया जा सकता ुा, तो यु परीिण प्रमाण पत्र पर ठदया जा सकता ुा। (5) ाकसी भी वर्निठदवष्ट उत्पाद के श , अनतररक्त ेबश गं और मएुरांकि संबंधी अपेिाओं को ब्यूरो द्र्ारा वर्निठदवष्ट ाकया जा सकता ुा, ्जसके अिएसार अिएपतपता प्रमाणपत्र के धारक को अिएपा ि करिा ुोगा। अिएपतपता प्रमाण पत्र की ित त 7.अिएपतपता प्रमाण पत्र की ितदेश इि वर्नियम के वर्नियम 14 में दी गई ुा। अिएपतपता प्रमाण पत्र को रद्द करिा 8. ब्यूरो अिएपतपता प्रमाण पत्र को इि वर्नियम के वर्ियम 19 के अिसए ार रद्द कर सकता ुा।"
256,1,प्ररुप-1 (स्कीम-5 के परा ार्ग्ाफ 3 के उप-परा ार्ग्ाफ (1) के (ख) खंड को देखें) भारतीय मािक ब्यरू ो उत्पाद प्रमाणि स्कीम अिपतए पता प्रमाण पत्र प्राप् त करिे के श आर्दे ि व्य्क्त या फम व का परू ा िाम पता टेलीफोन कायाव य/आर्ास/कारखािा फैक्स गांर्/िुर ्ज ा राज्य देि वपि कोड ई-मले पता टेलीफोन पत्राचार का पता फैक्स गांर्/िुर ्ज ा राज्य देि वपि कोड ई-मे िाम पदिाम 1 2 प्रबधं ि(यठद ागू ुो) 3 4 िाम टे ीफोि ई-मे संपकव व्य्क्त अिपतए पता प्रमाण पत्र प्राप्त करिे के श ाकया जा रुा आर्ेदि उत्पाद अपेिा ं संदभ व वर्निठदवष्ट अपेिा ं ट या बचा सं. मात्रा मलू य (रु.)
257,1,राशि(रु.) तारीख के साथ बीजक सं. फीस का वर्र्रण मएरा ुस्तािर िाम फम व का पिा ि.ं पदिाम आर्ेदि की तारीख िडआई ि ि.ं(निदेिक के माम े में) पिा ि.ं (अन्य माम ो में) मुत्त्र्पणू व : आर्ेदि फम व के व्य्क्त/सीईओ या इिकी अिपए ्स्थनत में प्राधधकृत प्रनतनिधध द्र्ारा ुस्तािर ुोिा चाठु नि िश िखत दस्तार्ेज की उप ब्धता इंधगत करें। क्रम. स.ं दस्तार्ेज ुां/िुीं/ ाग ू िुीं 1 कायाव य/आर्ास/कारखािे का िाम और पत े का प्रमाण 2 फम व के सीईओ के अनतररक्त व् य्क्त द्र्ारा आर्देि ुस्तािर करिे के माम े मेंन प्राधधकृत प्रनतनिधध पत्र 3 चाटवड व काउंटेंट द्र्ारा ठद ग ट और बचा का थोक मलू यऔरमात्रा का प्रमाण 4 ततृ ीय पि की प्रयोगिा ा की परीिण ररपोटव(टें)न यठद ाग ू ुो ठटप्पणी : अधधक जािकारी के श कृपया आप ुमारी र्ेबसाइट http://www.bis.gov.in देखें।
258,1,"प्ररुप-II (स्कीम 5 के पारा 3 के उप-पारा (5) को देखें) भारतीय मािक ब्यूरो अिएपतपता का प्रमाणपत्र अिएपतपता का प्रमाण पत्र सं. – भारतीय मािक ब्यूरो अधधनियम, 2016 (2016 का 11) द्र्ारा प्रदॉ ि्क्त के आधार पर ब्यूरो तद्द्र्ारा प्रदाि करता ुा श्रीमाि/श्रीमती/मासस व (इसे आगे प्रामण पत्र धारक कुा गया ुा।) यु अिपतए पता प्रमाणपत्र इसके साथ सं ग्ि अिएसूची के प्रथम स्त भ में वर्निठदवष्ट या उक्त अिएसूची के दसू रे स्त भ में वर्निठदवष्ट वर्िय िेत्र के संदभ व में उत्पादन जो समय-समय पर संिोधधत या पएिरीक्षित उक्त अिएसूची के दसू रे स्त भ में उ्ल िखत वर्निठदवष्ट अपेिा(ओं) के अिएपतप निशमतव ुा। 2. यु अिएपतपता प्रमाणपत्र, प्रमाणपत्र धारक के ठुस् से के संबंध में अिएपतपता प्रमाणपत्र की ितों के तुत दानयत् र् रखता ुा, जो यु ं सं ग् ि ाक ग अिएबंध में ठद ग ुैं । यु प्रमाणपत्र शसफव अिएसूची में उ्ल िखत िाम और पते के श र्ाध ुोगा।"
259,1,अिएसूची (अिएपतपता प्रमाण पत्र सं. -------------------) िाम पता (1) (2) उत्पाद अिएपतपता प्रमाण पत्र का वर्िय िेत्र आज र्ि.व ......के...............माु के............के ठदि ुस्तािररतन मएुरबंद ाकया गया । भारतीय मािक ब्यूरो के श िामनिठदवष्ट प्राधधकारी का िाम और ुस्तािर
260,1,"अिएबंध (अिएपतपता प्रमाणपत्र सं.........................) अिएपतपता प्रमाणपत्र की ित त (1) अिएपतपता प्रमाणपत्र का धारक र्स्तएन सामािन प्राक्रयान पद्धनत या सर्े ा का वर्निठदवष्ट अपेिाओ ं के अिएपतप ुोिे के श उॉरदायी ुोगान ्जसके श अिएपतपता प्रमाणपत्र जारी ाकया गया ुा। (2) अिएपतपता प्रमाणपत्र धारक र्स्तनए सामािन प्राक्रयान पद्धनत या सर्े ा के संबंध में अिपतए पता प्रमाणपत्र का उपयोग िुी ं करेगा, जो गार-अिएपतप या अिएपतपता प्रमाणपत्र के वर्िय िेत्र से बाुर ुैं। (3) अिएपतपता प्रमाण पत्र की निरस् ती या समा्प्त के पश्चात ् या नि ंबि या स्थधगत करिे के दौराि ाकसी भी र्स्तनए सामािन प्राक्रयान पद्धनत या सेर्ा के संबंध में अिपतए पता प्रमाणपत्र का प्रयोग िुीं ाकया जा गा। (4) अिएपतपता प्रमाणपत्र धारक ेबश गं और मुए राकं ि अपेिा ं समेत अिएपतपता मूलयांकि स्कीम के प्रार्धाि का अिपए ा ि करेगा, ्जसके अंतगतव अिएपतपता प्रमाणपत्र ठदया गया ुा। (5) अिएपतपता प्रमाणपत्र धारक ब्यूरो द्र्ारा समय-समय पर वर्निठदवष्ट ररपोटव ररक ड व का रखरखार् करेगा । (6) अिएपतपता प्रमाणपत्र धारक अपिे पररसर में निरीिण या ेखापरीिा करिे के संबंध में ब्यूरो को सभी सुायता प्रदाि करेगा। (7) अिएपतपता प्रमाणपत्र धारक अिएपतपता प्रमाणपत्र के अंतगतव िाशम उत्पादि संबंधी सचू िा जब ब्यूरो द्र्ारा अपेक्षित ुोगी, तब प्रदाि करिी ुोगी। (8) अगर अिएपतपता प्रमाणपत्र सामाि या र्स्तएओ ं के श प्रदाि ाकया गया ुा, तो अिएपतपता प्रमाणपत्र धारक को प्रेविनतय , वर्तरक , वर्क्रेता या खएदरा वर्क्रेताओं की सूची प्रदाि करेगा, ्जसका अिएपतपता प्रमाणपत्र के तुत सामाि या र्स्तएओं की आपूनत व की गई ुा। (9) ब्यूरो के पूर् व अिएमोदि के बबिा ाकसी भी व्य्क्त को अिपतए पता प्रमाणपत्र स्थािांतररत िुी ं ाकया जा गा। (10) यठद अिएपतपता प्रमाण पत्र के अंतगतव िाशम ाकसी भी र्स्तएन सामािन प्राक्रयान पद्धनत या सेर्ा की गएणता के बारे में शिकायत शम ती ुा, तोअिपतए पता प्रमाणपत्र धारक को उपयएक्त सधए ारात्मक कारवर्ाई करिी ुोगी तााक भवर्ष्य में सी शिकायत की पएिरार्वृ ॉ को खत्म ाकया जा सके। (11) ब्यूरो को अिएपतपता प्रमाणपत्र धारक को कम से कम क मुीिे का िोठटस देकर अिएपतपता प्रमाण पत्र की ाकसी भी ित व में संिोधि करिे का अधधकार ुोगा।"
261,1,"स्कीम-VI ाकसी भी मािक के अिएसार सेर्ाओं के श अिएपतपता प्रमाण पत्र देिे के श अिएपतपता मूलयांकि स्कीम (अिएसूची-I प्रकार 'च' के अिएसार स्कीम पर आधाररत) वर्िय िेत्र 1. (1) इस स्कीम के तुत जो प्रकार 'च' पर आधाररत ुा, ब्यूरो द्र्ारा ाकसी व्य्क्त या ाकसी संगिि को सेर्ा की अिएपतपता के प्रदििव और वर्निठदवष्ट अपेिाओं के श सेर्ाओं के प्रार्धाि के श सेर्ा प्रदाि करिे र्ा े संगिि को ब्यूरो द्र्ारा अिएपतपता का प्रमाणपत्र ठदया जा सकता ुा। (2) अिएपतपता प्रमाणपत्र प्रदाि करिा और इसका प्रचा ि इस स्कीम के परा ा 3 के अतं गतव दी गई प्राक्रया के अिएसार ाकया जा गा। पररभािा 2.""सेर्ा"" का अथ व ुा ाक क संगिि और क र्ग्ाुक के बीच इंटरफेस और संगिि की आंतररक गनतवर्धधय के माध्यम से र्ग्ाुक की अपेिाओं की पररपूणतव ा के पररणाम। स्कीम की प्राक्रया 3.(1) चयि– (क) सेर्ा प्रदाता यु पुचाि करेगा ाक, - (i) सेर्ा और ागू वर्निठदवष्ट अपेिा ं ्जिके प्रनत र्ु अिएपतपता प्रमाण पत्र प्राप्त करिा चाुता ुा; (ii) सेर्ाओं के वर्तरण में प्रयोग ुोिे र्ा े संसाधि का ब्यूरो को वर्र्रण प्रदाि करिा; तथा (iii) सेर्ा वर्तरण के अिएबंधधत या आउटसोस व तत्र्न यठद वर्निठदवष्ट अपेिाओं में स्र्ीकृत ुा। (ख) सेर्ा प्रदाता सफ मूलयांकि ुेतए सेर्ा और अिएपतपता प्रमाण पत्र के उद्ठदष्ट वर्िय िेत्र को ध्याि में रखते ुए ब्यूरो को पयावप्त िमूिा उप ब् ध करा गा । (ग) सेर्ा प्रदाता क सेर्ा मािएअ प्रस्तार् तायार करेगा ्जसमें वर्निठदवष्ट अपेिाओं के श सेर्ाओं के प्रर्ाधाि और सेर्ाओं की अिएपतपता के निपतपण के श कायावन्र्यि करेगा; (घ) सेर्ा प्रदाता आर्श्यक दस्तार्ेज और फीस के साथ इस स्कीम के साथ सं ग्ि प्ररुप-I में अिएपतपता प्रमाण पत्र के श आर्ेदि कर सकता ुा; (ड.) आर्ेदक वर्निठदवष्ट अपेिाओं के सेर्ा के प्रार्धाि और सेर्ा की अिएपतपतान ्जसके श आर्ेदि ाकया जा रुा ुान उॉरदायी ुोगा;"
262,1,"(च) ब्यूरो को आर्ेदक द्र्ारा सा्य उप ब्ध करािे की आर्श्यकता ुो सकती ुा, तााक यु पता च सके ाक सेर्ा के प्रार्धाि और सेर्ा के संबंध में जो अिएपतपता प्रमाण पत्र आर्ेदि ाकया गया ुानर्ु निठदवष्ट आर्श्यकता के अिएपतप ुा। (छ) ब्यूरो में आर्ेदि करिे से पूर्व, आर्ेदक ्जस सेर्ा के श आर्ेदि कर रुा ुान उसी सेर्ा को प्रदाि करिे के प्रचा ि में कम से कम तीि मुीिे तक करेगा। (2) मूलयांकि- (क) ब्यूरो आर्ेदक से आर्श्यक दस्तार्ेज या कोई पूरक जािकारी या ाकसी दस्तार्ेजी प्रमाण के श कु सकता ुा जो आर्ेदि के ाकसी वर्र्रण की पए्ष्ट करता ुान निधारव रत समय में देिे के श आदेि कर सकता ुा। (ख) यठद आर्ेदक कोई दस्तार्ेज या अिएपूरक जािकारी या खडं (क) के तुत कोई दस्तार्ेजी सा्य िुीं दे रुा ुा, तो आर्ेदि को ब्यूरो द्र्ारा खाररज कर ठदया जा गा; (ग) यठद आर्ेदक द्र्ारा प्रस्तएत ाक ग दस्तार्ेज या सूचिा या सा्य संतोिजिक शम ते ुैं, तो अिएपतपता प्रमाणपत्र देिे की प्राक्रया िएपत की जा सकती ुा; (घ) सेर्ा और सेर्ा प्रदाता के मूलयांकि के श , ब्यूरो सेर्ा प्रदाता के दौरे की व्यर्स्था कर आर्श्यक मूलयांकि करेगान ्जसमें नि ि गनतवर्धधय को िाशम ाकया जा सकता ुा, िामत: - (i) सेर्ा प्रदाता द्र्ारा प्रस्तएत ाक ग दस्तार्ेज की जांच; (ii) सेर्ा मािएअ की पयावप्तता और उपयएक्तता पर चचाव; (iii) सेर्ा वर्तरण प्राक्रया के िडजाइि की र्ाधता, यठद ागू ुो; (iv) सेर्ा वर्तरण प्राक्रयाओं और सेर्ा आउटपएट का परीिण और मूलयांकि; (v) सेर्ाओं के वर्तरण में उपयोग ाक ग संसाधि का मूलयांकि; (vi) सेर्ा देिे र्ा े व्य्क्त और उिकी िमता का मूलयांकि करिे के श सािात्कार और संप्रेिण; (vii) िेकेदार , उप-िेकेदार , फ्रैंचाइजी का मूलयांकि, जुां सेर्ा वर्तरण अिएबंधधत ुा या आउटसोस व ुान का मूलयांकि; (viii) गोपिीयता और निजी अपेिाओं सठुत ाकसी भी आर्श्यक पु एओं के संदभ व में प्रबंधि और दस्तार्ेज के नियंत्रण का आक ि; (ix) ऑि-साइट या दरू स्थ यात्रा ं, कोई भी र्ास्तवर्क स्थाि जुां पर सेर्ा ं प्रदाि की जाती ुैं; या कोई भी कृबत्रम स्थाि जुां सेर्ा ं प्रदाि की जा रुी ुैं; (x) बेिामी पयर्व ेिण या वर्तरण का सा्य; तथा"
263,1,"(xi) वर्तररत सेर्ा ं और र्ग्ाुक अिएभर् पर प्रनताक्रया प्राप्त करिा और उिका मूलयांकि करिा। (ङ) मूलयांकि प्राक्रया के दौराि पाई गई कोई भी अपयावप्तता या गार-अिएपतपता को इस स्कीम के अिएबंध के प्ररुप-II में सेर्ा प्रदाता को श िखत पतप में सूधचत ाकया जा गा। (3) समीिा - वर्निठदवष्ट अपेिाओं की अिएपतपता और उसकी यथाथतव ा के श पारा 3 के उप- पारा (2) के खडं (घ) के संबंध में मूलयांकि ररपोटव की सटीकता तथा अिएपतपता की समीिा की जा गी। (4) निणयव - (क) अिएपतपता प्रमाण पत्र देिे का निणयव ेिे से पु े, ब्यूरो मूलयांकि गनतवर्धधय की सफ तापूर्कव समीिा के पश्चात ् क मुीिे की अर्धध के श सार्वजनिक ठटप्पिणय को आमंबत्रत करेगा और इसमें शिकायत सठुत र्ग्ाुक से प्राप्त सूचिा का संर्ग्ु िाशम ुो सकता ुा ; (ख) ब्यूरो सार्वजनिक घोिणा अर्धध को पूरा करिे के पश्चात ् ाकसी भी र्ग्ाुक की शिकायतें ि ुोिे और र्ग्ाुक के फीडबाक का संतए्ष्टपूण व समाधाि के बाद अिएपतपता का प्रमाणपत्र प्रदाि करेगा; (5) अिएप्रमाणि - ब्यूरो इस स्कीम के साथ सं ग्ि प्रपत्र III में अिएपतपता प्रमा पत्र प्रदाि करेगा, ्जसमें अिएपतपता प्रमाणपत्र का वर्िय ित्रे न प्रमाण पत्र संख्यान सर्े ा प्रदाता का पता प्रमाणपत्र की र्ाधतान निमावता की वर्निठदवष्ट अपेिाओं का वर्र्रण ुोगा। (6) निगरािी.- (क) ब्यूरो प्रमाणपत्र धारक का पूर् व सूचिा देकर या पूर्व सूचिा ठद बबिा निगरािी मूलयांकि कर सकता ुा; (ख) निगरािी मूलयांकि करिे की आर्श्यकता को प्रदाि की गई सेर्ा से जएड े जोिखम को ध्याि में रखते ुए निणयव श या जा गा और इस तरु के मूलयांकि के दौराि पायी गई कोई भी त्रठए ट इस स्कीम के अिएबंध प्रपत्र-II में प्रमाणपत्र धारक को सूधचत की जा गी। शिकायतें 4. (1) जब भी वर्निठदवष्ट अपेिाओं के सेर्ा प्रार्धाि और सेर्ा की गार अिएपतपता के संबंध में कोई शिकायत की जाती ुा, तो जांच की जा गी और शिकायतकताव की जांच प्रमाणपत्र धारक से पु े ुोगी। (2) यठद शिकायत शसद्ध ुो जाती ुा, -"
264,1,"(क) निर्ारण व्यर्स्था करिे के श प्रमाण पत्र धारक को स ाु देिे के श कदम उिा जा ंगे; (ख) अिएपतपता प्रमाणपत्र समाप्त ाकया जा सकता ुा और सएधारात्मक कारवर्ाई करिे के श प्रमाणपत्र धारक को स ाु दी जा सकती ुा और सएधारात्मक कारवर्ाई की संतोिजिक पए्ष्ट के पश्चात ् पएिारंभ की अिएमनत दी जा सकती ुा; (ग) यठद यु स्थावपत ाकया गया ुा ाक प्रमाणपत्र धारक सी ाकसी गनतवर्धध में िाशम ुएआ ुान ्जसके फ स्र्पतप इस स्कीम के पारा 12 के उप पारा (1) में ठद ग ाकसी भी ित व की स्थापिा ुोती ुा, तो अिपतए पता का प्रमाणपत्र समाप्त ाकया जा सकता ुा। फीस 5.(1) अिएपतपता प्रमाण पत्र देिे के श आर्ेदि के साथ पंरु ुजार का फीस देिी ुोगी। (2) समय-समय पर ब्यूरो द्र्ारा निधावररत पएिप्रमव ाणि या अिएपतपता प्रमाणपत्र ठद जािे से पु े नि िश िखत फीस का भएगताि ाकया जा गा, अथावत: - (क) मूलयांकि निरीिण फीस प्रनत श्रम ठदि बारु ुजार; तथा (ख) र्ाविकव अिएपतपता प्रमाण पत्र फीस पचास ुजार रुप ुोगा। (3) यठद अिएपतपता प्रमाणपत्र रद्द कर ठदया जाता ुा, तो कोई फीस र्ापस िुीं दी जा गी। ेबश गं और मएुरांकि आर्श्यकता ं (6) (1) सेर्ा प्रदाता केर् प्रमािणत सेर्ा के साथ संयोजि में अिएपतपता प्रमाणपत्र संख्या का प्रयोग करेगा। (2) अिएपतपता प्रमाणपत्र संख्या का प्रयोग बबक्री साठुत्य या प्रचार सामर्ग्ी पर ाकया जा सकता ुा। अिएपतपता प्रमाणपत्र की ित त 7.अिएपतपता प्रमाण पत्र की ितदेश इि वर्नियम के वर्नियम 14 अिएसार ु गी। अिएपतपता प्रमाणपत्र की र्ाधता 8. (1) अिएपतपता प्रमाण पत्र अिएदाि तीि र्ि व के श ाकया जा गा और इसकी अर्धध, वर्निठदवष्ट आर्श्यकताओं के संिोधि के माम े में, कम या ज्यादा की जा सकती ुा। (2) प्रमाण पत्र धारक, सामान्यत: तीि र्ि व के श पएि; प्रमािणत ाकया जा गा और पएि: प्रमाणि अर्धध को पएि: प्रमाणि निणयव या निठदवष्ट आर्श्यकताओं के संिोधि की निभरव ता पर कम या ज्यादा ाकया जा सकता ुा।"
265,1,"(3) प्रमाणपत्र की र्ाधता अर्धध को आर्ेदक या प्रमाणपत्र धारक के निर्ेदि पर कम ाकया जा सकता ुा। अिएपतपता प्रमाणपत्र का पएिप्रमव ाणि 9.(1) पएिप्रमव ाणि की वर्धधमान्य ता की समा्प्त को सएगम बिािे के श 5 माु के भीतर प्रमाणपत्र धारक को पएिप्रमव ाणि के श इस स्कीम के अिएबंध के प्रपत्र –II में पएिप्रमव ाणि के श आर्ेदि करिा ुोगा। (2) प्रमाणपत्र का पएिप्रमव ाणि ाकया जा गा, - (क) यठद पएिप्रमव ाणि आर्ेदि पूरा पाया जाता ुा; (ख) पारा 5 के उप-पारा (2) में वर्निठदवष्ट िएलक के भएगताि पर; तथा (ग) यठद ब्यूरो संतएष्ट ुा ाक प्रमाणपत्र धारक िे सफ तापूर्कव वर्निठदवष्ट अपेिाओं के श सेर्ाओं और प्रार्धाि के अिएपतप निपतपण ाकया ुा। (3) इस स् कीम के पारा 3 के उप पारा (1) से (6) के उपबंध भी पएिप्रमव ाणि के श ाग ू ु गे। (4) पएिप्रमव ाणि के बाद, इस स् कीम के ठदिा-निददेशि के अिएसार निगरािी मूलयांकि की स्कीम बिाई जा गी और इसे परू ा ाकया जा गा। (5) पएिप्रमव ाणि इि वर्नियम के वर्नियम 8 के अिएसार ाकया जा गा। अिएपतपता प्रमाणपत्र के वर्िय िेत्र में बद ार् 10.इस संबंध में प्रमाणपत्र धारक द्र्ारा ाक ग अिएरोध पर अिएपतपता प्रमाणपत्र का वर्िय िेत्र बा ाया या घटाया जा सकता ुा। नि ंबि 11. (1) यठद, ाकसी भी समय, ब्यूरो के पास पयावप्त सा्य ुैं ाक सेर्ाओं और सेर्ाओं के उपबंध, ्जसके श अिएपतपता प्रमाण पत्र ठदया गया ुा, र्े वर्निठदवष्ट अपेिाओं के अिएपतप िुीं ुैं, तो ब्यूरो अिएपतपता प्रमाणपत्र नि ंबबत कर सकता ुा और धारक को इसका उपयोग रोकिे के श निददेशशित कर सकता ुा । इस सा्य में नि िश िखत, क या अधधक िाशम ुो सकते ुैं र्ं इि तक सीशमत िुीं ुैं, अथावत: --"
266,1,"(क) ब्यूरो द्र्ारा अिएमत तरीके से अिएपतपता प्रमाण पत्र का उपयोग ब्यूरो द्र्ारा अिएमत ाकसी अन्य तरीके से करिा; (ख) तीि मुीि से अधधक प्रचा ि की अनिरन्तरता; (ग) सएधारात्मक कारवर्ाई ब्यूरो द्र्ारा वर्निठदवष्ट समय सीमा के भीतर िुी ं की जाती ुैं; (घ) ब्यूरो को पूर् व सूचिा ठद बबिा, पररसर का स्थािांतरण; (ड.) अिएपतपता प्रमाणपत्र के संबंध में ग त घोिणा या ररक ड व या अिएधचत व्यापार पद्धनतय के शमथ्याकरण में िाशम ; (च) अिएपतपता प्रमाणपत्र के प्रचा ि के दौराि ाकसी भी से मूलयांकि के श ब्यूरो या इसके प्राधधकृत प्रनतनिधध के साथ सुयोग ि करिा । (2) उप-पारा (1) के तुत ब्यूरो द्र्ारा श या गया निणयव प्रमाण पत्र धारक को ई-मे या ाकसी अन्य उपयएक्त श िखत माध्यम द्र्ारा, इसके कारण सठुत सूधचत ाकया जा गा। (3) अिएपतपता प्रमाणपत्र नि ंबि के संदभ व में, इसके धारक सएधारात्मक कारवर्ाई करेगे और ब्यूरो को इसकी सूचिा देंगे। (4) कारवर्ाई की जािकारी शम िे पर, इसके पए्ष्टकरण ब्यूरो द्र्ारा आर्श्यकता पडि े पर वर्ििे मूलयांकि निरीिण ाकया जा सकता ुा। (5) ब्यूरो स्र्यं को संतएष्ट करिे के पश्चात ् नि ंबि को समाप्त कर सकता ुा ाक प्रमाणपत्र धारक द्र्ारा पयावप्त सा्य सठुत प्रासंधगक अपेिाओं की अिएपतपता की पए्ष्ट करिे के श सएधारात्मक कारवर्ाई की ुा। (6) यठद प्रमाणपत्र का नि ंबि आर्श्यक िएलक का भएगताि ि करिे के कारण ुोता ुा, तो ब्यूरो धारक को इक्कीस ठदि की सूचिा जारी करके धारक को प्रमाणपत्र का उपयोग ि करिे का निददेशि दे सकता ुा और बकाय की प्रा्प्त पर नि ंबि समाप्त कर सकता ुा। (7) उप-पारा (1) के तुत नि ंबि की अर्धध क र्ि व से अधधक िुीं ुोगी। अिएपतपता प्रमाणपत्र के पएिप्रमव ाणि को रद्द या इंकार करिा 12. (1) ब्यूरो पएिप्रमव ाणि रद्द या इंकार कर सकता ुा, यठद - (क) प्रमाणपत्र धारक िे अिएपतपता प्रमाणपत्र का दरुए पयोग ाकया ुा; (ख) प्रमाणपत्र के संबंध में ग त घोिणा की ुा या ररक ड व या अिएधचत व्यापार पद्धनतय के शमथ्याकरण में िाशम ुा; (ग) प्रमाणपत्र का नि ंबि क र्ि व से अधधक का ुा;"
267,1,"(घ) प्रमाणपत्र धारक िे पररसर को स्थािांतररत ाकया ुा और ब्यूरो की मंजूरी के बबिा ि पररसर में प्रमाणपत्र का उपयोग आरंभ ाकया ुा; (ड.) प्रमाणपत्र धारक िे प्रमाण पत्र की ाकन्ु ीं भी ितों का उल ंघि ाकया ुो। (2) पएिप्रमव ाणि को रद्द करिे या इंकार करिे से पु े, ब्यूरो प्रमाण पत्र धारक को ई-मे या ाकसी अन्य उपयएक्त श िखत साधि के माध्यम से कम से कम इक्कीस ठदि का क िोठटस देगा, ्जसमें ब्यूरो प्रमाणपत्र के पएि:प्रमाणि को इंकार या रद्द करिे के आिय, इसके कारण सठुत, श िखत स्पष्टीकरण या व्य्क्तगत सएिर्ाई उपबंध सएनि्श्चत करेगा। (3) यठद प्रमाणपत्र नि ंबि के अधीि िुीं ुा, तो सूचिा में प्रमाणपत्र धारक को निददेशि ठदया जा गा ाक र्ु प्रमाणपत्र का उपयोग बंद कर दें। (4) सूचिा जारी करिे की तारीख से इक्कीस ठदि की अर्धध के भीतर श िखत स्पष्टीकरण प्राप्त ि ुोिे के माम े में, ब्यूरो अिएपतपता प्रमाणपत्र को पएिप्रमव ािणत करिे के श रद्द या समाप्त कर सकता ुा। (5) यठद कोई स्पष्टीकरण ठदया गया ुा, तो ब्यूरो इस बारे में निणयव ेिे से पु े प्रस्ततए ाक ग स्पष्टीकरण को ध्याि में रख सकता ुा और व्य्क्तगत सएिर्ाई की मांग की जाती ुा तो प्रमाणपत्र धारक या उसके प्राधधकृत प्रनतनिधध को अर्सर दे सकता ुा । (6) इस स्क ीम के उप-पारा (4) और (5) के तुत पएिप्रमव ाणि समाप्त करिे या रद्द करिे के श ब्यूरो द्र्ारा श या गया निणयव प्रमाण पत्र धारक को ई-मे या ाकसी अन्य उपयएक्त श िखत माध्यम से सूधचत ाकया जा गा। (7) जब ाकसी वर्निठदवष्ट अपेिाओं को र्ापस े श या जाता ुा और ाकसी भी अन्य अपेिाओं से अधधक्रमण िुीं ाकया जाता ुा, तो उसके संबधं में ठद ग ाकसी भी प्रमाणपत्र को इस तरु की वर्शिष्ट अपेिाओं को र्ापस ेिे की नतधथ से समाप्त कर ठदया जा गा और प्रमाणपत्र धारक द्र्ारा अिएपतपता प्रमाणपत्र ब्यूरो को तत्का सौंपगा। (8) उप-पारा (7) के तुत समाप्त ाक ग अिएपतप प्रमाण पत्र के श , ब्यूरो प्रमाण पत्र की अिवर्सत अर्धध के अिएपात में अधर्ग्म भएगताि ाक जािे पर प्रमाण पत्र िएलक का ठुस्सा र्ापस करेगा।"
268,1,"प्रपत्र-1 (स्कीम VI के परा ा 3 के उप-परा ा (1) के (घ) खंड को देखें) भारतीय मािक ब्यरू ो सेर्ा( ं) प्रमाणि स्क ीम अिपतए पता प्रमाणपत्र प्राप्त करिे के श आर्दे ि फम व का परू ा िाम पता टेलीफोन कायाव य फैक्स गांर्/िुर ्ज ा राज्य देि वपि कोड पता टेलीफोन सवर्सव इकाई(य )ं फैक्स गांर्/िुर ्ज ा राज्य देि वपि कोड ई-मे िाम पदिाम िाम पदिाम प्रबधं ि 1 1 2 प्रबधं ि सेर्ानियत्रं ण प्रभारी 2 3 3 4 4 िाम टे ीफोि ई-मे संपकव व्य्क्त बड़ा क़ाय़ावलय स़ार्वजननक स्के इक़ाई ‍‍ननजी स क्ष्ू ‍म ,ल घ ,ु‍ पत्राचार का पता सेक्टर मध्‍यममध्‍यम‍"
269,1,"अिपतए पता प्रमाण पत्र प्राप्त करिे के श ाकया जा रुा आर्ेदि सेर्ा अपेिा ं संदभ व वर्निठदवष्ट अपेिा ं राशि (रु.) नतधथ के साथ बीजक सं. फीस का वर्र्रण फम व का मएरा ुस्तािर िाम फम व का पिा ि.ं पदिाम आर्ेदि की नतधथ िडआई ि ि.ं(निदेिक के माम े में ) पिा ि.ं (अन्य माम ो में ) मुत्त्र्पणू व : आर्ेदि पर फम व के सीईओ या इिकी अिपए ्स्थनत में प्राधधकृत प्रनतनिधध द्र्ारा ुस्तािर ुोिा चाठु नि् िश िखत दस्तार्ेज की उप ब्धता उपदशितव करें । इि दस्तार्ेज को आर्ेदि के साथ प्रस् तएत करिा आर्श् यक ुा । क्रम. सं. दस्तार्ेज(ज ) ुां/िुीं/ ागू िुी ं 1 कायाव य के िाम और पते का प्रमाण (उद्योग के निदेिा य या उद्योग केंर से प्रमाण पत्र यापरा ा का ज्ञापि या फम व के र्जस्िार से प्रमाणपत्र आठद।) 2 सेर्ा इकाई के िाम और पते का प्रमाण (उद्योग के निदेिा य या उद्योग केंर से प्रमाण पत्र यापरा ा का ज्ञापि या फम व के र्जस्िार से प्रमाणपत्र याफम व की काििू ी अधधर्ग्ठुता दिाविे र्ा ा र्धा प्टा इत् याठद। 3 र्धा म स मई प्रमाणपत्र, यठद ागू ुो 4 आर्ेदि फम व के सीईओ के अनतररक्त ाकसी अन्य व्य्क्त द्र्ारा ुस्तािर करिे के माम े में, प्राधधकृत प्रनतनिधध पत्र 5 सेर्ा प्एस्तका 6 संसाधि की सूची 7 क्या सेर्ा का कोई भाग आउटसोस व ाकया गया ुा 8 सेर्ा प्रचा ि के आउटसोशसगिं के करार, यठद कोई ुो िोट : अधधक जािकारी के श कृपया आप ुमारी र्ेबसाइट http://www.bis.gov.in देखें ।"
270,1,प्रपत्र-II (स् कीम VI के पारा 3 के उप-पारा (2) के खडं (ङ) को देखें) भारतीय मािक ब्यूरो ..........िाखा कायाव य (वर्संगनत-सु-स ाुकार ररपोटव) आर्ेदक/प्रमाणपत्र के धारक का िाम : मासस व आर्ेदि/अिएपतपता प्रमाणपत्र सं. दौरे की प्रकृनत अिएपतपता प्रमाणपत्र की र्ाधता (प्रारंशभक/निगरािी मूलयांकि/अन्य) सेर्ा(ओं)/सेर्ा(ओं) का उपबंध दौरे की तारीख(खें) क्रम.सं. वर्संगनतयां/दी गई स ाु वर्निठदवष्ट अपेिा( ं) या कोई अन्य संदभव ठटप्पिणयां/सुमत कारवर्ाई (आर्ेदक/प्रमाणपत्र के धारक द्र्ारा) मिैं े इस ररपोटव की अतं र्स्व त ए (i) मिैं े इस ररपोटव की अतं र्स्व त ए को परू ी तरु से समी श या ुा। पणू व पतप से स्पष्ट कर दी ुा। (ii) वर्संगनत-सु स ाुकार पर कारवर्ाई की पए्ष्ट___ ठदि के भीतर भारतीय मािक ब्यरू ो को कर दी जा गी । ुस्तािर ____________________ ुस्तािर__________________ िाम िाम पदिाम पदिाम (भारतीय मािक ब्यूरो के प्रनतनिधध) (फम व के प्रनतनिधध) ठटप्पण : यु स ाु दी जाती ुा ाक इस ररपोटव की प्रनतश वप फम व द्र्ारा अिएरुपता प्रमाणपत्र की फाइ में आर्श्यक अिएर्ती कारवर्ाई और भार्ी संदभ व के श सं ग्ि की जा ।
271,1,"प्रपत्र-3 (स् कीम 6 के पारा 3 का उप-पारा (5) देखें) भारतीय मािक ब्यूरो अिएपतपता का प्रमाणपत्र अिएपतपता प्रमाणपत्र सं. – भारतीय मािक ब्यूरो अधधनियम, 2016 (2016 का 11) द्र्ारा इसे प्रदॉ ि्क्त के आधार पर ब्यूरो नि िश िखत को मासस व (इसमें इसके पश्चात प्रमाणपत्र धारक कुा गया ुा।) यु अिएपतपता प्रमाणपत्र इसकी अिएसूची के प्रथम स्तंभ में उ्ल िखत इस पर अथर्ा उक्त अिएसूची के दसू रे स् तंभ में उ्ल िखत वर्िय िेत्र के संबंध में सेर्ा/सेर्ा(ओं) के उपबंध के श , जो समय-समय पर संिोधधत अथर्ा पएिरीक्षित उक्त अिएसूची के दसू रे स् तंभ में उ्ल िखत वर्निठदवष्ट अपेिा(ओं) के अिएसार/अिएपतप प्रदाि की जाती ुा, के श अिएदॉ करता ुा। 2. इस अिएपतपता प्रमाणपत्र में, प्रमाणपत्र धारक की ओर से अिएपतपता प्रमाणपत्र की ितों के पतप में बाध् यता ं ुा, जो इससे सं ग् ि ाक उपाबंध में ठद ग ुैं । यु प्रमाण पत्र केर् अिएसूची में यथा उ्ल िखत िाम, पते और अर्धध के श र्ाध ुोगा और पएि: प्रमािणत ाकया जा सकेगा, जासा ाक स् कीम में वर्ठुत ुा ।"
272,1,"अिएसूची (अिएपतपता प्रमाण पत्र सं. -------------------) िाम पता र्ाधता ........................... से............................................तक सेर्ा(ओं)/सेर्ा(ओं) का उपबंध अिएपतपता प्रमाणपत्र का वर्िय िेत्र (1) (2) आज तारीख......................मास.....................र्ि.व ...........को ुस्तािररत, मएुरबंद ाकया गया । भारतीय मािक ब्यूरो के श पदिाशमत प्राधधकारी का िाम और ुस्तािर"
273,1,"उपाबंध (अिएपतपता प्रमाण पत्र सं.........................) अिएपतपता प्रमाणपत्र की ित त (1) अिएपतपता प्रमाणपत्र का धारक मा , चीजें, प्राक्रया, प्रणा ी या सर्े ा उि वर्निदव ष् ट अपेिाओ ं के श अिएपतपता के श उॉरदायी ुोगा, ्जिके संबंध में अिपतए पता प्रमाणपत्र जारी ाकया गया ुा। (2) अिएपतपता प्रमाणपत्र धारक उस मा , चीजें, प्राक्रया, प्रणा ी या सेर्ा के संबंध में अिएपतपता प्रमाणपत्र का उपयोग िुी ं करेगा, जो गार-अिपतए प अथर्ा अिपतए पता प्रमाणपत्र वर्िय िेत्र से बाुर ुैं। (3) आस्थ गि या नि ंबि के दौराि या अिएपतपता के प्रमाणपत्र के रदद्करण या समा्प्त के पश् चात ाकसी भी मा , चीज, प्राक्रया, प्रणा ी या सर्े ा के सबं ंध में अिपतए पता प्रमाणपत्र का प्रयोग िुीं ाकया जा गा। (4) अिएपतपता प्रमाणपत्र धारक ेबश गं और धचन्ु ांकि अपेिाओं सठुत अिएपतपता मूलयांकि स् कीम के उपबंध का अिपए ा ि करेगा, ्जसके अधीि अिपतए पता प्रमाणपत्र अिएदत् त ाकया गया ुा। (5) अिएपतपता प्रमाणपत्र धारक ब् यूरो द्र्ारा समय-समय पर यथा वर्निठदवष्ट अशभ ेख का रखरखार् करेगा । (6) अिएपतपता प्रमाणपत्र धारक अपिे पररसर में निरीिण या ेखा-परीिा या मूल यांकि करिे के संबंध में ब्यूरो को सभी सुायता प्रदाि करेगा। (7) अिएपतपता प्रमाणपत्र धारक अिएपतपता प्रमाणपत्र में आिे र्ा ी सर्े ाओं स े संबंधधत सचू िा जब और जासे ब्यूरो द्र्ारा अपेक्षित ुो, प्रदाि करेगा। (8) यठद अिएपतपता प्रमाण पत्र मा या चीज के श प्रदाि ाकया गया ुा, तो अिएपतपता प्रमाणपत्र धारक उि प्रेविनतय , वर्तरक , व् यौुारी या खएदरा वर्क्रेताओं की सूची प्रदाि करेगा, ्जिको अिएपतपता प्रमाणपत्र के अधीि मा या चीज की आपूनत व की गई ुा। (9) अिएपतपता प्रमाणपत्र ब्यूरो के पूर् व अिएमोदि के बबिा ाकसी भी व्य्क्त को अंतररत िुीं ाकया जा गा। (10) यठद अिएपतपता प्रमाण पत्र के अंतगतव आिे र्ा े ाकसी भी मा , र्स् त,ए प्राक्रया, प्रणा ी या सेर्ा की गणए ता के बारे में शिकायत प्राप्त ुोती ुा, तो अिएपतपता प्रमाणपत्र धारक उपयएक्त सएधारात्मक कारवर्ाई करेगा, तााक भवर्ष्य में सी शिकायत की पएिरार्वृ ॉ को समाप् त ाकया जा सके। (11) ब्यूरो को अिएपतपता प्रमाणपत्र धारक को कम से कम क मास का िोठटस देकर अिएपतपता प्रमाणपत्र की ाकसी भी ित व में संिोधि करिे का अधधकार ुोगा।"
274,1,"स् कीम - 7 मा और चीज के टाइप अिएमोदि के श अिएपतपता प्रमाणपत्र अिएदत् त करिे के श अिएपतपता मूलयांकि स् कीम (अिएसूची-I के अिएसार टाइप 'क' स् कीम के आधार पर) वर्िय िेत्र 1. (1) इस स् कीम के अधीि जो क टाइप पर आधाररत ुा, िडजाइि पएिवर् व ोकि या टाइप परीिण के आधार पर, मा या चीज , ्जसे इसमें इसके पश् चात उत् पाद कुा गया ुा, के टाइप अिएमोदि के श ब् यूरो द्र्ारा अिएपतपता प्रमाणपत्र अिएदत् त ाकया जा सकेगा। (2) प्रमाण पत्र के उपयोग करिे का अधधकार, यु उपदशितव कर सकेगा ाक वर्निमावता की अपिी गएणता आश्र्ासि प्रणा ी के अतं गतव समाि, िडजाइि और प्राक्रया र्ा े व्य्क्तगत आधार पर अथर्ा निरंतर उत्पादि के अधीि वर्निशमतव उत् पाद प्रमाणपत्र में उपदशितव वर्निठदवष्ट आर्श्यकताओं को पूरा करता ुा। पररभािाऍ ं 2. (1) ""ततृ ीय पिकार प्रयोगिा ा"" स े ब्यूरो द्र्ारा स् थावपत, अिएरक्षित या मान्यता प्राप्त प्रयोगिा ा या ब्यूरो द्र्ारा पेि ीकृत सरकारी प्रयोगिा ाऍ ं या ब् यूरो की कायकव ारी सशमनत द्र्ारा वर्नि्श्चत कोई प्रयोगिा ा अशभप्रेत ुा। स् कीम की प्राक्रया 3.(1) चयि :- (क) व्य्क्त, िमूिे और वर्निठदवष्ट उत्पाद को ागू ुोिे र्ा ी वर्निठदवष् ट अपेिाओं की पुचाि करेगा ्जिके श र्ु अिएपतपता प्रमाणपत्र प्राप्त करिे का आिय रखता ुा और िमूि े स े संबंधधत नि िश िखत ब् यौरे इस स्क ीम से उपाबद्ध प्रपतप-I में प्रस् तएत करेगा, अथावत: - (i) ाकस्म /र्ग्ेड/टाइप/आकार; (ii) परीिण ाक ग िमूिा(ि ) की पुचाि के श फोटोर्ग्ाफ (iii) वर्निमावता का पूरा पता; (iv) वर्निमावण की तारीख (खें); (v) िडजाइि; (vi) निमावण प्राक्रया का र्णिव ; तथा (vii) कच्चा मा (ख) व्य्क्त उत्पाद के उप-पारा (1) के खडं (क) में यथा उपबंधधत निठदवष्ट अपेिाओं के श तीसरे पिकार की प्रयोगिा ा द्र्ारा जारी की गई परीिण ररपोटव आर्ेदि सठुत प्रस्तएत करेगा।"
275,1,"(2) अर्धारण- (क) आर्ेदि तब प्राप्त ुोिे पर ब्यूरो आर्ेदि में दी ग जािकारी की पूणतव ा की जांच करेगा; (ख) जब आर्ेदि पूरा ुोगा, तब ब्यूरो उत्पाद की अिएपतपता की जांच वर्निठदवष् ट अपेिाओं तक करेगा। (3) पएिवर् व ोकि - वर्निठदवष्ट अपेिाओं के सुी ुोिे और अिएपतपता के श परीिण ररपोटव और िमूिे के ब् यौर का पएिवर् व ोकि ाकया जा गा। (4) वर्निश् चय – अिएपतपता प्रमाणपत्र अिएदत् त करिे का वर्निश् चय वर्निठदवष्ट अपेिाओं तक उत् पाद के पएिवर् व ोकि और अिएपतपता के निष्किो के आधार पर ब् यूरो द्र्ारा श या जा गा। (5) अिएप्रमाणि - (क) ब्यूरो इस स् कीम में सं ग्ि से उपाबद्ध प्रपतप-2, ाकसी व्य्क्त को अिएपतपता प्रमाणपत्र प्रदाि करेगा; (ख) वर्देिी वर्निमावताओं के माम े में, अिएपतपता प्रमाणपत्र प्रदाि करिे के श करार जो क सौ पतपये के गार-न्य ानयक स् टांप पेपर पर सं यकत: निष्पाठदत िनतपूनत व बंधपत्र, यथा्स्थनत वर्देिी वर्निमावता या उिके प्राधधकृत भारतीय प्रनतनिधध द्र्ारा जमा ाकया जा गा। (ग) वर्देिी निमावता भारतीय ररजर् व बकैं द्र्ारा अिएमोठदत भारत में अपिी िाखा र्ा े ाकसी भी बकैं द्र्ारा जारी दस ुजार अमेररकी ड र के श निष्पादि बकैं गारंटी प्रस् तएत करेगा। शिकायत 4. (1) ब्यूरो, अिएपतपता प्रमाणपत्र के अतं गतव आिे र्ा ी उत्पाद की गएणता के बारे में प्राप्त ाकसी भी शिकायत को अशभस्र्ीकार करेगा और अन् र्ेिण करेगा। (2) शिकायत समापि करिे की कारवर्ाई िब्बे ठदि के भीतर परीिण के समय को छोडकर, जुां उत्पाद का परीिण अन् तर्शव त ुा, पूरी की जा गी । फीस 5.(1) आर्ेदि फीस र्ं िर्ीकरण आर्ेदि फीस क ु़ार रुप ुोगी। (2) अिएपतपता प्रमाणपत्र के उपयोग के श र्ाविवक अिएपतपता प्रमाणपत्र फीस बड े उद्योग के श पचास ुजार रुप प्रनतर्ि व ुोगी और सू्म, घए और मध्यम उद्यम के श बीस प्रनतित की छूट ुोगी, ्जसका संदाय अधर्ग्म पतप में ाकया जा गा। स्पष्टीकरण -उप-पारा (2) के प्रयोजि के श सू्म, घए और मध्यम उद्यम पद के र्ुीं अथ व ु गे जो उिका सू् म, घए और मध् यम उद्यम वर्कास अधधनियम, 2006 (2006 का 27) में ुैं।"
276,1,"(3) यठद अिएपतपता प्रमाणपत्र रद्द कर ठदया जाता ुा, तो र्ाविकव अिएपतपता प्रमाणपत्र फीस ौटाई िुीं जा गी। ेबश गं और धचन्ु ांकि अपेिा ं 6. (1) प्रत्येक उत्पाद या पाकेज या दोि तरफ अिएपतपता प्रमाणपत्र संख्या के साथ धचन् ुांाकत ाकया जा गा। (2) मािक की अपेिाओं के अिएसार, उत्पाद ब् यौरा, ्जसमें उत् पाद, ाकस् म, ट या बाच संख्या, निमाणव की तारीख या सप्ताु, वर्निमावता का पूरा पता स् मश त ुो सकेगा, जो ाक उत्पाद या पाके्जंग पर धच्न्ुत ुोगा या उत्पाद से सं ग् ि ेब में अतं वर्ष्व ट ुोगा। (3) धचन्ु ांकि ब् यौर में ब्यूरो की र्ेबसाइट का संदभ व अतं वर्ष्व ट ुोगा, तााक उपभोक्ता उत्पाद के प्रामािणकता का सत् यापि कर सके। (4) यठद अिएपतपता प्रमाणपत्र संख् या उत्पाद या पका े्जंग पर र्ास् तवर्क पतप से िुीं गाया जा सकता, तो यु परीिण प्रमाणपत्र पर ठदया जा गा। (5) ाकसी भी वर्निठदवष् ट उत्पाद के श , अनतररक्त ेबश गं और धचन्ु ांकि संबंधी अपेिाओं को ब्यूरो द्र्ारा वर्निठदवष्ट ाकया जा सकेगा, ्जसका अिएपतपता प्रमाणपत्र का धारक अिएपा ि करेगा। अिएपतपता प्रमाणपत्र की ित त 7. (1) अिएपतपता प्रमाणपत्र की ितदेश इि वर्नियम के वर्नियम 14 के अिएसार ुोगी। अिएपतपता प्रमाणपत्र की र्ाधता 8. (1) अिएपतपता प्रमाणपत्र आरंभ में कम से कम क र्ि व और दो र्ि व तक के श प्रदाि ाकया जा गा। (2) अिएपतपता प्रमाणपत्र, कम से कम क र्ि व की और अर्धध और पांच र्ि व तक की अर्धध के श िर्ीकृत ाकया जा सकेगा। (3) इस तथ्य के ुोते ुए भी ाक अिएपतपता प्रमाणपत्र िर्ीकृत ाकया गया ुा, जासे ुी वर्निठदवष्ट अपेिाओं में संिोधि ाकया जाता ुा या पएिरीिण ाकया जाता ुा, रद्द समीा जा गा। अिएपतपता प्रमाणपत्र का िर्ीकरण 9. (1) ब्यूरो को अिएपतपता प्रमाणपत्र के िर्ीकरण के श आर्ेदि अिएपतपता प्रमाणपत्र की समा्प्त के तीि मास पु े इस स्क ीम से उपाबद्ध प्रपतप -3 में आर्ेदि करेगा । (2) ब्यूरो इस स् कीम के उपाबद्ध प्रपतप-4 में अिएपतपता प्रमाणपत्र को िर्ीिीकृत करेगा। (3) इि वर्नियम के वर्नियम 16 के अिएसार अिपतए पता प्रमाणपत्र का िर्ीकरण ाकया जा गा।"
277,1,"नि ंबि 10. (1) (क) अिएपतपता प्रमाणपत्र धारक अपिे प्रमाणपत्र के प्रयोग को ब् यूरो को सूधचत करत े ुए स् र्त: नि ् बत करेगा, यठद ाकसी भी समय, अिएपतपता प्रमाणपत्र के अतं गतव आिे र्ा े उत् पाद की वर्निठदवष्ट अपेिाओं तक उत् पाद की अिएपतपता के अिएरिण में कठििाई ुोती ुाया कोई भी परीिण उपकरण खराब ुो जाता ुा या प्राकृनतक आपदाओं जासे ाक बाा , आग, भूकंप, प्रबंधि द्र्ारा घोवित ता ाबंदी या क सिम न्याया य या कािूिी प्राधधकारी द्र्ारा निदेशित प्रचा ि के समापि का कारण ुोता ुा; (ख) जासे ुी कशमय को ुटा ठदया जाता ुा, नि ंबि र्ापस ाकया जा सकता ुा और इस की सूचिा ब्यरू ो को सा र्ापसी के तएरंत ाकन् त ए सी र्ापसी के सात ठदि के अपश्च ात दी जा गी; (ग) अिएपतपता प्रमाणपत्र धारक इसके प्रयोग को इसकी सूचिा ब् यूरो को देते ुए स् र्त: नि ंबबत करेगा, यठद वर्निमावण इकाई के ि पररसर में स्थािांतररत ुो जाती ुा। (2) (क) ब्यूरो अिएपतपता प्रमाणपत्र नि ंबबत कर सकता ुा और इसके उपयोग को ाकसी भी समय रोकिे के श धारक को निदेशित कर सकता ुा, यठद ाकसी समय उत् पाद अिएपतपता प्रमाणपत्र के अतं गतव आिे र्ा े उत् पाद वर्निठदवष् ट अपेिाओं के अिएपतप िुीं ुैं, उत् पाद की गार- अिएपतपता के श पयावप् त सा् य ुा और सा्य में नि िश िखत क या अधधक िाशम ुो सकते ुैं अथावत: - (i) वर्निमावण प्राक्रया, िडजाइि और कच्च े मा में उपांतरण; तथा (ii) ब् यरू ो द्र्ारा समय-समय पर जारी ाक ग ाकसी भी निदेि का पा ि ि करिा। (ख) सा अिएपतपता प्रमाणपत्र धारक ्जसका अिएपतपता प्रमाणपत्र नि ंबि के अतं गतव ाकया गया ुा, इसका उपयोग बदं कर देगा और र्ु अिपतए पता प्रमाणपत्र के अतं गतव आि े र्ा े उत्पाद का प्रेिण भी बंद कर देगा; (ग) सएधारात्मक कारवर्ाई की पए्ष्ट ाक जािे के िीक बाद में खडं (क) के अतं गतव की गई कारवर्ाई के संबंध में क पए्ष्टकरण, ब्यूरो को तएरंत भेजा जा गा; (घ) ब्यूरो का स्र्यं का यु समाधाि ुो जािे के बाद नि ंबि के प्रनतसंुरण को अिएज्ञात कर सकेगा ाक प्रमाणपत्र धारक िे आर्श् यक सएधारात् मक कायर्व ाुी की ुा । (3) ब् यरू ो, जब अपेक्षित फीस का संदाय िुीं ाकया जाता ुा, इक्कीस ठदि का िोठटस जारी करिे के बाद अिएपतपता प्रमाण पत्र नि ंबबत कर सकता ुा और इसके धारक को अिएपतपता प्रमाण पत्र का प्रयोग रोकिे के श निदेशित कर सकता ुा और प्रमाणपत्र धारक द्र्ारा िोध् य के संदाय पर नि ंबि प्रनतसंृतत ाकया जा सकता ुा। अिएपतपता प्रमाणपत्र का रद्दकरण 12. ब्यूरो अिएपतपता प्रमाणपत्र को इि वर्नियम के वर्ियम 19 के अिएसार रद्द कर सकता ुा।"
278,1,प्रपतप-1 (स् कीम 7 के पारा 3 के उप-पारा (1) का खंड (क) देखें) भारतीय मािक ब्यूरो उत्पाद प्रमाणि स्क ीम अिएपतपता प्रमाण पत्र अशभप्राप् त करिे के श आर्ेदि फम व का परू ा िाम पता टेलीफोन कायाव य गांर्/िुर ्ज ा राज्य देि वपिकोड फैक्स ई-मे पता टेलीफोन फाक् टरी फैक्स गांर्/िुर ्ज ा राज्य देि वपिकोड ई-मे िाम पदिाम िाम पदिाम प्रबधं ि 1 1 2 प्रबधं ि गणए ता नियत्रं ण भार साधक 2 3 3 4 4 िाम टे ीफोि ई-मे संपकव व्य्क्त बड़ा क़ाय़ावलय पनललक‍ स्के क़ारख़ाऩा स ूक्ष् ‍य ‍ ल घ ‍ुम ध् ‍य म ‍ पत्राचार का पता सेक्टर ननजी मध्‍ययम‍ फैक्‍टरी‍यनूनट क प्ऱाइर्टे यु आर्ेदि अिपतए पता प्रमाण पत्र प्राप्त करिे के श ाकया जा रुा ुा उत् पाद अपेिा ं संदभ व वर्निठदवष्ट अपेिा ं
279,1,"उत् पादि की इकाई र्तमव ाि संस् थावपत िमता मात्रा राशि (पत) फीस के ब् यौरे राशि(रु.) तारीख के साथ बीजक सं. फम व की मएरा ुस्तािर िाम फम व का पिा ि.ं पदिाम आर्ेदि की तारीख िडआई ि ि.ं(निदेिक के माम े में) पिा ि.ं (अन्य माम ो में) मुत्त्र्पणू व : आर्ेदि पर फम व के मएख्य कायपव ा क अधधकारी या उसकी अिपए ्स्थनत में प्राधधकृत प्रनतनिधध द्र्ारा ुस्तािर ुोिा चाठु नि िश िखत दस् तार्ेज की उप ब् धता इंधगत करें। इि दस् तार्े़ को आर्ेदि के साथ प्रस् ततए करिा आर्श्य क ुा। क्रम दस् ताऱ्े ु /ंिुीं/ ाग ू स.ं िुीं 1. फाक् टरी के िाम र् पत े का प्रमाण (फम व के र्जस्ि ार का प्रमाणपत्र अथर्ा औद्योधगक मुानिदेिा य का प्रमाणपत्र अथर्ा औद्योधगक केन्र का प्रमाणपत्र अथर्ा अिच्ए छेद के ज्ञापि अथर्ा पररसर पर फम व की काििू ी अधधर्ग्ठुता दिाविे र्ा ा र्धा प्टा इत् याठद) 2. र्धा म स मई प्रमाणपत्र, यठद ाग ू ुो 3. प्राधधकृत प्रनतनिधधत् र् पत्र, यठद आर्ेदि पर फम व के मख्ए य कायपव ा क अधधकारी सीईओ से शभन्ि व् य्क्त द्र्ारा ुस् तािर ाक ग ु 4. निमावण प्राक्रया प्रर्ाु चाटव 5. मिीिरी सचू ी वर्निमावण 6. क् या कोई वर्निमावण काय व आउटसोस व ाकया गया ुा 7. उत् पादि काय व की आउटसोशसगिं का करार, यठद ुो 8. कच् ची सामर्ग्ी की सचू ी 9. उत् पाद का िडजाइि 10. परीक्षित िमिू े (िमिू ) का फोटो 11. ाकस् म/र्ग्ेड/टाइप/आकारइत् याठद और उत्प ादि िमिू े (िमिू ) की उत् पादि तारीख 12. ततृ ीय पिकार प्रयोगिा ा की परीिण ररपोटव (ररपोटत) ठटप् पणी : अधधक जािकारी के श कृपया आप ुमारी र्ेबसाइट hhtttptpss:/://w/wwww.wbi.sb.i.sgo.gvo.inv/. in/ देखें।"
280,1,"प्रपता - 2 न स् कीम 7 क ारै ा 3 क उा-ारै ा न5व ि खेंव भारतीय मानक ब्यरू ( ुनरुू ाता का प्रमा ात्र अिएरुपता का प्रमाणपत्र संख्या ------------------------------- द्ध़ाऱा भारतीय मािक ब्यूरो अधधनियम, 2016 (2016 का 11) इसे प्रदॉ िा्क्त के आधार पर ब् यरू ो नि ि श िखत को :- मासज व (्जसे इसमें इसके पश् चात प्रमाणपत्र धारक कुा गया ुा) यु अिएरुपता का प्रमाणपत्र इसके साथ सं ग् ि अिएसूची के प्रथम स् तंभ में उ्ल िखत अथर्ा उक् त अिएसूची के दसू रे स् तंभ में उ्ल िखत वर्िय िेत्र के संदभ व में उत्पाद, जो समय समय पर संिोधधत अथर्ा पएिरीक्षित उक् त अिएसूची के दसू रे स् त भ में निठदवष् ट वर्निठदवष् ट अपेिाओं के अिएसार वर्निशमतव ुैं, के श अिएदत् त ाकया जाता ुा । 2. इस अिएरुपता प्रमाणपत्र में, प्रमाणपत्र धारक की ओर से अिएरुपता के प्रमाणपत्र की ितो के पतप में, जो संलग्न ाक ग उपाबंध में ठदये गये ुैं। यु प्रमाणपत्र केर् अिएसूची में यथा उ्ल िखत िाम, कारखािे का पता और अर्धध के श र्ाध ुोगा और स् कीम में वर्निठदवष् ट ाक ग अिएसार िर्ीकृत ाकया जा सकेगा।"
281,1,"ुनूसूची नुनूरुाता का प्रमा ात्र संख्या -------------------------------व िाम कारखािे का पता र्ाधता ------------------- से --------------------------- तक यु अिएरुपता का प्रमाण पत्र मासज-व ----------------------------को , वर्निमावता द्र्ारा प्रस्तएत ाकया गया उत्पाद का प्रनतरुप िमूिा (िें) के जांच के कारण , अिएदत् त ाकया जाता ुा ्जसके अिएप्रमािणत पररणाम सं ग्ि ुा। उपरोक्त िमूिे (िमूि ) के अिएप्रमािणत िडजाइि, निमावणकारी प्राक्रया, कच्ची सामधर्ग्यां ओर फोटोर्ग्ाफ भी सं ग्ि ुैं। उत्पाद अिएरुपता का प्रमाणपत्र का वर्िय िेत्र (1) (2) आज र्ि-व --------- के -----------मास की --------------- तारीख के ठदि ुस्तािररत, मएरांाकत ाकया गया। भारतीय मािक ब्यूरो के श पदिाशमत प्राधधकारी का िाम और ुस्तािर"
282,1,"उााबंधा नुनूरुाता का प्रमा ात्र संख्या-----------------व अिएरुपता के प्रमाणपत्र की ितदेश 1) उि वर्निठदवष् ट अपेिाओं के श अिएरुपता के प्रमाणपत्र का धारक मा , चीजें, प्रणा ी या सेर्ा का वर्निठदवष्ट अिएरुपता के श उत् तरदायी ुोगा,्जिके संबंध में अिएरुपता प्रमाणपत्र जारी ाकया गया ुा। (2) अिएपतपता प्रमाणपत्र धारक उस मा , चीजें, प्राक्रया, प्रणा ी या सेर्ा के संबंध में अिएपतपता प्रमाणपत्र का उपयोग िुी ं करेगा, जो गार-अिएपतप अथर्ा अिपतए पता प्रमाणपत्र वर्िय िेत्रसे बाुर ुैं। (3) आस्थ गि या नि ंबि के दौराि या अिएपतपता के प्रमाणपत्र के रदद्करण या समा्प्त के पश् चात ाकसी भी मा , चीज, प्राक्रया, प्रणा ी या सर्े ा के सबं ंध में अिपतए पता प्रमाणपत्र का प्रयोग िुीं ाकया जा गा। (4) अिएपतपता प्रमाणपत्र धारक ेबश गं और धचन्ु ांकि अपेिाओं सठुत अिएपतपता मूलयांकि स् कीम के उपबंध का अिपए ा ि करेगा, ्जसके अधीि अिपतए पता प्रमाणपत्र अिएदत् त ाकया गया ुा। (5) अिएपतपता प्रमाणपत्र धारक ब् यूरो द्र्ारा समय-समय पर यथा वर्निठदवष्ट अशभ ेख का रखरखार् करेगा । (6) अिएपतपता प्रमाणपत्र धारक अपि े पररसर में निरीिण या संपरीिा मूल यांकि करिे के संबंध में ब्यूरो को सभी सुायता प्रदाि करेगा। (7) अिएपतपता प्रमाणपत्र धारक अिएपतपता प्रमाणपत्र में आिे र्ा े उत्प ादि संबंधी सूचिा जब और जासे ब्यूरो द्र्ारा अपेक्षित ुो प्रदाि करेगा। (8) यठद अिएपतपता प्रमाण पत्र मा या चीज के श अिएदत् त ाकया जाता ुा, तो अिएपतपता प्रमाणपत्र धारक उि प्रेविनतय , वर्तरक , व् यौुारी या खएदरा वर्क्रेताओं की सूची प्रदाि करेगा, ्जिको अिएपतपता प्रमाणपत्र के अधीि मा या चीज की आपूनत व की गई ुा। (9) अिएपतपता प्रमाणपत्र ब्यूरो के पूर् व अिएमोदि के बबिा ाकसी भी व्य्क्त को अंतररत िुीं ाकया जा गा। (10) यठद अिएपतपता प्रमाणपत्र के अतं गतव आिे र्ा े ाकसी भी मा , र्स् त,ए प्राक्रया, प्रणा ी या सेर्ा की गणए ता के बारे में शिकायत प्राप्त ुोती ुा, तो अिपतए पता प्रमाणपत्र धारक उपयएक्त सएधारात्मक कारवर्ाई करेगा, तााक भवर्ष्य में सी शिकायत की पएिरार्वृ ॉ को समाप् त ाकया जा सके। (11) ब्यूरो को अिएपतपता प्रमाणपत्र धारक को कम से कम क मास का िोठटस देकर अिएपतपता प्रमाणपत्र की ाकसी भी ित व में संिोधि करिे का अधधकार ुोगा।"
283,1,"फ म-ण 3 (स् कीम 7 के परा ा 9 के उप-परा ा (1) देखें) अिपतए पता प्रमाणपत्र के िर्ीकरण के श आर्ेदि प्रधाि...................... िाखा कायाव य भारतीय मािक ब्यरू ो मुोदय/मुोदया, म/ैंुम ...............................(कारखािा और कायाव य का पणू व पता) में कारबार करता ुूं/करत े ुैं और अिपतए पता प्रमाणपत्र सख्ं या .............जो समय-समय पर सिं ोधधत भारतीय मािक ब्यरू ो अधधनियम 2016 और तदधीि बिाये ग नियम और वर्नियम के अधीि ब्यरू ो द्र्ारा अिदए त् त ाकया गया ुा, को ............... से .................. तक की अर्धध के िर्ीकरण के श आर्ेदि करत े ुैं, इसकी ित देश र्ुीं ु गी, जो पर्ू ोक् त प्रमाणपत्र में नियत की गई ुैं और समय समय पर सिं ोधधत की गई ुैं। 2. प्रमाण के अतं गतव ठद ग मा के उत्पादि के ब् यौरे निष्पादि ररपोटव में ठद ग ुें जो इसके पीछे गी ुैं और ्जसे ुमारी कंपिी के मख्ए य कायपव ा क अधधकारी/प्राधधकृत ुस्तािरकताव द्र्ारा वर्धधर्त पतप से अिप्रए मािणत ाकया गया ुा i 3 . म/ैंुम नि िश िखत देय राशिय के श इसके साथ..........................पतप की रसीद सख्ं या .................... तारीख..............रु ..................स ं ग्ि कर रुे ुैं : I) िर्ीकरण आर्ेदि फीस रु. II) र्ाविकव अिपतए पता प्रमाणपत्र फीस रु............... III) पर्ू व िोध् य/अन्य फीस (भारतीय मािक ब्यरू ो की सचू िा के अिसए ार),यठद कोई ुो IV) कए रकम रु............................ ुस्तािर तारीख िाम पदिाम फम व की मरए ा के श और उिकी ओर स े"
284,1,"रनष्ाािन की ररा(टण (ररपोटव के अतं गतव आिे र्ा ी................. से ............... तक की अर्धध) उत्पाद का िाम ....................... अिपतए पता प्रमाणपत्र सख्या: 1 .चीज का कए उत्पादि 2 .अिपतए पता प्रमाणपत्र के अतं गतव आिे र्ा ा उत्पादि और उसका गभग मलू य 2 .1 मात्रा............................ 2 .2 मलू य.........................(पत.) 3 .अिपतए पता प्रमाणपत्र के अतं गतव ि आि े र्ा ी मात्रा, यठद कोई ुो और सी मात्रा के इसके अतं गतव ि आि े के श कारण 4 .अिपतए पता प्रमाणपत्र के अतं गतव आिे र्ा े मा के श सघं /राज्य सरकार मत्रं ा य /वर्भाग / उपक्रम इत्याठद (यठद ाग ू ुो) सठुत सभी क्रेताओं के िाम और पत े 5 .उ्ल िखत अर्धध के श मास-र्ार उत्पादि वर्र्रण ठटप्पण : यठद अपेक्षित ुो, तो अ ग िीट स ं ग्ि करें"
285,1,"फ म ण – 4 (स् कीम 7 के पारा 9 का उप-पारा (2) देखें) अिएपतपता प्रमाणपत्र (सी ओ सी) का सं ग्िक संख्या -------------------- सी ओ सी कारखािे के पते के साथ प्रमाणपत्र के धारक का उत्पाद का िाम संख्या िाम पष्ृ िांकि संख्या................. तारीख................ जबाक, प्रमाणपत्र ................. तक र्ाध था, *और, जबाक िर्ीकरण को .................. तक आस्थधगत कर ठदया गया था और प्रमाण पत्र धारक को ...................... से ..................... तक प्रमाण पत्र का उपयोग करिे के श अिएज्ञात ाकया गया (*जो ागू ि ुो उसे काट दें), अब, िर्ीकरण के पररणामस्र्रुप, मू प्रमाणपत्र, पष्ृ िांकि संख् या ---------------------------- की अिएसूची में ठद ग प्रमाण पत्र की र्ाधता को ...............से ............ तक बा ा ठदया गया ुा। प्रमाण पत्र की अन्य ितदेश कसमाि रुेंगी (पदिाशमत प्राधधकारी के ुस्तािर/ पदिाशमत प्राधधकारी का िाम) …………………………………………… ( च. . उपेंदर) र्ाज्ञानिक जी र्ं डीडीजी (सी र्ं पीपी & सी), भारतीय मािक ब्यूरो # राजपत्र अधधसूचिा फा. संख्या बी स/11/11/2018 ठदिांक 12 अक्तूबर 2018 के माध्यम से प्रनतस्थावपत"
286,1,"Bureau of Indian Standards (Conformity Assessment) Regulations, 2018 [ Published in the Gazette of India, Extraordinary, Part-III, Section 4 ] Government of India Ministry of Consumer Affairs, Food and Public Distribution ( Department of Consumer Affairs ) ( BUREAU OF INDIAN STANDARDS ) NOTIFICATION New Delhi, the 04th June, 2018 F. No. BS/11/11/2018. - In exercise of the powers conferred by section 39 read with section 12 and 13 of the Bureau of Indian Standards Act, 2016 (11 of 2016), and in supersession of the Bureau of Indian Standards (Certification) Regulations, 1988 except as respects things done or omitted to be done before such supersession, the Executive Committee of the Bureau of Indian Standards, with the previous approval of the Central Government, hereby makes the following regulations, namely:- 1. Short title and commencement. - (1) These regulations shall be called the Bureau of Indian Standards (Conformity Assessment) Regulations, 2018. (2) They shall come into force on the date of their publication in the Official Gazette. 2. Definitions. – (1) In these regulations, unless the context otherwise requires, – (a) ""Act"" means the Bureau of Indian Standards Act, 2016; #(b) ""rules"" means the Bureau of Indian Standards Rules, 2018; (c) “first party” means a person or organisation that provides the goods, article, process, system or service for conformity assessment; (d) “Schedule” means the Schedule annexed to these regulations; (e) “Scheme” means the Scheme annexed to Schedule-II; (f) “specified requirement” means the stated need or expectation that goods, article, process, system or service is required to fulfil and includes essential requirements; (g) “third party” means a person or body that is independent of the person or organisation that provides goods, article, process, system or service for conformity assessment, and has no user interest. (2) The words and expressions used in these regulations and are not defined but defined in the Act or the rules shall have the meanings respectively assigned to them in the Act and the rules. 3. Conformity assessment scheme.- (1) The conformity assessment scheme shall be as specified in Schedule – I, and may include the following, namely:- (a) scope; (b) selection, determination, review, decision, attestation and surveillance; (c) design, use and control of the Standard Mark, if applicable; (d) inspection and testing plan or quality manual, calibration schedule and records to be maintained by the first party; (e) fees to be paid before or during the operation of licence or certificate of conformity. (2) The different types of conformity assessment schemes shall be as specified in Schedule-II."
287,1,"4. Application for grant of licence to use or apply a Standard Mark.- (1) An application for grant of licence to use or apply a Standard Mark under section 13 shall be made to the Bureau in the form specified in the applicable Scheme in Schedule-II. (2) The processes involved in grant of licence and fee, shall be as specified in the Scheme in Schedule-II. (3) On receipt of application under sub-regulation (1), the Bureau may make enquires for verification of the particulars set out in the application and also such other enquiries as it may deem necessary. (4) The Bureau may ask the applicant or its authorised representative to appear before it for personal representation before the grant of licence. (5) The authorised representative specified under sub-regulation (4) shall be based in India. (6) An application which is not complete in all respects or does not conform to the requirements of sub- regulation (1) and (2) shall be rejected by the Bureau: Provided that before rejecting an application, the applicant shall be given an opportunity to remove, within thirty days of the date of receipt of relevant communication from the Bureau, such objections as may be indicated by the Bureau: Provided further that the Bureau may on sufficient reason being shown, extend the time not exceeding thirty days, as the Bureau may consider fit to enable the applicant to remove such objections: Provided also that the Bureau shall, give a reasonable opportunity to the applicant of being heard, either in person or through a representative authorised by him in this behalf, and may take into consideration any fact or explanation furnished by the applicant or his representative, as the case may be. 5. Grant of licence to use or apply a Standard Mark.- (1) The Bureau on being satisfied that the applicant is eligible for grant of licence, shall grant licence to use or apply a Standard Mark in form specified in the applicable Scheme in Schedule-II. (2) The grant of licence under sub-regulation (1) shall be subject to the payment of fee specified in the applicable Scheme in Schedule-II. 6. Conditions of licence to use or apply a Standard Mark.- (1) The design of Standard Mark shall be identical to the facsimile given in the licence. (2) The photographic enlargement or reduction of the Standard Mark may also be used, unless otherwise specified by the Bureau. (3) The licensee shall be responsible for the conformity of the goods, article, process, system or service to the Indian Standard in relation to which Standard Mark is used or applied. (4) The licensee shall not use the Standard Mark in relation to goods, articles, process, system or service which are non –conforming or outside the scope of the licence."
288,1,"(5) If goods and articles in relation to which a Standard Mark has been used do not conform to the requirements of the relevant standard, the Bureau may direct the licensee or his representative to recall the non-conforming goods and articles. (6) The Standard Mark shall not be used or applied in relation to any goods, article, process, system or service during deferment or suspension, as the case may be, and after expiry or cancellation of the licence. (7) The licensee shall comply with the provisions of the conformity assessment scheme under which licence is granted, including labelling and marking requirements. (8) The licensee shall maintain records as specified by the Bureau from time to time. (9) The licensee shall provide the Bureau all assistance in connection with carrying out inspection or audit or evaluation, as applicable, at its premises. (10) The licensee shall provide information relating to production and use or applying of Standard Mark as and when it is required by the Bureau. (11) If the licence is granted to use or apply Standard Mark on goods or articles, the licensee shall provide the list of consignees, distributors, dealers or retailers to whom goods or articles with Standard Mark is supplied. (12) The licence shall not be transferred to any person without the prior approval of the Bureau. (13) If a complaint regarding quality of any goods, article, process, system or service bearing Standard Mark is established, the Bureau may direct the licensee or his representative, as the case may be, to repair or replace or reprocess the standard marked goods and articles. (14) The Bureau shall have the right to amend any of the conditions of licence by giving a notice of thirty days to the licensee. 7. Validity of licence.- A licence to use or apply a Standard Mark shall be valid for a period as specified in the applicable Scheme in Schedule-II. 8. Renewal of licence to use or apply a Standard Mark.- (1) An application for renewal of licence shall be made to the Bureau in the stipulated form along with the fee, as specified in the applicable Scheme in Schedule-II. (2) The application under sub-regulation (1) shall be made to the Bureau before the expiry of the validity of licence as specified in the applicable Scheme given in Schedule-II. (3) On receipt of an application under sub-regulation (1), the Bureau may renew or recertify the licence in accordance with the applicable Scheme specified in Schedule-II. (4) If renewal application with requisite fee is not received before the expiration of the validity, the renewal of licence may be deferred for a period of up to ninety days from the date of its validity:"
289,1,"Provided that if renewal application with requisite fee is not received within the period of deferment, the licence shall stand expired after the date of its validity. (5) If the renewal application is made after the validity of the licence, the application shall be accompanied by late fee of rupees five thousand. (6) If the renewal application and fee is received and the licence is under suspension, licence shall not be renewed till the suspension is revoked. (7) If suspension is not revoked till the end of its validity, renewal may be deferred for a period of up to one hundred and eighty days from the date of its validity. (8) If discrepancies which led to the suspension of the licence are removed during the period of deferment, the licence may be renewed from the date of its validity. (9) If discrepancies which led to the suspension of the licence are not removed during the period of deferment, the licence shall stand expired after the date of its validity. 9. Change in scope of licence to use or apply a Standard Mark.- (1) An application for change in the scope of licence shall be made to the Bureau in the stipulated form along with fee as specified in the applicable Scheme in Schedule-II. (2) On receipt of an application under sub-regulation (1), the Bureau after making such enquiry as it deems proper, may extend the scope of the licence in the form specified in the applicable Scheme in Schedule-II. (3) If at any time, the Bureau has reasons to reduce the scope of a licence, it shall do so after serving a notice of one month to the licensee. 10. Suspension of licence to use or apply a Standard Mark.- (1) The Bureau shall by an order in writing suspend the licence whenever it has sufficient evidence that goods, article, process, system or service for which licence has been granted may not be conforming to the standard. (2) The Bureau shall suspend the licence if the licensee has not paid the requisite fee. (3) Before the suspension of licence under sub-regulation (2), a notice of twenty one days shall be given to the licensee. (4) On receipt of communication regarding suspension of licence, the licensee shall forthwith stop using Standard Mark under intimation to the Bureau. (5) The Bureau may revoke suspension after satisfying itself that the licensee has taken necessary corrective actions or the fee has been paid. (6) The suspension and revocation of licence, as the case may be, shall be made as specified in the applicable Scheme in Schedule-II. (7) If the complaint regarding quality of any goods, article, process, system or service bearing Standard Mark is established, licence may be suspended and licensee shall be required to take corrective actions."
290,1,"(8) The revocation of suspension under sub-regulation (6) shall be permitted only after satisfactory verification of corrective actions. 11. Cancellation of licence to use or apply a Standard Mark.- (1) The Bureau may by order in writing cancel the licence after giving a notice of not less than twenty one days, if - (a) the licensee fails to comply with any of the conditions of the licence; (b) the licence has been issued in error. (2) Any explanation submitted by the licensee on receipt of notice under sub-regulation (1) may be taken into consideration by the Bureau and a reasonable opportunity of being heard, either in person or through a representative authorised shall be given to the licensee. (3) In the case of compounding of offence, the licence shall not be processed for cancellation. (4) If no explanation is received, the Bureau may, on the expiry of the period of the notice, cancel the licence. (5) The Bureau may cancel the licence without giving any further notice if the licence has been under suspension for more than one year or the licensee requests for cancellation of licence. 12. Application for grant of certificate of conformity.- (1) If demonstration of conformity is desired without the use of Standard Mark, an application may be made for grant of certificate of conformity under section 13 to the Bureau in the form specified in the applicable conformity assessment scheme in Schedule II. (2) The processes involved in grant of certificate of conformity and fee shall be as specified in the applicable conformity assessment scheme in Schedule-II. (3) On receipt of application under sub-regulation (1), the Bureau may make enquires for verification of the particulars set out in the application and also such other enquiries as it may deem necessary. (4) The Bureau may ask the applicant or its authorised representative to appear before it for personal representation before the grant of certificate of conformity. (5) An application which is not complete in all respects or does not conform to the requirements of sub- regulations (1) and (2) shall be rejected by the Bureau: Provided that, before rejecting an application, the applicant shall be given an opportunity to remove, within thirty days of the date of receipt of relevant communication from the Bureau, such objections as may be indicated by the Bureau: Provided further that the Bureau may, on sufficient reason being shown, extend the time for removal of objections by such further time, not exceeding thirty days, as the Bureau may consider fit to enable the applicant to remove such objections:"
291,1,"Provided also that the Bureau shall, give a reasonable opportunity to the applicant of being heard, either in person or through a representative authorised by him in this behalf, and may take into consideration any fact or explanation furnished by the applicant or his representative, as the case may be. 13. Grant of certificate of conformity. - (1) The Bureau on being satisfied that the applicant is eligible for grant of certificate of conformity, shall grant the same in form specified in the applicable Scheme in Schedule-II. (2) The certificate of conformity may be granted whenever conformity to standard(s) or part of a standard or essential requirements is to be demonstrated in relation to: – (a) goods, article, process, system or service on continuous basis or goods and articles in a batch or lot; (b) goods, article, process, system or service on the basis of suppliers declaration of conformity; (c) goods and articles on the basis of initial testing in a laboratory for type approval with or without the right to use for subsequent production; (d) any other situation in which the Executive Committee of the Bureau decides that a certificate of conformity could be granted. (3) The grant of certificate of conformity under sub-regulation (1) shall be subject to payment of fee specified in the applicable Scheme in Schedule-II. 14. Conditions of certificate of conformity.- (1) The holder of certificate of conformity shall be responsible for the conformity of the goods, article, process, system or service to specified requirements in relation to which certificate of conformity is issued. (2) The holder of certificate of conformity shall not use the certificate of conformity in relation to goods, articles, process, system or service that are non-conforming or outside the scope of the certificate of conformity. (3) The certificate of conformity shall not be used in relation to any goods, article, process, system or service during deferment or suspension, as the case may be, and after expiry or cancellation of the certificate of conformity, as the case may be. (4) The holder of certificate of conformity shall comply with the provisions of the conformity assessment scheme under which certificate of conformity is granted, including labelling and marking requirements. (5) The holder of certificate of conformity shall maintain records as specified by the Bureau from time to time."
292,1,"(6) The holder of certificate of conformity shall provide the Bureau all assistance in connection with carrying out inspection or audit or evaluation, as applicable, at its premises. (7) The holder of certificate of conformity shall provide information relating to production covered under certificate of conformity as and when it is required by the Bureau. (8) If the certificate of conformity is granted in relation to goods or articles, the holder of certificate of conformity shall provide the list of consignees, distributors, dealers or retailers, as the case may be, to whom goods or articles under certificate of conformity is supplied. (9) The certificate of conformity shall not be transferred to any person without the prior approval of the Bureau. (10) If a complaint regarding quality of any goods, article, process, system or service covered under certificate of conformity is established, the holder of certificate of conformity shall take suitable corrective actions so as to eliminate recurrence of complaints in future. (11) The Bureau shall have the right to amend any of the conditions of certificate of conformity by giving a notice of thirty days to the holder of certificate of conformity. 15. Duration of certificate of conformity.- (1) The certificate of conformity shall be valid for a period as specified in the applicable Scheme in Schedule-II. (2) If the certificate of conformity is granted in relation to goods or articles of a batch or lot, it shall be a one-time certificate and duration of certificate of conformity is not applicable in these cases. 16. Renewal of certificate of conformity.- (1) An application for renewal of certificate of conformity shall be made to the Bureau in the stipulated form along with the fee, as specified in the applicable conformity assessment scheme in Schedule-II. (2) The application under sub-regulation (1) shall be made to the Bureau before the expiry of the validity of certificate of conformity as specified in the applicable Scheme in Schedule-II. (3) On receipt of application under sub-regulation (1), the Bureau may renew or recertify the certificate of conformity in accordance with the applicable conformity assessment scheme in Schedule-II. (4) If renewal application with requisite fee is not received before expiration of the validity, the renewal of certificate of conformity may be deferred for a period of up to ninety days from the date of its validity: Provided that if renewal application with requisite fee is not received within the period of deferment, the certificate of conformity shall stand expired after the date of its validity. (5) If the renewal application is made after the validity of certificate of conformity, the application shall be accompanied by late fee of rupees five thousand."
293,1,"(6) If the renewal application is received and the certificate of conformity is under suspension, certificate of conformity shall not be renewed till the suspension is revoked. (7) If suspension is not revoked till the end of its validity, renewal may be deferred for a period of up to one hundred and eighty days from the date of its validity. (8) If discrepancies which led to the suspension of the certificate of conformity are removed during the period of deferment, the certificate of conformity may be renewed from the date of its validity. (9) If discrepancies which led to the suspension of the certificate of conformity are not removed during the period of deferment, the certificate of conformity shall stand expired after the date of its validity. (10) If the certificate of conformity is granted in relation to goods or articles of a batch or lot, it shall be a one-time certificate and renewal of certificate of conformity is not applicable in these cases. 17. Change in scope of certificate of conformity.- (1) An application for change in the scope of certificate of conformity shall be made to the Bureau in the stipulated form along with fee as specified in the applicable Scheme in Schedule-II. (2) On receipt of an application under sub-regulation (1), the Bureau after making such enquiry as it deems proper, may extend the scope of the certificate of conformity in form specified in the applicable Scheme in Schedule-II. (3) If at any time, the Bureau has reasons to reduce the scope of a certificate of conformity, it shall do so after serving a notice of one month to the holder of certificate of conformity. 18. Suspension of certificate of conformity.- (1) The Bureau shall by order in writing suspend the certificate of conformity whenever it has sufficient evidence that goods, article, process, system or service for which certificate of conformity has been granted may not be conforming to the specified requirements. (2) The Bureau shall suspend the certificate of conformity, if the holder of certificate of conformity has not paid the requisite fee. (3) Before suspending the licence under sub-regulation (2), a notice of twenty one days shall be given to the holder of certificate of conformity. (4) On receipt of communication regarding suspension of certificate of conformity, the holder of certificate of conformity shall forthwith stop using certificate of conformity under intimation to the Bureau. (5) The Bureau may revoke the suspension after satisfying itself that the holder of certificate of conformity has taken necessary corrective actions or the fee has been paid. (6) The suspension and revocation of certificate of conformity, as the case may be, shall be done in accordance with the applicable Scheme in Schedule-II. (7) If complaint regarding quality of any goods, article, process, system or service covered under certificate of conformity is established, certificate of conformity may be suspended and its holder shall be required to take corrective actions."
294,1,"(8) The revocation of suspension under sub-regulation (6) may be permitted only after satisfactory verification of corrective actions. (9) If the certificate of conformity is granted in relation to goods or articles of a batch or lot, it shall be a one-time certificate and suspension or revocation of certificate of conformity is not applicable in such cases. 19. Cancellation of certificate of conformity.- (1) The Bureau may by order in writing cancel the certificate of conformity after giving a notice of not less than twenty one days, if, - (a) the holder of certificate of conformity fails to comply with any of the conditions of the certificate of conformity; (b) the certificate of conformity has been issued in error. (2) Any explanation submitted by the holder of certificate of conformity on receipt of notice under sub- regulation (1) may be taken into consideration by the Bureau and a reasonable opportunity of being heard, either in person or through a representative authorised shall be given to the holder of certificate of conformity. (3) In the case of compounding of offence, the certificate of conformity shall not be processed for cancellation. (4) If no explanation is received, the Bureau may, on the expiry of the period of the notice, cancel the certificate of conformity. (5) The Bureau may cancel the certificate of conformity without giving any further notice if the certificate of conformity has been under suspension for more than one year or the holder of certificate of conformity requests for cancellation of certificate of conformity."
296,1,"Schedule - II Scheme - I Conformity assessment scheme for Grant of licence to use or apply Standard Mark on goods and articles as per Indian Standard (based on scheme Type E as per Schedule-I) Scope 1. (1) Under this Scheme which is based on Type E, licence to use or apply a Standard Mark may be granted by the Bureau for goods or articles, herein after referred to as products, manufactured in a manufacturing premises and conforming to all the requirements of the relevant Indian Standard(s). Explanation.- For the purposes of sub-paragraph (1), manufacturing premise(s) means the premises, either owned by the applicant or otherwise, where a part of the manufacturing activity takes place and includes the premises where the final manufacturing activity is carried out and where Standard Mark is to be used or applied. (2) The grant of licence and its operation shall be done in accordance with the processes specified in paragraph 3. Definitions 2. (a) “Scheme of Inspection and Testing” means a plan specified by the Bureau and to be adopted by the licensee for establishing laboratory and exercising control at different stages in the production process; (b) “third party laboratory” means a laboratory established, maintained or recognised by the Bureau or Government laboratories empaneled by the Bureau or any other laboratory decided by the Executive Committee of the Bureau. Processes of the Scheme 3. (1) Selection.- (a) The manufacturer shall identify that,- (i) the applicable Indian Standard against which it intends to obtain a licence; (ii) the machinery available in manufacturing premise (s) and prepare a list in Form –I annexed to this Scheme and if any part of the manufacturing activity is outsourced, details of machinery used for that activity shall be indicated in a separate form; (iii) the test equipment required to carry out testing in accordance with the relevant Indian Standard, relevant Scheme of inspection and testing and prepare a list of the available equipment in Form –II annexed to this Scheme."
297,1,"(iv) For the tests which are permitted to be sub-contracted and not available with the manufacturer, he shall identify test facility outside the factory where such tests can be carried out and inform the same to the Bureau. (b) the minimum number of sample(s) required for testing shall be ascertained by the manufacturer keeping in view the nature of the product, intended scope of the licence or in accordance with the sampling guidelines: Provided that if the sampling guidelines are available on the website of Bureau, it shall be followed by the manufacturer. (c) the manufacturer may submit his levels of control in Form –III annexed to this Scheme which he proposes to implement in day to day production so as to ensure that the final product conforms to the relevant Indian Standard; (d) in case of certain products specified by the Bureau, levels of control as specified in the scheme of inspection and testing by the Bureau shall be obligatory for the manufacturer to comply with; (e) the manufacturer shall ensure that the product has been tested for conformity against all the requirements of the Indian Standard and shall prepare test report in Form –IV annexed to this Scheme; (f) in cases where duration of any test is more than a month and the applicant is a new manufacturing unit, the product may be tested for complete duration or for duration of a month, either in the factory or in a third party laboratory; (g) the manufacturer may apply for grant of licence in Form –V annexed to this Scheme and the Bureau shall follow any one of the following procedure or any combination thereof, for grant of licence, namely;- (i) (I) the applicant shall submit complete test report of the product which is issued from a third part laboratory along with the application; (II) the Bureau shall arrange a factory visit for verification of production process and drawal of verification sample for third party laboratory testing; (III) the licence shall be granted without waiting for the test report of the verification sample and review of the licence shall be made on receipt of the test report; (ii) (I) the Bureau shall arrange a visit to the factory for verification of production process and testing of the product in the factory when complete testing facilities are available with the applicant either in-house or outside the factory; (II) the licence shall be granted based on the testing of the samples in the factory;"
298,1,"(iii) the Bureau shall arrange a visit to the factory for verification of production process and drawal of sample for testing in a third party laboratory and the licence shall be granted after demonstration of conformity through the test report of this sample; (h) in case of foreign manufacturers, an authorised Indian representative based in India shall be nominated in Form-VI annexed to this Scheme. (2) Determination.- (a) The Bureau on receipt of an application shall examine that the applicant has submitted all required documents along with the application. (b) If the application under clause (a) is complete, the Bureau shall finalise the date of the factory visit in consultation with the applicant; (c) During factory visit, the following activities shall be carried out by the Bureau, namely;- (i) verification of documents submitted by the manufacturer; (ii) discussion on the adequacy of the levels of control submitted by the manufacturer, if applicable; (iii) verification of the plant layout and manufacturing process with levels of control exercised at various stages; (iv) verification of available infrastructure including manufacturing machinery and test equipment, competence of person(s) in-charge of quality control, storage facilities and hygienic conditions, if applicable; (v) verification of test equipment calibration status; (vi) factory testing and drawal of sample for third party laboratory testing, as applicable. (d) Any inadequacy observed during the factory visit shall be communicated in writing to the manufacturer in Form –VII annexed to this Scheme. (3) Review.- (a) The report of the factory visit shall be reviewed on the basis of the activities specified under clause (c) of sub-paragraph (2) of paragraph 3; (b) the test results of the product shall be reviewed for their correctness and conformance to the Indian Standard and in case duration of a test is longer than a month, test report of the manufacturer for such tests may be considered for grant of licence and same may be reviewed on receipt of third party laboratory report. (4) Decision.- The decision on grant of licence shall be taken when the Bureau is satisfied that the manufacturer has necessary infrastructure for manufacturing quality products on a continuous basis and the test results indicate conformity of the product to the relevant Indian Standard."
299,1,"(5) Attestation.- (a) The Bureau shall grant licence in Form –VIII annexed to this Scheme indicating the scope of the licence, licence number, address of the manufacturer, validity of licence, marking fee, details of the Indian Standard and facsimile of the Standard Mark to the manufacturer; (b) in case of foreign manufacturer, the Bureau shall issue the agreement for grant of licence in Form –IX annexed to this Scheme along with the indemnity bond in Form –X annexed to this Scheme, duly executed on a non-judicial stamp paper of rupees one hundred to be submitted by the foreign manufacturer or his authorised Indian representative, as the case may be; (c) in case of foreign manufacturer, a performance bank guarantee for US Dollars ten thousand as per Form –XI annexed to this Scheme issued by any bank having Reserve Bank of India approved branch in India shall be submitted by that manufacturer; (d) the Bureau may issue test certificate indicating conformity to the Indian Standard based on pre- despatch inspection of the product covered under the scope of the licence. (6) Surveillance.- (a) The Bureau may carry out inspection at licensee`s premises either with or without prior intimation; (b) the need for carrying out the inspection shall be decided keeping in view the risk associated with the product and any variation observed during such inspection shall be communicated to the licensee in Form –VII annexed to this Scheme; (c) the Bureau may draw samples during inspection for testing; (d) the Bureau may draw samples from market and send the samples for testing to a third party laboratory along with the test request and in case drawal of market sample is not possible due to any reason, samples may be drawn from the despatch point; (e) the Bureau may obtain feedback preferably from organised buyers. Complaint 4. (1) The Bureau shall acknowledge and investigate any complaint received regarding quality of the product bearing Standard Mark. (2) The action for closure of complaint shall be completed within ninety days, excluding the testing time, where testing of the product is involved. Fee 5. (1) The application fee, renewal application fee and annual licence fee shall be rupees one thousand each. (2) The marking fee for the use of Standard Mark shall be as specified in the Annexure – I."
300,1,"(3) The actual marking fee or minimum marking fee, whichever is higher shall be payable by the licensee every year. Note 1: The actual marking fee for the first year shall be calculated by multiplying the unit rate with the quantity (units) marked during the first nine months Note 2: The actual marking fee for subsequent years shall be calculated on year-to-year basis after the first nine months. (4) In case of cancellation of a licence, marking fee shall not be refunded by the Bureau: Provided that when an Indian Standard is withdrawn but not superseded by any other standard, proportionate marking fee shall be refunded. (5) In case of extension of scope of licence, an amount of rupees five thousand shall be chargeable per variety or, where grouping guidelines are available, per group of varieties. (6) For any inspection other than surveillance inspection or inspection carried out for complaint investigation, an inspection fee of rupees seven thousand per day shall be levied; (7) When test certificate based on pre-despatch inspection is required to be issued, such inspection fee at the rate of rupees ten thousand per day shall be payable by the applicant. (8) The testing fee of samples, other than those which may be drawn during surveillance or complaint investigation, shall be borne by the applicant or the licensee, as the case may be. Labelling and Marking requirements 6. (1) Each product or the package, as the case may be, shall be marked with the Standard Mark, as specified in Annexure-II. (2) The Standard Mark shall carry the licence number and reference to the Indian Standard in a visible manner and shall be as specified in the licence. (3) In case the licence number cannot be placed beneath the Standard Mark, it shall be suitably placed close to the Standard Mark in a linear manner. (4) The product details as per the requirement of the Indian Standard, which may include variety, lot or batch number, date or week of manufacturing, complete address of manufacturer shall be marked on either the product or the packaging or contained in a label attached to the product. (5) The marking details shall contain reference to the website of the Bureau so that a consumer may verify the authenticity of the standard marked product. (6) If the Standard Mark cannot be applied on the product or the packaging physically, it shall be given on the test certificate. (7) For any specific product, additional labelling and marking requirements may be specified by the Bureau in the relevant scheme of inspection and testing shall be complied."
301,1,"Conditions of Licence 7. The conditions of licence shall be as provided in regulation 6 of these regulations. Validity of Licence 8. (1) The licence to use Standard Mark shall be granted initially for not less than one year and upto two years. (2) The licence may be renewed for a further period of not less than one year and up to five years. (3) The minimum marking fee shall be paid in advance for the validity period of the licence. Renewal of Licence 9. (1) An application for renewal of licence to use Standard Mark shall be made before two months of its expiration to the Bureau in Form –XII annexed to this Scheme. (2) The Bureau shall renew the licence in Form –XIII annexed to this Scheme. (3) The renewal of licence shall be done in accordance with regulation 8 of these regulations. (4) If actual marking fee is more than minimum marking fee, the difference of the fee shall be paid annually by the applicant. (5) Where volume of production is high, the Bureau may direct such licensees to pay actual marking fee on quarterly basis. Change in scope of licence 10. (1) An application for change in scope of licence to use Standard Mark shall be made to the Bureau in Form –XIV annexed to this Scheme along with fee prescribed in sub-paragraph (5) of paragraph 5. (2) For extension in scope of licence, application shall be made either along with a complete test report of the product issued by a third party laboratory or along with a request to Bureau to draw the sample for testing. (3) If there is no change in scheme of inspection and testing or infrastructure including manufacturing machinery and test equipment and extension in scope of licence is in the same group of sampling guidelines, the test report(s) may not be required for extension in scope of licence. (4) The Bureau shall change the scope of licence in Form –XV annexed to this Scheme. Suspension 11. (1) The licensee on its own shall suspend the use of the Standard Mark under intimation to the Bureau if, at any time, there is difficulty in maintaining the conformity of the product to the Indian Standard or any test equipment goes out of order or due to natural calamities such as flood, fire, earthquake, lock out declared by the management, closure of operations directed by a competent court or statutory authority."
302,1,"(2) The revocation of suspension may be done as soon as the deficiencies are removed and information shall be sent to the Bureau immediately but not later than seven days from the date of revocation. (3) The licensee on its own shall suspend the use of the Standard Mark under intimation to the Bureau on relocation of manufacturing unit to a new premises. (4) The revocation of suspension may be done by the Bureau after verification of the old premises and verification of production process at new premises. (5) (a) The Bureau may suspend the licence and direct the licensee not to use Standard Mark on its product if, at any time, it has sufficient evidence that the product bearing the Standard Mark may not be conforming to the relevant Indian Standard and such evidence is not limited to, but may include one or more of the following, namely:- (i) consecutive test reports indicating non-conformity of the product to the relevant Indian Standard; (ii) non-availability of testing personnel even as Standard Mark is being used; (iii) use of Standard Mark on the non-conforming products; (iv) major deviation observed in the implementation of scheme of inspection and testing; (v) major modification(s) in the manufacturing process without prior evaluation of the Bureau; (vi) relocation of manufacturing unit to a new address without intimation; (vii) closure of manufacturing unit for more than six months without intimation; (viii) non-compliance of any instructions issued by the Bureau from time to time. (b) The licensee, whose licence has been put under suspension, shall stop using or applying Standard Mark, dispatching of the product bearing the Standard Mark and shall send confirmation in this regard to the Bureau immediately followed by confirmation of having taken corrective actions. (c) The Bureau may arrange a visit to the factory to verify the corrective actions and may allow revocation of suspension after satisfying itself that the licensee– (i) has taken necessary corrective actions; and (ii) has provided sufficient evidence of conformity of the product to the relevant Indian Standard. (6) The Bureau may suspend the licence after issuing a notice of twenty one days and direct the licensee not to use Standard Mark on its product when requisite fee is not paid by the applicant. (7) The Bureau may revoke the suspension issued under sub-paragraph (6) on receipt of dues. Cancellation of licence 12. The Bureau shall cancel the licence in accordance with regulation 11 of these regulations."
303,1,"Annexure-I (Refer sub-paragraph (2) of paragraph 5 of Scheme - I) Unit rate SLAB-1 SLAB-2 Indian Micro Small Unit SLAB-3 Large Scale applicab Unit rate applicab Effective Sr No. Standard Unit Medium Rate for Enterprises le to SLAB-2 le to Since Date Number Enterprises* SLAB-1 remaining Quantity Quantity Quantity 1 IS 1:1968 1 FLAG ₹ 46,000.00 ₹ 37,000.00 ₹ 0.36 All ₹ 0.00 0 ₹ 0.00 24082016 2 IS 21:1992 1 TONNE ₹ 64,000.00 ₹ 52,000.00 ₹ 160.00 All ₹ 0.00 0 ₹ 0.00 20122016 3 IS 44:1991 ONE Kg ₹ 46,000.00 ₹ 37,000.00 ₹ 0.07 All ₹ 0.00 0 ₹ 0.00 24082016 One 4 IS 73:2013 ₹ 72,000.00 ₹ 58,000.00 ₹ 24.00 All ₹ 0.00 0 ₹ 0.00 18052016 MT IS 133:Part 5 1 LITRE ₹ 72,000.00 ₹ 58,000.00 ₹ 0.26 All ₹ 0.00 0 ₹ 0.00 20122016 1:2013 1 LITRE/ 1 6 IS 158:2015 ₹ 60,000.00 ₹ 48,000.00 ₹ 0.26 All ₹ 0.00 0 ₹ 0.00 20122016 KG 1 LITRE/1 7 IS 164:2015 ₹ 64,000.00 ₹ 52,000.00 ₹ 0.26 All ₹ 0.00 0 ₹ 0.00 20122016 KG 8 IS 168:1993 One Litre ₹ 56,000.00 ₹ 45,000.00 ₹ 0.25 All ₹ 0.00 0 ₹ 0.00 6092016 9 IS 175:1989 100 METERS ₹ 87,000.00 ₹ 70,000.00 ₹ 14.50 All ₹ 0.00 0 ₹ 0.00 20122016 10 IS 177:1989 100 LINEAR ₹ 46,000.00 ₹ 37,000.00 ₹ 6.25 All ₹ 0.00 0 ₹ 0.00 24082016 11 IS 191:2007 1 TONNE ₹ 86,000.00 ₹ 69,000.00 ₹ 36.60 All ₹ 0.00 0 ₹ 0.00 26122016 IS 204:Part 12 100 piece ₹ 46,000.00 ₹ 37,000.00 ₹ 8.70 All ₹ 0.00 0 ₹ 0.00 30122016 1:1991 IS 204:Part 13 100 piece ₹ 47,000.00 ₹ 38,000.00 ₹ 8.70 All ₹ 0.00 0 ₹ 0.00 30122016 2:1992 14 IS 205:1992 100 piece ₹ 46,000.00 ₹ 37,000.00 ₹ 5.60 All ₹ 0.00 0 ₹ 0.00 30122016 15 IS 208:1996 100 piece ₹ 47,000.00 ₹ 38,000.00 ₹ 8.70 All ₹ 0.00 0 ₹ 0.00 30122016 16 IS 210:2009 1 TONE ₹ 49,000.00 ₹ 40,000.00 ₹ 72.00 All ₹ 0.00 0 ₹ 0.00 20122016 17 IS 245:1988 1 TONNE ₹ 52,000.00 ₹ 42,000.00 ₹ 25.90 All ₹ 0.00 0 ₹ 0.00 20122016 18 IS 251:1998 1 TONNE ₹ 47,000.00 ₹ 38,000.00 ₹ 1.50 All ₹ 0.00 0 ₹ 0.00 20122016 19 IS 252:2013 1 TONNE ₹ 58,000.00 ₹ 47,000.00 ₹ 15.90 All ₹ 0.00 0 ₹ 0.00 20122016 20 IS 253:2014 1 TONNE ₹ 64,000.00 ₹ 52,000.00 ₹ 2.15 All ₹ 0.00 0 ₹ 0.00 06082017 21 IS 261:1982 1 TONNE ₹ 53,000.00 ₹ 43,000.00 ₹ 35.35 All ₹ 0.00 0 ₹ 0.00 20122016 22 IS 265:1993 1 KG ₹ 58,000.00 ₹ 47,000.00 ₹ 0.26 All ₹ 0.00 0 ₹ 0.00 20122016 23 IS 266:1993 1 KG ₹ 73,000.00 ₹ 59,000.00 ₹ 0.26 All ₹ 0.00 0 ₹ 0.00 20122016 24 IS 269:2015 1 ton ₹ 72,000.00 ₹ 58,000.00 ₹ 3.00 All ₹ 0.00 0 ₹ 0.00 30122016 25 IS 276:2000 ONE MT ₹ 46,000.00 ₹ 37,000.00 ₹ 37.10 All ₹ 0.00 0 ₹ 0.00 24082016 26 IS 277:2003 1 TONNE ₹ 47,000.00 ₹ 38,000.00 ₹ 4.50 All ₹ 0.00 0 ₹ 0.00 20122016 27 IS 278:2009 1 ton ₹ 50,000.00 ₹ 40,000.00 ₹ 66.70 All ₹ 0.00 0 ₹ 0.00 30122016 28 IS 280:2006 1 Tonne ₹ 65,000.00 ₹ 52,000.00 ₹ 3.00 All ₹ 0.00 0 ₹ 0.00 06082017 29 IS 281:2009 1 piece ₹ 46,000.00 ₹ 37,000.00 ₹ 0.15 All ₹ 0.00 0 ₹ 0.00 30122016 30 IS 285:1992 1 TONNE ₹ 59,000.00 ₹ 48,000.00 ₹ 50.00 All ₹ 0.00 0 ₹ 0.00 20122016 31 IS 299:2012 1MT ₹ 71,000.00 ₹ 57,000.00 ₹ 11.85 All ₹ 0.00 0 ₹ 0.00 06082017 IS 302:Part 32 1 Piece ₹ 59,000.00 ₹ 48,000.00 ₹ 0.20 All ₹ 0.00 0 ₹ 0.00 26052016 2:Sec 59:1999 IS 302:Part 33 1 piece ₹ 73,000.00 ₹ 59,000.00 ₹ 1.30 All ₹ 0.00 0 ₹ 0.00 17072017 2:Sec 3:2007 IS 302:Part 34 1 piece ₹ 85,000.00 ₹ 68,000.00 ₹ 1.30 All ₹ 0.00 0 ₹ 0.00 28072017 2:Sec 30:2007 IS 302:Part 35 2:Sec 1 piece ₹ 66,000.00 ₹ 53,000.00 ₹ 1.30 All ₹ 0.00 0 ₹ 0.00 17072017 201:2008 36 IS 303:1989 1 sq.m ₹ 67,000.00 ₹ 54,000.00 ₹ 0.15 All ₹ 0.00 0 ₹ 0.00 30122016 37 IS 325:1996 1 kW ₹ 46,000.00 ₹ 37,000.00 ₹ 1.75 All ₹ 0.00 0 ₹ 0.00 24082016"
304,1,"38 IS 335:1993 1 kL ₹ 86,000.00 ₹ 71,000.00 ₹ 8.70 All ₹ 0.00 0 ₹ 0.00 24082016 1 LITRE/1 39 IS 341:1973 ₹ 90,000.00 ₹ 72,000.00 ₹ 0.26 All ₹ 0.00 0 ₹ 0.00 20122016 KG 40 IS 362:1991 100 piece ₹ 47,000.00 ₹ 38,000.00 ₹ 1.75 All ₹ 0.00 0 ₹ 0.00 13112017 41 IS 363:1993 100 piece ₹ 46,000.00 ₹ 37,000.00 ₹ 5.75 All ₹ 0.00 0 ₹ 0.00 24082016 42 IS 366:1991 1 piece ₹ 87,000.00 ₹ 70,000.00 ₹ 1.30 All ₹ 0.00 0 ₹ 0.00 30122016 43 IS 368:2014 1 piece ₹ 89,000.00 ₹ 72,000.00 ₹ 1.30 All ₹ 0.00 0 ₹ 0.00 17072017 44 IS 369:1992 1 piece ₹ 1,00,000.00 ₹ 80,000.00 ₹ 1.70 All ₹ 0.00 0 ₹ 0.00 30122016 45 IS 371:1999 100 piece ₹ 61,000.00 ₹ 49,000.00 ₹ 2.30 All ₹ 0.00 0 ₹ 0.00 30122016 46 IS 374:1979 1 piece ₹ 65,000.00 ₹ 52,000.00 ₹ 1.75 All ₹ 0.00 0 ₹ 0.00 30122016 IS 398:Part 47 1 ton ₹ 46,000.00 ₹ 37,000.00 ₹ 34.60 All ₹ 0.00 0 ₹ 0.00 24082016 5:1992 IS 398:Part 48 1 ton ₹ 46,000.00 ₹ 37,000.00 ₹ 46.00 All ₹ 0.00 0 ₹ 0.00 30122016 4:1994 IS 398:Part 49 1 ton ₹ 53,000.00 ₹ 43,000.00 ₹ 34.60 All ₹ 0.00 0 ₹ 0.00 30122016 1:1996 IS 398:Part 50 1 ton ₹ 53,000.00 ₹ 43,000.00 ₹ 90.00 All ₹ 0.00 0 ₹ 0.00 30122016 2:1996 51 IS 411:1991 100 Kg ₹ 46,000.00 ₹ 37,000.00 ₹ 1.40 All ₹ 0.00 0 ₹ 0.00 24082016 52 IS 418:2004 100 piece ₹ 1,57,000.00 ₹ 1,26,000.00 ₹ 1.60 All ₹ 0.00 0 ₹ 0.00 28072017 53 IS 419:1967 1 Litre/Kg ₹ 49,000.00 ₹ 40,000.00 ₹ 0.05 All ₹ 0.00 0 ₹ 0.00 20122016 1 LITRE/1 54 IS 427:2013 ₹ 68,000.00 ₹ 55,000.00 ₹ 0.26 All ₹ 0.00 0 ₹ 0.00 20122016 KG 1 LITRE/1 55 IS 428:2013 ₹ 68,000.00 ₹ 55,000.00 ₹ 0.26 All ₹ 0.00 0 ₹ 0.00 20122016 KG IS 432:Part 56 1 ton ₹ 47,000.00 ₹ 38,000.00 ₹ 3.00 All ₹ 0.00 0 ₹ 0.00 30122016 1:1982 IS 432:Part 57 1 ton ₹ 53,000.00 ₹ 43,000.00 ₹ 3.00 All ₹ 0.00 0 ₹ 0.00 30122016 2:1982 58 IS 444:1987 100 METRE ₹ 46,000.00 ₹ 37,000.00 ₹ 25.90 All ₹ 0.00 0 ₹ 0.00 24082016 59 IS 446:1987 100 METRE ₹ 46,000.00 ₹ 37,000.00 ₹ 25.90 All ₹ 0.00 0 ₹ 0.00 24082016 60 IS 447:1988 100 METRE ₹ 46,000.00 ₹ 37,000.00 ₹ 25.90 All ₹ 0.00 0 ₹ 0.00 24082016 61 IS 455:2015 1 ton ₹ 73,000.00 ₹ 59,000.00 ₹ 3.00 All ₹ 0.00 0 ₹ 0.00 30122016 62 IS 458:2003 1 ton ₹ 46,000.00 ₹ 37,000.00 ₹ 8.70 All ₹ 0.00 0 ₹ 0.00 24082016 63 IS 459:1992 1 ton ₹ 46,000.00 ₹ 37,000.00 ₹ 1.75 All ₹ 0.00 0 ₹ 0.00 24082016 64 IS 513:2008 1 Tonne ₹ 73,000.00 ₹ 59,000.00 ₹ 3.50 All ₹ 0.00 0 ₹ 0.00 06082017 IS 513:Part 65 1 Tonne ₹ 73,000.00 ₹ 59,000.00 ₹ 3.50 All ₹ 0.00 0 ₹ 0.00 06082017 1:2016 IS 513:Part 66 1 MT ₹ 79,000.00 ₹ 64,000.00 ₹ 4.30 ALL ₹ 0.00 0 ₹ 0.00 15112017 2:2016 67 IS 539:1974 ONE Kg ₹ 46,000.00 ₹ 37,000.00 ₹ 0.26 All ₹ 0.00 0 ₹ 0.00 24082016 IS 550:Part 68 1 piece ₹ 46,000.00 ₹ 37,000.00 ₹ 173.00 All ₹ 0.00 0 ₹ 0.00 24082016 1:2014 69 IS 553:1984 ONE TONNE ₹ 46,000.00 ₹ 37,000.00 ₹ 34.50 All ₹ 0.00 0 ₹ 0.00 24082016 70 IS 573:1992 1 M.T ₹ 46,000.00 ₹ 37,000.00 ₹ 44.00 All ₹ 0.00 0 ₹ 0.00 24082016 71 IS 612:1992 1 TONNE ₹ 46,000.00 ₹ 37,000.00 ₹ 20.80 All ₹ 0.00 0 ₹ 0.00 24082016 72 IS 617:1994 1 TONNE ₹ 46,000.00 ₹ 37,000.00 ₹ 42.60 All ₹ 0.00 0 ₹ 0.00 15112017 73 IS 623:2008 100 piece ₹ 46,000.00 ₹ 37,000.00 ₹ 3.50 All ₹ 0.00 0 ₹ 0.00 24082016 74 IS 624:2003 100 piece ₹ 46,000.00 ₹ 37,000.00 ₹ 3.50 All ₹ 0.00 0 ₹ 0.00 24082016 75 IS 636:1988 100 METRE ₹ 46,000.00 ₹ 37,000.00 ₹ 17.30 All ₹ 0.00 0 ₹ 0.00 24082016 76 IS 638:1979 1 TONNE ₹ 64,000.00 ₹ 52,000.00 ₹ 200.00 All ₹ 0.00 0 ₹ 0.00 20122016 77 IS 648:2006 1 Tonne ₹ 46,000.00 ₹ 37,000.00 ₹ 3.00 All ₹ 0.00 0 ₹ 0.00 24082016 78 IS 650:1991 1 ton ₹ 46,000.00 ₹ 37,000.00 ₹ 15.10 All ₹ 0.00 0 ₹ 0.00 30122016 79 IS 651:2007 1 ton ₹ 67,000.00 ₹ 64,000.00 ₹ 8.70 All ₹ 0.00 0 ₹ 0.00 28072017 80 IS 694:2010 100 meter ₹ 93,000.00 ₹ 75,000.00 ₹ 1.80 All ₹ 0.00 0 ₹ 0.00 13112017"
305,1,"81 IS 702:1988 1 TONNE ₹ 63,000.00 ₹ 51,000.00 ₹ 17.50 All ₹ 0.00 0 ₹ 0.00 20122016 82 IS 704:1984 1 piece ₹ 52,000.00 ₹ 42,000.00 ₹ 0.14 All ₹ 0.00 0 ₹ 0.00 30122016 83 IS 710:2010 1 sq m ₹ 84,000.00 ₹ 68,000.00 ₹ 0.18 All ₹ 0.00 0 ₹ 0.00 30122016 84 IS 711:1970 1 Tonne ₹ 55,000.00 ₹ 44,000.00 ₹ 8.00 All ₹ 0.00 0 ₹ 0.00 20122016 85 IS 712:1984 1 ton ₹ 46,000.00 ₹ 37,000.00 ₹ 1.75 All ₹ 0.00 0 ₹ 0.00 24082016 86 IS 717:1998 1 MT ₹ 51,000.00 ₹ 41,000.00 ₹ 5.00 All ₹ 0.00 0 ₹ 0.00 26122016 87 IS 723:1972 1 tonne ₹ 46,000.00 ₹ 37,000.00 ₹ 90.00 All ₹ 0.00 0 ₹ 0.00 21122016 1 SQ 88 IS 745:2003 ₹ 56,000.00 ₹ 45,000.00 ₹ 0.15 All ₹ 0.00 0 ₹ 0.00 25082017 METER 100 SQ. 89 IS 758:1988 ₹ 47,000.00 ₹ 38,000.00 ₹ 12.00 All ₹ 0.00 0 ₹ 0.00 20122016 METRE 90 IS 774:2004 1 piece ₹ 74,000.00 ₹ 60,000.00 ₹ 3.50 All ₹ 0.00 0 ₹ 0.00 28072017 91 IS 778:1984 1 piece ₹ 57,000.00 ₹ 46,000.00 ₹ 0.60 All ₹ 0.00 0 ₹ 0.00 30122016 92 IS 779:1994 1 piece ₹ 1,30,000.00 ₹ 1,04,000.00 ₹ 1.75 All ₹ 0.00 0 ₹ 0.00 30122016 93 IS 781:1984 1 piece ₹ 49,000.00 ₹ 40,000.00 ₹ 0.45 All ₹ 0.00 0 ₹ 0.00 28072017 94 IS 784:2001 1 ton ₹ 46,000.00 ₹ 37,000.00 ₹ 8.70 All ₹ 0.00 0 ₹ 0.00 24082016 95 IS 797:1982 1 TONNE ₹ 46,000.00 ₹ 37,000.00 ₹ 0.90 All ₹ 0.00 0 ₹ 0.00 24082016 96 IS 799:1985 100 Litres ₹ 59,000.00 ₹ 48,000.00 ₹ 4.20 All ₹ 0.00 0 ₹ 0.00 24012017 60000 Remaini 97 IS 814:2004 1000 Pieces ₹ 1,09,000.00 ₹ 88,000.00 ₹ 1.80 ₹ 0.90 ₹ 0.00 06082017 units ng 98 IS 848:2006 1 ton ₹ 46,000.00 ₹ 37,000.00 ₹ 26.00 All ₹ 0.00 0 ₹ 0.00 24082016 100 SQ. 99 IS 863:1988 ₹ 47,000.00 ₹ 38,000.00 ₹ 16.00 All ₹ 0.00 0 ₹ 0.00 20122016 METRE 100 IS 868:1990 100 KG ₹ 58,000.00 ₹ 47,000.00 ₹ 20.20 All ₹ 0.00 0 ₹ 0.00 20122016 101 IS 878:2008 100 PIECES ₹ 56,000.00 ₹ 45,000.00 ₹ 1.10 All ₹ 0.00 0 ₹ 0.00 06082017 102 IS 884:1985 1 piece ₹ 53,000.00 ₹ 43,000.00 ₹ 120.00 All ₹ 0.00 0 ₹ 0.00 30122016 103 IS 899:1971 1 MT ₹ 72,000.00 ₹ 58,000.00 ₹ 34.50 All ₹ 0.00 0 ₹ 0.00 13112017 104 IS 902:1992 1 piece ₹ 65,000.00 ₹ 52,000.00 ₹ 11.00 All ₹ 0.00 0 ₹ 0.00 24082016 105 IS 903:1993 1 piece ₹ 56,000.00 ₹ 45,000.00 ₹ 1.90 All ₹ 0.00 0 ₹ 0.00 30122016 106 IS 907:1984 1 piece ₹ 61,000.00 ₹ 49,000.00 ₹ 6.40 All ₹ 0.00 0 ₹ 0.00 24082016 107 IS 915:2012 1 FLASK ₹ 52,000.00 ₹ 42,000.00 ₹ 1.05 All ₹ 0.00 0 ₹ 0.00 20122016 108 IS 916:2000 100 TINS ₹ 58,000.00 ₹ 47,000.00 ₹ 8.70 All ₹ 0.00 0 ₹ 0.00 20122016 109 IS 928:1984 1 piece ₹ 83,000.00 ₹ 67,000.00 ₹ 62.50 All ₹ 0.00 0 ₹ 0.00 30122016 110 IS 952:2012 1 piece ₹ 56,000.00 ₹ 45,000.00 ₹ 8.80 All ₹ 0.00 0 ₹ 0.00 24082016 111 IS 996:2009 1 piece ₹ 49,000.00 ₹ 40,000.00 ₹ 2.00 All ₹ 0.00 0 ₹ 0.00 30122016 112 IS 1007:1984 1 KG ₹ 50,000.00 ₹ 40,000.00 ₹ 0.18 All ₹ 0.00 0 ₹ 0.00 20122016 113 IS 1008:2004 1 KG ₹ 56,000.00 ₹ 45,000.00 ₹ 0.18 All ₹ 0.00 0 ₹ 0.00 20122016 114 IS 1011:2002 1 TONNE ₹ 51,000.00 ₹ 41,000.00 ₹ 8.70 All ₹ 0.00 0 ₹ 0.00 20122016 100 115 IS 1015:2000 ₹ 1,10,000.00 ₹ 88,000.00 ₹ 3.70 All ₹ 0.00 0 ₹ 0.00 06082017 BUCKETS 116 IS 1030:1998 1 MT ₹ 46,000.00 ₹ 37,000.00 ₹ 36.00 All ₹ 0.00 0 ₹ 0.00 24082016 117 IS 1038:1983 1 ton ₹ 53,000.00 ₹ 43,000.00 ₹ 17.30 All ₹ 0.00 0 ₹ 0.00 30122016 118 IS 1051:1980 100 LITRE ₹ 61,000.00 ₹ 49,000.00 ₹ 34.50 All ₹ 0.00 0 ₹ 0.00 20122016 1 KILO 119 IS 1061:2017 ₹ 72,000.00 ₹ 58,000.00 ₹ 43.20 All ₹ 0.00 0 ₹ 0.00 20122016 LITRE 120 IS 1065:1989 ONE TONNE ₹ 50,000.00 ₹ 40,000.00 ₹ 8.60 All ₹ 0.00 0 ₹ 0.00 20122016 ONE KILO 121 IS 1069:1993 ₹ 53,000.00 ₹ 43,000.00 ₹ 6.00 All ₹ 0.00 0 ₹ 0.00 20122016 LITRE 122 IS 1079:2017 ONE TONNE ₹ 86,000.00 ₹ 69,000.00 ₹ 3.75 ALL ₹ 0.00 0 ₹ 0.00 06082017 123 IS 1084:2005 ONE TONNE ₹ 46,000.00 ₹ 37,000.00 ₹ 86.00 All ₹ 0.00 0 ₹ 0.00 24082016 124 IS 1109:1980 One Tonne ₹ 53,000.00 ₹ 43,000.00 ₹ 85.00 All ₹ 0.00 0 ₹ 0.00 20122016 125 IS 1117:1975 100 PIECES ₹ 53,000.00 ₹ 43,000.00 ₹ 13.80 All ₹ 0.00 0 ₹ 0.00 20122016 126 IS 1144:1980 1 Tonne ₹ 75,000.00 ₹ 60,000.00 ₹ 9.60 All ₹ 0.00 0 ₹ 0.00 06082017"
306,1,"127 IS 1155:1968 1 Kg ₹ 54,000.00 ₹ 44,000.00 ₹ 0.10 All ₹ 0.00 0 ₹ 0.00 24012017 128 IS 1159:1981 1 KG ₹ 46,000.00 ₹ 37,000.00 ₹ 0.10 All ₹ 0.00 0 ₹ 0.00 20122016 129 IS 1161:2014 1 TONNE ₹ 46,000.00 ₹ 37,000.00 ₹ 8.70 All ₹ 0.00 0 ₹ 0.00 24082016 130 IS 1165:2002 1 TONNE ₹ 80,000.00 ₹ 64,000.00 ₹ 40.00 All ₹ 0.00 0 ₹ 0.00 20122016 131 IS 1166:1986 1 TONNE ₹ 79,000.00 ₹ 64,000.00 ₹ 34.50 All ₹ 0.00 0 ₹ 0.00 06082017 132 IS 1170:1992 1 TONNE ₹ 46,000.00 ₹ 37,000.00 ₹ 91.30 All ₹ 0.00 0 ₹ 0.00 24082016 IS 1180:Part 133 1 kVA ₹ 1,42,000.00 ₹ 1,14,000.00 ₹ 3.00 All ₹ 0.00 0 ₹ 0.00 24082016 1:2014 134 IS 1221:1991 1 LITRE ₹ 59,000.00 ₹ 48,000.00 ₹ 0.17 All ₹ 0.00 0 ₹ 0.00 20122016 135 IS 1223:2001 100 Pieces ₹ 46,000.00 ₹ 37,000.00 ₹ 12.10 All ₹ 0.00 0 ₹ 0.00 24082016 136 IS 1237:2012 10 sq. m ₹ 57,000.00 ₹ 46,000.00 ₹ 3.50 All ₹ 0.00 0 ₹ 0.00 30122016 IS 1239:Part 137 1 TONNE ₹ 75,000.00 ₹ 60,000.00 ₹ 8.70 All ₹ 0.00 0 ₹ 0.00 06082017 1:2004 IS 1239:Part 138 1 TONNE ₹ 46,000.00 ₹ 37,000.00 ₹ 43.20 All ₹ 0.00 0 ₹ 0.00 24082016 2:2011 139 IS 1251:1988 1 TONNE ₹ 47,000.00 ₹ 38,000.00 ₹ 97.95 All ₹ 0.00 0 ₹ 0.00 20122016 140 IS 1258:2005 100 piece ₹ 1,67,000.00 ₹ 1,34,000.00 ₹ 2.60 All ₹ 0.00 0 ₹ 0.00 28072017 IS 1269:Part 141 100 m ₹ 60,000.00 ₹ 49,000.00 ₹ 0.32 All ₹ 0.00 0 ₹ 0.00 24082016 1:1997 IS 1269:Part 142 100 m ₹ 60,000.00 ₹ 49,000.00 ₹ 0.32 All ₹ 0.00 0 ₹ 0.00 24082016 2:1997 143 IS 1293:2005 100 piece ₹ 78,000.00 ₹ 63,000.00 ₹ 1.75 All ₹ 0.00 0 ₹ 0.00 30122016 144 IS 1319:1983 One Tonne ₹ 64,000.00 ₹ 52,000.00 ₹ 24.00 All ₹ 0.00 0 ₹ 0.00 20122016 IS 1321:Part 145 ONE TONNE ₹ 46,000.00 ₹ 37,000.00 ₹ 86.00 All ₹ 0.00 0 ₹ 0.00 24082016 1:2003 146 IS 1322:1993 100 meter ₹ 71,000.00 ₹ 57,000.00 ₹ 4.90 All ₹ 0.00 0 ₹ 0.00 28072017 147 IS 1328:1996 1 sq.m ₹ 66,000.00 ₹ 53,000.00 ₹ 0.55 All ₹ 0.00 0 ₹ 0.00 13112017 148 IS 1341:1992 100 piece ₹ 46,000.00 ₹ 37,000.00 ₹ 1.75 All ₹ 0.00 0 ₹ 0.00 30122016 IS 1363:Part 149 1 ton ₹ 59,000.00 ₹ 48,000.00 ₹ 26.00 All ₹ 0.00 0 ₹ 0.00 28072017 1:2002 IS 1363:Part 150 1 TON ₹ 59,000.00 ₹ 48,000.00 ₹ 26.00 All ₹ 0.00 0 ₹ 0.00 28072017 2:2002 IS 1363:Part 151 1 ton ₹ 59,000.00 ₹ 48,000.00 ₹ 26.00 All ₹ 0.00 0 ₹ 0.00 28072017 3:2002 IS 1364:Part 152 1 ton ₹ 46,000.00 ₹ 37,000.00 ₹ 26.00 All ₹ 0.00 0 ₹ 0.00 28072017 1:2002 153 IS 1370:1993 10 sq.m ₹ 46,000.00 ₹ 37,000.00 ₹ 3.50 All ₹ 0.00 0 ₹ 0.00 24082016 154 IS 1374:2007 1 TONNE ₹ 46,000.00 ₹ 37,000.00 ₹ 5.20 All ₹ 0.00 0 ₹ 0.00 24082016 IS 1381:Part 155 1 PIECE ₹ 50,000.00 ₹ 40,000.00 ₹ 0.25 All ₹ 0.00 0 ₹ 0.00 20122016 1:2003 100 SQ. 156 IS 1422:1983 ₹ 53,000.00 ₹ 43,000.00 ₹ 11.60 All ₹ 0.00 0 ₹ 0.00 20122016 METRE 157 IS 1470:2013 1 MT ₹ 46,000.00 ₹ 37,000.00 ₹ 6.00 All ₹ 0.00 0 ₹ 0.00 24082016 IS 1475:Part 158 1 piece ₹ 46,000.00 ₹ 37,000.00 ₹ 17.30 All ₹ 0.00 0 ₹ 0.00 24082016 1:2001 159 IS 1488:1989 ONE TONNE ₹ 57,000.00 ₹ 46,000.00 ₹ 285.00 All ₹ 0.00 0 ₹ 0.00 20122016 IS 1489:Part 160 1 ton ₹ 68,000.00 ₹ 55,000.00 ₹ 3.00 All ₹ 0.00 0 ₹ 0.00 30122016 1:2015 IS 1489:Part 161 1 ton ₹ 64,000.00 ₹ 45,000.00 ₹ 2.00 All ₹ 0.00 0 ₹ 0.00 24082016 2:2015 162 IS 1507:1977 1 TONNE ₹ 49,000.00 ₹ 40,000.00 ₹ 196.00 All ₹ 0.00 0 ₹ 0.00 20122016 IS 1534:Part 163 ONE PIECES ₹ 39,200.00 ₹ 32,200.00 ₹ 0.18 All ₹ 0.00 0 ₹ 0.00 1072006 1:1977 164 IS 1536:2001 1 TONNE ₹ 85,000.00 ₹ 68,000.00 ₹ 8.70 All ₹ 0.00 0 ₹ 0.00 06082017 165 IS 1537:1976 1 TONNE ₹ 46,000.00 ₹ 37,000.00 ₹ 8.70 All ₹ 0.00 0 ₹ 0.00 24082016 166 IS 1538:1993 1 TONNE ₹ 62,000.00 ₹ 50,000.00 ₹ 41.35 All ₹ 0.00 0 ₹ 0.00 20122016"
307,1,"1 BOX OF 167 IS 1551:1991 ₹ 51,000.00 ₹ 41,000.00 ₹ 0.36 All ₹ 0.00 0 ₹ 0.00 20122016 100 SHEETS IS 1554:Part 168 100 meter ₹ 1,85,000.00 ₹ 1,48,000.00 ₹ 18.00 All ₹ 0.00 0 ₹ 0.00 28072017 1:1988 IS 1554:Part 169 100 meter ₹ 2,71,000.00 ₹ 2,17,000.00 ₹ 184.00 All ₹ 0.00 0 ₹ 0.00 13112017 2:1988 170 IS 1580:1991 1 ton ₹ 46,000.00 ₹ 37,000.00 ₹ 8.65 All ₹ 0.00 0 ₹ 0.00 24082016 171 IS 1592:2003 1 ton ₹ 46,000.00 ₹ 37,000.00 ₹ 8.65 All ₹ 0.00 0 ₹ 0.00 24082016 172 IS 1610:2000 1 piece ₹ 73,000.00 ₹ 42,000.00 ₹ 1.75 All ₹ 0.00 0 ₹ 0.00 24082016 IS 1626:Part 173 1 ton ₹ 46,000.00 ₹ 37,000.00 ₹ 21.00 All ₹ 0.00 0 ₹ 0.00 2062017 2:1994 174 IS 1656:2007 ONE TONNE ₹ 1,33,000.00 ₹ 1,07,000.00 ₹ 172.80 All ₹ 0.00 0 ₹ 0.00 20122016 175 IS 1658:2006 1 ton ₹ 46,000.00 ₹ 37,000.00 ₹ 8.70 All ₹ 0.00 0 ₹ 0.00 24082016 176 IS 1659:2004 1 sq. m ₹ 73,000.00 ₹ 59,000.00 ₹ 0.36 All ₹ 0.00 0 ₹ 0.00 30122016 177 IS 1660:2009 1 ton ₹ 47,000.00 ₹ 38,000.00 ₹ 17.30 All ₹ 0.00 0 ₹ 0.00 30122016 178 IS 1664:2002 1 TONNE ₹ 84,000.00 ₹ 68,000.00 ₹ 58.30 All ₹ 0.00 0 ₹ 0.00 20122016 179 IS 1694:1994 1 KG ₹ 63,000.00 ₹ 51,000.00 ₹ 1.60 All ₹ 0.00 0 ₹ 0.00 20122016 180 IS 1695:2014 1 KG ₹ 46,000.00 ₹ 37,000.00 ₹ 1.30 All ₹ 0.00 0 ₹ 0.00 24082016 181 IS 1697:1994 1 KG ₹ 46,000.00 ₹ 37,000.00 ₹ 1.30 All ₹ 0.00 0 ₹ 0.00 24082016 182 IS 1698:1994 1 KG ₹ 62,000.00 ₹ 50,000.00 ₹ 1.30 All ₹ 0.00 0 ₹ 0.00 20122016 183 IS 1703:2000 1 piece ₹ 57,000.00 ₹ 46,000.00 ₹ 0.40 All ₹ 0.00 0 ₹ 0.00 28072017 184 IS 1709:1984 1 piece ₹ 88,000.00 ₹ 72,000.00 ₹ 0.07 All ₹ 0.00 0 ₹ 0.00 24082016 Remaini 185 IS 1710:1989 1 piece ₹ 63,000.00 ₹ 51,000.00 ₹ 20.00 2750 ₹ 10.00 ₹ 0.00 24082016 ng 186 IS 1726:1991 1 ton ₹ 58,000.00 ₹ 47,000.00 ₹ 19.35 All ₹ 0.00 0 ₹ 0.00 30122016 187 IS 1729:2002 1 TONNE ₹ 46,000.00 ₹ 37,000.00 ₹ 8.70 All ₹ 0.00 0 ₹ 0.00 24082016 188 IS 1741:1960 ONE TONNE ₹ 66,000.00 ₹ 51,000.00 ₹ 86.00 All ₹ 0.00 0 ₹ 0.00 20122016 189 IS 1746:1992 1 KG ₹ 76,000.00 ₹ 61,000.00 ₹ 0.26 All ₹ 0.00 0 ₹ 0.00 20122016 190 IS 1759:1986 100 piece ₹ 46,000.00 ₹ 37,000.00 ₹ 10.25 All ₹ 0.00 0 ₹ 0.00 28072017 IS 1783:Part 191 ONE DRUM ₹ 46,000.00 ₹ 37,000.00 ₹ 0.35 All ₹ 0.00 0 ₹ 0.00 24082016 1:2014 IS 1783:Part 192 ONE DRUM ₹ 60,000.00 ₹ 48,000.00 ₹ 1.80 All ₹ 0.00 0 ₹ 0.00 20122016 2:2014 193 IS 1784:1998 100 PIECES ₹ 46,000.00 ₹ 37,000.00 ₹ 3.50 All ₹ 0.00 0 ₹ 0.00 28072017 IS 1785:Part 194 1 ton ₹ 76,000.00 ₹ 61,000.00 ₹ 21.00 All ₹ 0.00 0 ₹ 0.00 30122016 1:1983 IS 1785:Part 195 1 ton ₹ 50,000.00 ₹ 40,000.00 ₹ 19.00 All ₹ 0.00 0 ₹ 0.00 30122016 2:1983 196 IS 1786:2008 1 ton ₹ 46,000.00 ₹ 37,000.00 ₹ 3.00 All ₹ 0.00 0 ₹ 0.00 24082016 197 IS 1804:2004 1 MT ₹ 46,000.00 ₹ 37,000.00 ₹ 21.00 All ₹ 0.00 0 ₹ 0.00 24082016 198 IS 1806:1975 1 TONNE ₹ 56,000.00 ₹ 45,000.00 ₹ 34.50 All ₹ 0.00 0 ₹ 0.00 20122016 199 IS 1824:1978 100 LITRE ₹ 90,000.00 ₹ 72,000.00 ₹ 34.50 All ₹ 0.00 0 ₹ 0.00 20122016 200 IS 1825:1983 1 CAN ₹ 62,000.00 ₹ 50,000.00 ₹ 2.10 All ₹ 0.00 0 ₹ 0.00 20122016 201 IS 1827:1989 ONE KL ₹ 46,000.00 ₹ 37,000.00 ₹ 346.00 All ₹ 0.00 0 ₹ 0.00 24082016 202 IS 1832:1978 ONE TONNE ₹ 55,000.00 ₹ 44,000.00 ₹ 86.40 All ₹ 0.00 0 ₹ 0.00 20122016 203 IS 1834:1984 1 TONNE ₹ 57,000.00 ₹ 46,000.00 ₹ 70.00 All ₹ 0.00 0 ₹ 0.00 17072017 IS 1838:Part 204 1 sq.m ₹ 46,000.00 ₹ 37,000.00 ₹ 0.55 All ₹ 0.00 0 ₹ 0.00 24082016 1:1983 IS 1838:Part 205 1 sq. m ₹ 46,000.00 ₹ 37,000.00 ₹ 0.40 All ₹ 0.00 0 ₹ 0.00 13072016 3:2011 206 IS 1848:2007 1 TONNE ₹ 60,000.00 ₹ 48,000.00 ₹ 8.60 All ₹ 0.00 0 ₹ 0.00 06082017 207 IS 1855:2003 1 ton ₹ 46,000.00 ₹ 37,000.00 ₹ 17.30 All ₹ 0.00 0 ₹ 0.00 24082016 208 IS 1856:2005 1 ton ₹ 56,000.00 ₹ 45,000.00 ₹ 17.30 All ₹ 0.00 0 ₹ 0.00 28072017 209 IS 1875:1992 1 TONNE ₹ 60,000.00 ₹ 48,000.00 ₹ 3.60 All ₹ 0.00 0 ₹ 0.00 20122016 210 IS 1879:2010 1 TONNE ₹ 71,000.00 ₹ 57,000.00 ₹ 26.00 All ₹ 0.00 0 ₹ 0.00 06082017"
308,1,"211 IS 1884:1993 1 piece ₹ 58,000.00 ₹ 47,000.00 ₹ 0.36 All ₹ 0.00 0 ₹ 0.00 24082016 IS 1891:Part 212 1 MT ₹ 1,56,000.00 ₹ 1,25,000.00 ₹ 300.00 All ₹ 0.00 0 ₹ 0.00 16022015 1:1994 213 IS 1912:1984 ONE TONNE ₹ 46,000.00 ₹ 37,000.00 ₹ 17.30 All ₹ 0.00 0 ₹ 0.00 24082016 214 IS 1919:1982 1 M.T ₹ 68,000.00 ₹ 56,000.00 ₹ 100.00 600 ₹ 50.00 600 ₹ 25.00 24082016 215 IS 1929:1982 1 ton ₹ 46,000.00 ₹ 37,000.00 ₹ 22.70 All ₹ 0.00 0 ₹ 0.00 24082016 216 IS 1932:1986 1 TONNE ₹ 69,000.00 ₹ 56,000.00 ₹ 16.00 2000 ₹ 8.00 2000 ₹ 4.00 20122016 217 IS 1943:1995 1 TONNE ₹ 55,000.00 ₹ 44,000.00 ₹ 17.30 All ₹ 0.00 0 ₹ 0.00 26122016 218 IS 1970:1995 1 SPRAYER ₹ 83,000.00 ₹ 67,000.00 ₹ 9.60 All ₹ 0.00 0 ₹ 0.00 06082017 219 IS 1971:1996 1 PUMP ₹ 67,000.00 ₹ 54,000.00 ₹ 5.00 All ₹ 0.00 0 ₹ 0.00 06082017 IS 1989:Part 220 1 PAIR ₹ 67,000.00 ₹ 54,000.00 ₹ 0.50 All ₹ 0.00 0 ₹ 0.00 20122016 1:1986 IS 1989:Part 221 1 PAIR ₹ 68,000.00 ₹ 55,000.00 ₹ 0.50 ALL ₹ 0.00 0 ₹ 0.00 20122016 2:1986 222 IS 1993:2006 1 TONNE ₹ 51,000.00 ₹ 41,000.00 ₹ 4.95 All ₹ 0.00 0 ₹ 0.00 06082017 223 IS 1997:2008 1 PIECE ₹ 56,000.00 ₹ 45,000.00 ₹ 1.40 All ₹ 0.00 0 ₹ 0.00 20122016 224 IS 2002:2009 1 TONNE ₹ 72,000.00 ₹ 58,000.00 ₹ 3.30 All ₹ 0.00 0 ₹ 0.00 06082017 225 IS 2004:1991 1 TONNE ₹ 46,000.00 ₹ 37,000.00 ₹ 3.00 All ₹ 0.00 0 ₹ 0.00 24082016 226 IS 2028:2004 1 piece ₹ 52,000.00 ₹ 42,000.00 ₹ 0.20 All ₹ 0.00 0 ₹ 0.00 30122016 227 IS 2029:1998 1 piece ₹ 52,000.00 ₹ 42,000.00 ₹ 0.20 All ₹ 0.00 0 ₹ 0.00 30122016 228 IS 2036:1995 10 KG ₹ 77,000.00 ₹ 64,000.00 ₹ 1.60 All ₹ 0.00 0 ₹ 0.00 24082016 IS 2039:Part 1 229 1 TONNE ₹ 74,000.00 ₹ 60,000.00 ₹ 12.35 All ₹ 0.00 0 ₹ 0.00 04072016 to 3:1991 230 IS 2041:2009 1 MT ₹ 46,000.00 ₹ 37,000.00 ₹ 3.00 All ₹ 0.00 0 ₹ 0.00 24082016 ONE SQ. 231 IS 2046:1995 ₹ 1,36,000.00 ₹ 1,20,000.00 ₹ 0.60 All ₹ 0.00 0 ₹ 0.00 24082016 METRE 232 IS 2052:2009 1 TONNE ₹ 46,000.00 ₹ 37,000.00 ₹ 3.45 All ₹ 0.00 0 ₹ 0.00 24082016 233 IS 2061:1995 100 piece ₹ 46,000.00 ₹ 37,000.00 ₹ 3.50 All ₹ 0.00 0 ₹ 0.00 24082016 234 IS 2062:2011 1 TONNE ₹ 62,000.00 ₹ 50,000.00 ₹ 3.00 All ₹ 0.00 0 ₹ 0.00 20122016 IS 2074:Part 235 1 Litre/Kg ₹ 84,000.00 ₹ 68,000.00 ₹ 0.26 All ₹ 0.00 0 ₹ 0.00 13112017 1:2015 1 236 IS 2076:1981 ₹ 84,000.00 ₹ 68,000.00 ₹ 0.08 All ₹ 0.00 0 ₹ 0.00 01042015 Sq meter 237 IS 2082:1993 1 piece ₹ 1,30,000.00 ₹ 1,04,000.00 ₹ 6.00 All ₹ 0.00 0 ₹ 0.00 30122016 100 SQ. 238 IS 2089:1977 ₹ 65,000.00 ₹ 52,000.00 ₹ 8.60 All ₹ 0.00 0 ₹ 0.00 20122016 METRE IS 2095:Part 239 1 tonne ₹ 51,000.00 ₹ 41,000.00 ₹ 5.25 All ₹ 0.00 0 ₹ 0.00 21122016 1:2011 240 IS 2096:1992 1 ton ₹ 46,000.00 ₹ 37,000.00 ₹ 10.00 All ₹ 0.00 0 ₹ 0.00 24082016 241 IS 2097:2012 1 Piece ₹ 91,000.00 ₹ 76,000.00 ₹ 5.40 All ₹ 0.00 0 ₹ 0.00 2062017 242 IS 2098:1997 1 ton ₹ 46,000.00 ₹ 37,000.00 ₹ 5.25 All ₹ 0.00 0 ₹ 0.00 24082016 243 IS 2124:2000 1 TONNE ₹ 46,000.00 ₹ 37,000.00 ₹ 3.50 All ₹ 0.00 0 ₹ 0.00 24082016 244 IS 2141:2000 1 ton ₹ 69,000.00 ₹ 56,000.00 ₹ 69.00 All ₹ 0.00 0 ₹ 0.00 30122016 245 IS 2142:1992 1 TONNE ₹ 51,000.00 ₹ 41,000.00 ₹ 51.00 All ₹ 0.00 0 ₹ 0.00 20122016 IS 2185:Part 10 cubic Remaini 246 ₹ 59,000.00 ₹ 48,000.00 ₹ 17.30 1000 ₹ 8.70 ₹ 0.00 30122016 3:1984 meter ng IS 2185:Part 247 1 ton ₹ 82,000.00 ₹ 75,000.00 ₹ 26.80 All ₹ 0.00 0 ₹ 0.00 24082016 1:2005 IS 2202:Part 248 1 sq.m ₹ 88,000.00 ₹ 71,000.00 ₹ 0.90 All ₹ 0.00 0 ₹ 0.00 13112017 1:1999 249 IS 2215:2006 1000 piece ₹ 46,000.00 ₹ 37,000.00 ₹ 10.40 All ₹ 0.00 0 ₹ 0.00 24082016 250 IS 2257:1989 1 LITRE ₹ 46,000.00 ₹ 37,000.00 ₹ 0.18 All ₹ 0.00 0 ₹ 0.00 24082016 251 IS 2266:2002 1 ton ₹ 75,000.00 ₹ 60,000.00 ₹ 34.10 All ₹ 0.00 0 ₹ 0.00 13112017 252 IS 2312:1967 1 piece ₹ 96,000.00 ₹ 77,000.00 ₹ 2.20 All ₹ 0.00 0 ₹ 0.00 30122016 253 IS 2339:2013 1 LITRE/ KG ₹ 46,000.00 ₹ 37,000.00 ₹ 0.26 All ₹ 0.00 0 ₹ 0.00 24082016"
309,1,"254 IS 2347:2017 1 piece ₹ 46,000.00 ₹ 37,000.00 ₹ 0.87 All ₹ 0.00 0 ₹ 0.00 24082016 255 IS 2358:1984 ONE TONNE ₹ 46,000.00 ₹ 37,000.00 ₹ 255.60 All ₹ 0.00 0 ₹ 0.00 20122016 256 IS 2365:1977 1 ton ₹ 68,000.00 ₹ 55,000.00 ₹ 34.60 All ₹ 0.00 0 ₹ 0.00 13112017 257 IS 2373:1981 1 piece ₹ 46,000.00 ₹ 37,000.00 ₹ 17.30 All ₹ 0.00 0 ₹ 0.00 24082016 IS 2386:Part 258 1 piece ₹ 46,000.00 ₹ 37,000.00 ₹ 3.50 All ₹ 0.00 0 ₹ 0.00 24082016 3:1963 259 IS 2396:1988 100 METER ₹ 64,000.00 ₹ 52,000.00 ₹ 25.90 All ₹ 0.00 0 ₹ 0.00 20122016 260 IS 2403:2014 100 piece ₹ 50,000.00 ₹ 40,000.00 ₹ 1.75 All ₹ 0.00 0 ₹ 0.00 30122016 261 IS 2404:1993 1 TONNE ₹ 64,000.00 ₹ 52,000.00 ₹ 20.70 All ₹ 0.00 0 ₹ 0.00 20122016 262 IS 2414:2005 100 piece ₹ 73,000.00 ₹ 59,000.00 ₹ 14.60 All ₹ 0.00 0 ₹ 0.00 17072017 263 IS 2415:2015 100 piece ₹ 46,000.00 ₹ 37,000.00 ₹ 1.75 All ₹ 0.00 0 ₹ 0.00 24082016 IS 2418:Part 264 1 piece ₹ 80,000.00 ₹ 60,000.00 ₹ 0.06 All ₹ 0.00 0 ₹ 0.00 24082016 1:1977 265 IS 2465:1984 100 meter ₹ 46,000.00 ₹ 37,000.00 ₹ 0.42 All ₹ 0.00 0 ₹ 0.00 24082016 IS 2494:Part 266 100 piece ₹ 51,000.00 ₹ 41,000.00 ₹ 3.50 All ₹ 0.00 0 ₹ 0.00 30122016 1:1994 267 IS 2508:1984 1 KG ₹ 46,000.00 ₹ 37,000.00 ₹ 0.18 All ₹ 0.00 0 ₹ 0.00 24082016 268 IS 2512:1978 1 piece ₹ 46,000.00 ₹ 37,000.00 ₹ 0.18 All ₹ 0.00 0 ₹ 0.00 24082016 269 IS 2546:1974 1 piece ₹ 56,000.00 ₹ 45,000.00 ₹ 1.70 All ₹ 0.00 0 ₹ 0.00 28072017 IS 2547:Part 270 1 ton ₹ 82,000.00 ₹ 66,000.00 ₹ 5.00 All ₹ 0.00 0 ₹ 0.00 30122016 1:1976 IS 2548:Part 271 1 piece ₹ 61,000.00 ₹ 49,000.00 ₹ 0.90 All ₹ 0.00 0 ₹ 0.00 28072017 2:1996 272 IS 2552:1989 ONE PIECE ₹ 46,000.00 ₹ 37,000.00 ₹ 0.18 All ₹ 0.00 0 ₹ 0.00 24082016 IS 2553:Part 1 SQ. 273 ₹ 46,000.00 ₹ 37,000.00 ₹ 0.54 All ₹ 0.00 0 ₹ 0.00 06082017 1:1990 METRE IS 2553:Part 274 1 sq.m ₹ 65,000.00 ₹ 53,000.00 ₹ 0.90 All ₹ 0.00 0 ₹ 0.00 2062017 2:1992 275 IS 2556:1994 1 ton ₹ 57,000.00 ₹ 46,000.00 ₹ 36.00 All ₹ 0.00 0 ₹ 0.00 24082016 IS 2556:Part 276 1 ton ₹ 46,000.00 ₹ 37,000.00 ₹ 14.00 All ₹ 0.00 0 ₹ 0.00 24082016 1:1994 IS 2556:Part 277 1 ton ₹ 46,000.00 ₹ 37,000.00 ₹ 14.00 All ₹ 0.00 0 ₹ 0.00 30082017 5:1994 IS 2556:Part 278 1 ton ₹ 46,000.00 ₹ 37,000.00 ₹ 14.00 All ₹ 0.00 0 ₹ 0.00 30082017 6:1995 IS 2556:Part 279 1 ton ₹ 46,000.00 ₹ 37,000.00 ₹ 14.00 All ₹ 0.00 0 ₹ 0.00 30082017 7:1995 IS 2556:Part 280 1 ton ₹ 46,000.00 ₹ 37,000.00 ₹ 14.00 All ₹ 0.00 0 ₹ 0.00 30082017 14:1995 IS 2556:Part 281 1 ton ₹ 46,000.00 ₹ 37,000.00 ₹ 14.00 All ₹ 0.00 0 ₹ 0.00 30082017 16:2002 IS 2556:Part 282 1 ton ₹ 46,000.00 ₹ 37,000.00 ₹ 14.00 All ₹ 0.00 0 ₹ 0.00 30082017 2:2004 IS 2556:Part 283 1 ton ₹ 52,000.00 ₹ 42,000.00 ₹ 36.00 All ₹ 0.00 0 ₹ 0.00 24082016 3:2004 IS 2556:Part 284 1 ton ₹ 46,000.00 ₹ 37,000.00 ₹ 14.00 All ₹ 0.00 0 ₹ 0.00 30082017 4:2004 IS 2556:Part 285 1 ton ₹ 46,000.00 ₹ 37,000.00 ₹ 14.00 All ₹ 0.00 0 ₹ 0.00 30082017 8:2004 IS 2556:Part 286 1 ton ₹ 46,000.00 ₹ 37,000.00 ₹ 14.00 All ₹ 0.00 0 ₹ 0.00 30082017 9:2004 IS 2556:Part 287 1 ton ₹ 46,000.00 ₹ 37,000.00 ₹ 14.00 All ₹ 0.00 0 ₹ 0.00 30082017 15:2004 IS 2556:Part 288 1 ton ₹ 46,000.00 ₹ 37,000.00 ₹ 14.00 All ₹ 0.00 0 ₹ 0.00 13112017 17:2004 289 IS 2557:1994 ONE Kg ₹ 56,000.00 ₹ 45,000.00 ₹ 0.80 All ₹ 0.00 0 ₹ 0.00 06082017 290 IS 2558:1994 1 KG ₹ 65,000.00 ₹ 50,000.00 ₹ 1.30 All ₹ 0.00 0 ₹ 0.00 20122016 291 IS 2566:1993 1 TONNE ₹ 63,000.00 ₹ 51,000.00 ₹ 17.30 All ₹ 0.00 0 ₹ 0.00 26122016 292 IS 2567:1978 100 LITRE ₹ 52,000.00 ₹ 42,000.00 ₹ 34.50 All ₹ 0.00 0 ₹ 0.00 20122016"
310,1,"293 IS 2568:1978 1 TONNE ₹ 51,000.00 ₹ 41,000.00 ₹ 60.00 All ₹ 0.00 0 ₹ 0.00 20122016 294 IS 2569:1978 1 TONNE ₹ 64,000.00 ₹ 52,000.00 ₹ 160.00 All ₹ 0.00 0 ₹ 0.00 20122016 295 IS 2573:1986 1 Pair ₹ 68,000.00 ₹ 55,000.00 ₹ 0.20 All ₹ 0.00 0 ₹ 0.00 13112017 296 IS 2581:2002 1 ton ₹ 46,000.00 ₹ 37,000.00 ₹ 34.60 All ₹ 0.00 0 ₹ 0.00 24082016 297 IS 2593:1984 100 m ₹ 79,000.00 ₹ 64,000.00 ₹ 18.80 All ₹ 0.00 0 ₹ 0.00 30122016 298 IS 2596:2004 100 piece ₹ 46,000.00 ₹ 37,000.00 ₹ 1.75 All ₹ 0.00 0 ₹ 0.00 24082016 299 IS 2619:1993 1 PIECE ₹ 55,000.00 ₹ 44,000.00 ₹ 0.16 All ₹ 0.00 0 ₹ 0.00 20122016 300 IS 2641:1989 I piece ₹ 55,000.00 ₹ 44,000.00 ₹ 1.00 All ₹ 0.00 0 ₹ 0.00 30122016 301 IS 2645:2003 1 ton ₹ 70,000.00 ₹ 56,000.00 ₹ 70.00 All ₹ 0.00 0 ₹ 0.00 13112017 10000 302 IS 2653:2004 ₹ 48,000.00 ₹ 39,000.00 ₹ 8.00 All ₹ 0.00 0 ₹ 0.00 20122016 BOXES 303 IS 2681:1993 1 piece ₹ 46,000.00 ₹ 37,000.00 ₹ 0.27 All ₹ 0.00 0 ₹ 0.00 28072017 304 IS 2692:1989 1 piece ₹ 46,000.00 ₹ 37,000.00 ₹ 0.55 All ₹ 0.00 0 ₹ 0.00 24082016 IS 2705:Part 305 1 piece ₹ 46,000.00 ₹ 37,000.00 ₹ 7.00 All ₹ 0.00 0 ₹ 0.00 24082016 2:1992 306 IS 2712:1998 1000 Kg ₹ 65,000.00 ₹ 53,000.00 ₹ 4.40 All ₹ 0.00 0 ₹ 0.00 24082016 IS 2713:Part 1 307 1 piece ₹ 46,000.00 ₹ 37,000.00 ₹ 3.50 All ₹ 0.00 0 ₹ 0.00 24082016 to 3:1980 308 IS 2721:2003 10 sq.m ₹ 67,000.00 ₹ 54,000.00 ₹ 1.80 All ₹ 0.00 0 ₹ 0.00 28072017 309 IS 2730:1977 1 TONNE ₹ 50,000.00 ₹ 40,000.00 ₹ 25.00 All ₹ 0.00 0 ₹ 0.00 20122016 310 IS 2745:1983 1 piece ₹ 55,000.00 ₹ 44,000.00 1.2 All ₹ 0.00 0 ₹ 0.00 13112017 311 IS 2785:1979 1 TONNE ₹ 50,000.00 ₹ 40,000.00 ₹ 34.50 All ₹ 0.00 0 ₹ 0.00 20122016 312 IS 2791:1992 1 KG ₹ 46,000.00 ₹ 37,000.00 ₹ 0.26 All ₹ 0.00 0 ₹ 0.00 24082016 313 IS 2802:1964 100 lts ₹ 46,000.00 ₹ 37,000.00 ₹ 10.00 All ₹ 0.00 0 ₹ 0.00 24082016 314 IS 2830:2012 1 TONNE ₹ 49,000.00 ₹ 40,000.00 ₹ 3.00 All ₹ 0.00 0 ₹ 0.00 20122016 315 IS 2831:2012 1 Tonne ₹ 56,000.00 ₹ 45,000.00 ₹ 3.00 All ₹ 0.00 0 ₹ 0.00 06082017 316 IS 2871:2012 1 piece ₹ 93,000.00 ₹ 73,000.00 ₹ 4.20 All ₹ 0.00 0 ₹ 0.00 28072017 317 IS 2878:2004 1 piece ₹ 71,000.00 ₹ 57,000.00 ₹ 18.00 All ₹ 0.00 0 ₹ 0.00 28072017 318 IS 2879:1998 1 TONNE ₹ 46,000.00 ₹ 37,000.00 ₹ 3.00 All ₹ 0.00 0 ₹ 0.00 24082016 319 IS 2888:2004 1 TONNE ₹ 54,000.00 ₹ 44,000.00 ₹ 540.00 All ₹ 0.00 0 ₹ 0.00 06082017 320 IS 2923:1995 1 KG ₹ 65,000.00 ₹ 52,000.00 ₹ 1.45 All ₹ 0.00 0 ₹ 0.00 20122016 321 IS 2925:1984 1 piece ₹ 70,000.00 ₹ 56,000.00 ₹ 0.36 All ₹ 0.00 0 ₹ 0.00 30122016 IS 2932:Part 322 1 LITRE ₹ 81,000.00 ₹ 65,000.00 ₹ 0.26 ALL ₹ 0.00 0 ₹ 0.00 20122016 1:2013 IS 2933:Part 323 1 LITRE ₹ 68,000.00 ₹ 55,000.00 ₹ 0.27 All ₹ 0.00 0 ₹ 0.00 20122016 1:2013 324 IS 2980:1999 1 piece ₹ 60,000.00 ₹ 48,000.00 ₹ 0.27 All ₹ 0.00 0 ₹ 0.00 28072017 325 IS 2993:1998 1 piece ₹ 46,000.00 ₹ 37,000.00 ₹ 0.90 All ₹ 0.00 0 ₹ 0.00 24082016 326 IS 2997:1964 1 piece ₹ 65,000.00 ₹ 53,000.00 ₹ 7.20 All ₹ 0.00 0 ₹ 0.00 24082016 327 IS 3017:1985 1 piece ₹ 90,000.00 ₹ 72,000.00 ₹ 0.55 All ₹ 0.00 0 ₹ 0.00 30122016 328 IS 3024:2015 ONE MT ₹ 59,000.00 ₹ 48,000.00 ₹ 17.50 All ₹ 0.00 0 ₹ 0.00 24082016 IS 3055:Part 329 1 piece ₹ 59,000.00 ₹ 48,000.00 ₹ 0.40 All ₹ 0.00 0 ₹ 0.00 30122016 1:1994 IS 3055:Part 330 1 piece ₹ 59,000.00 ₹ 48,000.00 ₹ 0.50 All ₹ 0.00 0 ₹ 0.00 30122016 2:2004 331 IS 3062:1995 1 SPRAYER ₹ 63,000.00 ₹ 51,000.00 ₹ 4.60 All ₹ 0.00 0 ₹ 0.00 06082017 332 IS 3074:2013 one tonne ₹ 70,000.00 ₹ 56,000.00 ₹ 8.70 All ₹ 0.00 0 ₹ 0.00 04072016 333 IS 3087:2005 1 sq.m ₹ 99,000.00 ₹ 80,000.00 ₹ 0.20 All ₹ 0.00 0 ₹ 0.00 13112017 334 IS 3097:2006 1 sq.m ₹ 46,000.00 ₹ 37,000.00 ₹ 0.20 All ₹ 0.00 0 ₹ 0.00 24082016 IS 3099:Part 1 335 500 piece ₹ 46,000.00 ₹ 37,000.00 ₹ 1.75 All ₹ 0.00 0 ₹ 0.00 30122016 to 2:1992 IS 3104:Part 336 1 PIECE ₹ 46,000.00 ₹ 37,000.00 ₹ 0.36 All ₹ 0.00 0 ₹ 0.00 24082016 1:1982 337 IS 3118:1978 1 piece ₹ 1,07,000.00 ₹ 86,000.00 ₹ 26.00 All ₹ 0.00 0 ₹ 0.00 30122016"
311,1,"338 IS 3119:1978 1 piece ₹ 1,08,000.00 ₹ 87,000.00 ₹ 26.00 All ₹ 0.00 0 ₹ 0.00 30122016 339 IS 3181:1992 1 Sq Mtr ₹ 1,49,000.00 ₹ 1,20,000.00 ₹ 0.85 All ₹ 0.00 0 ₹ 0.00 26052016 IS/ISO 340 1 TONNE ₹ 46,000.00 ₹ 37,000.00 ₹ 8.70 All ₹ 0.00 0 ₹ 0.00 24082016 3183:2007 341 IS 3183:2007 1 TONNE ₹ 46,000.00 ₹ 37,000.00 ₹ 8.70 All ₹ 0.00 0 ₹ 0.00 24082016 IS 3196:Part 342 1 piece ₹ 1,36,000.00 ₹ 98,000.00 ₹ 27.20 All ₹ 0.00 0 ₹ 0.00 13112017 4:2001 IS 3196:Part Remaini 343 1 piece ₹ 1,36,000.00 ₹ 96,000.00 ₹ 3.50 50000 ₹ 2.65 ₹ 0.00 28072017 2:2006 ng IS 3196:Part Remaini 344 1 Piece ₹ 1,36,000.00 ₹ 96,000.00 ₹ 3.50 50000 ₹ 2.65 ₹ 0.00 28072017 1:2013 ng 345 IS 3224:2002 1 piece ₹ 1,03,000.00 ₹ 83,000.00 ₹ 1.60 All ₹ 0.00 0 ₹ 0.00 30122016 2800 2800 346 IS 3308:1981 1cub.mtr. ₹ 65,400.00 ₹ 55,600.00 ₹ 240.00 ₹ 12.00 ₹ 6.00 units units 347 IS 3309:1992 1 KG ₹ 46,000.00 ₹ 37,000.00 ₹ 0.26 All ₹ 0.00 0 ₹ 0.00 24082016 348 IS 3319:1995 1000 piece ₹ 71,000.00 ₹ 57,000.00 ₹ 10.40 All ₹ 0.00 0 ₹ 0.00 28072017 349 IS 3323:1980 100 piece ₹ 46,000.00 ₹ 37,000.00 ₹ 3.50 All ₹ 0.00 0 ₹ 0.00 24082016 1 PADDY 350 IS 3327:1982 ₹ 46,000.00 ₹ 37,000.00 ₹ 6.80 All ₹ 0.00 0 ₹ 0.00 24082016 THRESHER 351 IS 3383:1982 ₹ 54,000.00 ₹ 44,000.00 ₹ 45.00 All ₹ 0.00 0 ₹ 0.00 20122016 ONE TONNE 352 IS 3390:1988 1 meter ₹ 72,000.00 ₹ 58,000.00 ₹ 3.50 All ₹ 0.00 0 ₹ 0.00 30122016 353 IS 3419:1988 100 piece ₹ 81,000.00 ₹ 65,000.00 ₹ 1.15 All ₹ 0.00 0 ₹ 0.00 30122016 354 IS 3443:1980 1 ton ₹ 46,000.00 ₹ 37,000.00 ₹ 8.75 All ₹ 0.00 0 ₹ 0.00 02062017 1 BOX OF 355 IS 3450:1994 ₹ 46,000.00 ₹ 37,000.00 ₹ 0.36 All ₹ 0.00 0 ₹ 0.00 24082016 100 SHEETS 356 IS 3459:2004 1 ton ₹ 71,000.00 ₹ 59,000.00 ₹ 28.75 All ₹ 0.00 0 ₹ 0.00 27122016 357 IS 3462:1986 1 sq.m ₹ 46,000.00 ₹ 37,000.00 ₹ 0.22 All ₹ 0.00 0 ₹ 0.00 24082016 358 IS 3466:1988 1 ton ₹ 64,000.00 ₹ 45,000.00 ₹ 2.00 All ₹ 0.00 0 ₹ 0.00 24082016 ONE KL Remaini 359 IS 3470:2002 ₹ 46,000.00 ₹ 37,000.00 ₹ 2.20 10000 ₹ 1.73 ₹ 0.00 24082016 LITRE ng 360 IS 3502:2009 1 TONNE ₹ 46,000.00 ₹ 37,000.00 ₹ 3.00 All ₹ 0.00 0 ₹ 0.00 24082016 IS 3513:Part 361 1 sq.m ₹ 71,000.00 ₹ 59,000.00 ₹ 3.50 All ₹ 0.00 0 ₹ 0.00 24082016 3:1989 362 IS 3521:1999 1 PIECE ₹ 46,000.00 ₹ 37,000.00 ₹ 0.90 All ₹ 0.00 0 ₹ 0.00 24082016 363 IS 3549:1983 100 METRE ₹ 89,000.00 ₹ 72,000.00 ₹ 161.80 All ₹ 0.00 0 ₹ 0.00 20122016 364 IS 3564:1995 1 piece ₹ 84,000.00 ₹ 68,000.00 ₹ 2.60 All ₹ 0.00 0 ₹ 0.00 28072017 365 IS 3575:1993 ONE PIECE ₹ 49,000.00 ₹ 40,000.00 ₹ 0.30 All ₹ 0.00 0 ₹ 0.00 28072017 366 IS 3589:2001 1 TONNE ₹ 46,000.00 ₹ 37,000.00 ₹ 8.70 All ₹ 0.00 0 ₹ 0.00 24082016 367 IS 3601:2006 1 TONNE ₹ 73,000.00 ₹ 59,000.00 ₹ 8.70 All ₹ 0.00 0 ₹ 0.00 06082017 368 IS 3623:1978 1 ton ₹ 46,000.00 ₹ 37,000.00 ₹ 26.00 All ₹ 0.00 0 ₹ 0.00 24082016 369 IS 3626:2001 1 ton ₹ 46,000.00 ₹ 37,000.00 ₹ 87.00 All ₹ 0.00 0 ₹ 0.00 20062017 370 IS 3650:1981 1 piece ₹ 46,000.00 ₹ 37,000.00 ₹ 0.32 All ₹ 0.00 0 ₹ 0.00 24082016 371 IS 3652:1995 ₹ 46,000.00 ₹ 37,000.00 ₹ 3.40 All ₹ 0.00 0 ₹ 0.00 24082016 1 SPRAYER 372 IS 3686:1966 1 piece ₹ 46,000.00 ₹ 37,000.00 ₹ 3.50 All ₹ 0.00 0 ₹ 0.00 24082016 373 IS 3725:1966 1 kg ₹ 48,000.00 ₹ 39,000.00 ₹ 1.75 All ₹ 0.00 0 ₹ 0.00 30122016 374 IS 3735:1996 1 PAIR ₹ 46,000.00 ₹ 37,000.00 ₹ 0.36 All ₹ 0.00 0 ₹ 0.00 24082016 375 IS 3736:1995 1 PAIR ₹ 72,000.00 ₹ 58,000.00 ₹ 1.20 All ₹ 0.00 0 ₹ 0.00 20122016 376 IS 3745:2006 1 piece ₹ 55,000.00 ₹ 44,000.00 ₹ 0.42 All ₹ 0.00 0 ₹ 0.00 30122016 377 IS 3757:1985 1 ton ₹ 48,000.00 ₹ 39,000.00 ₹ 13.35 All ₹ 0.00 0 ₹ 0.00 09092016 378 IS 3768:1996 1 meter ₹ 79,000.00 ₹ 63,200.00 ₹ 3.17 All ₹ 0.00 0 ₹ 0.00 19012016 IS 3812:Part 379 1 ton ₹ 1,25,000.00 ₹ 1,00,000.00 ₹ 9.20 All ₹ 0.00 0 ₹ 0.00 28072017 1:2013 380 IS 3818:1992 100 piece ₹ 46,000.00 ₹ 37,000.00 ₹ 8.65 All ₹ 0.00 0 ₹ 0.00 30122016"
312,1,"IS 3829:Part 381 1 piece ₹ 46,000.00 ₹ 37,000.00 ₹ 103.70 All ₹ 0.00 0 ₹ 0.00 24082016 2:1978 IS 3829:Part 382 1 piece ₹ 46,000.00 ₹ 37,000.00 ₹ 103.70 All ₹ 0.00 0 ₹ 0.00 24082016 3:1985 IS 3829:Part 383 1 piece ₹ 46,000.00 ₹ 37,000.00 ₹ 103.70 All ₹ 0.00 0 ₹ 0.00 24082016 1:1999 384 IS 3830:1979 1 piece ₹ 51,000.00 ₹ 41,000.00 ₹ 140.00 All ₹ 0.00 0 ₹ 0.00 28072017 385 IS 3831:1979 1 piece ₹ 46,000.00 ₹ 37,000.00 ₹ 1.75 All ₹ 0.00 0 ₹ 0.00 24082016 386 IS 3832:2005 1 piece ₹ 46,000.00 ₹ 37,000.00 ₹ 17.30 All ₹ 0.00 0 ₹ 0.00 24082016 387 IS 3854:1997 100 piece ₹ 69,000.00 ₹ 56,000.00 ₹ 3.50 All ₹ 0.00 0 ₹ 0.00 30122016 388 IS 3899:1981 1 TONNE ₹ 58,000.00 ₹ 47,000.00 ₹ 193.35 ALL ₹ 0.00 0 ₹ 0.00 20122016 389 IS 3902:1975 ONE TONNE ₹ 58,000.00 ₹ 47,000.00 ₹ 172.80 All ₹ 0.00 0 ₹ 0.00 20122016 390 IS 3903:1984 100 LITRE ₹ 51,000.00 ₹ 41,000.00 ₹ 34.50 All ₹ 0.00 0 ₹ 0.00 20122016 ONE 391 IS 3906:1995 ₹ 53,000.00 ₹ 43,000.00 ₹ 3.45 All ₹ 0.00 0 ₹ 0.00 20122016 SPRAYER 392 IS 3975:1999 1 TONNE ₹ 49,000.00 ₹ 40,000.00 ₹ 10.40 All ₹ 0.00 0 ₹ 0.00 20122016 393 IS 3976:2003 1 PAIR ₹ 46,000.00 ₹ 37,000.00 ₹ 0.42 All ₹ 0.00 0 ₹ 0.00 24082016 394 IS 3989:2009 1 TONNE ₹ 61,000.00 ₹ 49,000.00 ₹ 8.70 All ₹ 0.00 0 ₹ 0.00 06082017 395 IS 3992:1982 1 piece ₹ 46,000.00 ₹ 37,000.00 ₹ 0.30 All ₹ 0.00 0 ₹ 0.00 13112017 396 IS 3993:1993 1 piece ₹ 46,000.00 ₹ 37,000.00 ₹ 1.40 All ₹ 0.00 0 ₹ 0.00 13112017 IS 4003:Part 397 1 piece ₹ 53,000.00 ₹ 43,000.00 ₹ 0.36 All ₹ 0.00 0 ₹ 0.00 28072017 1:1978 IS 4003:Part 398 1 piece ₹ 59,000.00 ₹ 48,000.00 ₹ 5.25 All ₹ 0.00 0 ₹ 0.00 28072017 2:1986 399 IS 4035:1967 1 Bed ₹ 51,000.00 ₹ 41,000.00 ₹ 3.40 All ₹ 0.00 0 ₹ 0.00 09062016 400 IS 4038:1986 1 piece ₹ 46,000.00 ₹ 37,000.00 ₹ 1.75 All ₹ 0.00 0 ₹ 0.00 24082016 401 IS 4109:1967 100 PIECES ₹ 46,000.00 ₹ 37,000.00 ₹ 59.00 All ₹ 0.00 0 ₹ 0.00 28072017 402 IS 4123:1982 1 piece ₹ 53,000.00 ₹ 43,000.00 ₹ 5.25 All ₹ 0.00 0 ₹ 0.00 17072017 100 SQ. 403 IS 4135:1974 ₹ 65,000.00 ₹ 53,000.00 ₹ 28.80 All ₹ 0.00 0 ₹ 0.00 24082016 METER 404 IS 4148:1989 100 PAIRS ₹ 46,000.00 ₹ 37,000.00 ₹ 1.74 All ₹ 0.00 0 ₹ 0.00 24082016 405 IS 4151:1993 1 piece ₹ 46,000.00 ₹ 37,000.00 ₹ 0.45 All ₹ 0.00 0 ₹ 0.00 24082016 406 IS 4159:2002 1 piece ₹ 81,000.00 ₹ 65,000.00 ₹ 1.75 All ₹ 0.00 0 ₹ 0.00 30122016 METRE 407 IS 4199:2001 ₹ 46,000.00 ₹ 37,000.00 ₹ 43.20 All ₹ 0.00 0 ₹ 0.00 24082016 ONE KILO 408 IS 4246:2002 1 piece ₹ 1,13,000.00 ₹ 91,000.00 ₹ 3.50 All ₹ 0.00 0 ₹ 0.00 13112017 409 IS 4250:1980 1 piece ₹ 79,000.00 ₹ 64,000.00 ₹ 3.50 All ₹ 0.00 0 ₹ 0.00 30122016 410 IS 4266:1967 1 piece ₹ 46,000.00 ₹ 37,000.00 ₹ 2.50 All ₹ 0.00 0 ₹ 0.00 24082016 411 IS 4270:2001 1 TONNE ₹ 71,000.00 ₹ 57,000.00 ₹ 8.70 All ₹ 0.00 0 ₹ 0.00 20122016 412 IS 4283:1981 1 piece ₹ 89,000.00 ₹ 72,000.00 ₹ 1.75 All ₹ 0.00 0 ₹ 0.00 30122016 413 IS 4308:2003 1 kg ₹ 61,000.00 ₹ 49,000.00 ₹ 0.20 All ₹ 0.00 0 ₹ 0.00 30122016 414 IS 4320:1982 1 TONNE ₹ 48,000.00 ₹ 39,000.00 ₹ 250.00 All ₹ 0.00 0 ₹ 0.00 20122016 415 IS 4328:1967 1 piece ₹ 46,000.00 ₹ 37,000.00 ₹ 3.50 All ₹ 0.00 0 ₹ 0.00 24082016 416 IS 4351:2003 1 ton ₹ 56,000.00 ₹ 45,000.00 ₹ 137.50 All ₹ 0.00 0 ₹ 0.00 28072017 1 SQ. 417 IS 4355:1977 ₹ 46,000.00 ₹ 37,000.00 ₹ 0.07 All ₹ 0.00 0 ₹ 0.00 24082016 METRE 100 418 IS 4375:1975 ₹ 46,000.00 ₹ 37,000.00 ₹ 2.75 All ₹ 0.00 0 ₹ 0.00 24082016 NUMBERS 419 IS 4381:1967 1 piece ₹ 46,000.00 ₹ 37,000.00 ₹ 8.70 All ₹ 0.00 0 ₹ 0.00 24082016 420 IS 4398:1994 One Tonne ₹ 70,000.00 ₹ 56,000.00 ₹ 5.85 All ₹ 0.00 0 ₹ 0.00 06092016 421 IS 4432:1988 1 TONNE ₹ 46,000.00 ₹ 37,000.00 ₹ 3.00 All ₹ 0.00 0 ₹ 0.00 24082016 422 IS 4447:1994 1 KG ₹ 59,000.00 ₹ 48,000.00 ₹ 0.20 All ₹ 0.00 0 ₹ 0.00 13112017 423 IS 4448:1994 1 Tonne ₹ 46,000.00 ₹ 37,000.00 ₹ 260.00 All ₹ 0.00 0 ₹ 0.00 26122016 IS 4454:Part 424 1 TONNE ₹ 46,000.00 ₹ 37,000.00 ₹ 3.00 All ₹ 0.00 0 ₹ 0.00 24082016 1:2001"
313,1,"425 IS 4467:1996 ONE Kg. ₹ 75,000.00 ₹ 60,000.00 ₹ 0.20 All ₹ 0.00 0 ₹ 0.00 20122016 426 IS 4505:2015 1 MT ₹ 46,000.00 ₹ 37,000.00 ₹ 300.00 1000 ₹ 200.00 5000 ₹ 100.00 24082016 427 IS 4508:1992 1 piece ₹ 48,000.00 ₹ 39,000.00 ₹ 0.60 All ₹ 0.00 0 ₹ 0.00 30122016 428 IS 4509:1992 1 piece ₹ 46,000.00 ₹ 37,000.00 ₹ 0.50 All ₹ 0.00 0 ₹ 0.00 24082016 429 IS 4521:2001 1 ton ₹ 1,07,000.00 ₹ 86,000.00 ₹ 103.70 All ₹ 0.00 0 ₹ 0.00 13112017 430 IS 4533:1995 1 piece ₹ 77,000.00 ₹ 62,000.00 ₹ 14.00 All ₹ 0.00 0 ₹ 0.00 30122016 Remaini 431 IS 4572:2014 1 MT ₹ 46,000.00 ₹ 37,000.00 ₹ 290.00 150 ₹ 145.00 ₹ 0.00 24082016 ng 432 IS 4588:1986 1 TONNE ₹ 46,000.00 ₹ 37,000.00 ₹ 25.90 All ₹ 0.00 0 ₹ 0.00 24082016 100 SQ. 433 IS 4605:1981 ₹ 47,000.00 ₹ 38,000.00 ₹ 9.40 All ₹ 0.00 0 ₹ 0.00 17072017 METRE 434 IS 4654:1993 1 TONNE ₹ 56,000.00 ₹ 45,000.00 ₹ 13.80 All ₹ 0.00 0 ₹ 0.00 20122016 Remaini 435 IS 4684:1975 1 TONNE ₹ 46,000.00 ₹ 37,000.00 ₹ 24.00 2000 ₹ 12.00 ₹ 0.00 24082016 ng 436 IS 4751:1994 1 Tonne ₹ 57,000.00 ₹ 46,000.00 ₹ 0.08 All ₹ 0.00 0 ₹ 0.00 06082017 437 IS 4752:1994 1 Tonne ₹ 61,000.00 ₹ 49,000.00 ₹ 0.20 All ₹ 0.00 0 ₹ 0.00 06082017 438 IS 4761:1968 1 Piece ₹ 56,000.00 ₹ 44,800.00 ₹ 0.23 All ₹ 0.00 0 ₹ 0.00 21012016 439 IS 4766:1982 1 TONNE ₹ 54,000.00 ₹ 44,000.00 ₹ 270.00 All ₹ 0.00 0 ₹ 0.00 20122016 440 IS 4783:1982 ONE TONNE ₹ 46,000.00 ₹ 37,000.00 ₹ 69.10 All ₹ 0.00 0 ₹ 0.00 24082016 441 IS 4808:1982 100 LTS. ₹ 46,000.00 ₹ 37,000.00 ₹ 31.00 All ₹ 0.00 0 ₹ 0.00 24082016 442 IS 4835:1979 1 ton ₹ 1,02,000.00 ₹ 85,000.00 ₹ 86.00 All ₹ 0.00 0 ₹ 0.00 24082016 443 IS 4860:1968 100 piece ₹ 46,000.00 ₹ 37,000.00 ₹ 4.00 All ₹ 0.00 0 ₹ 0.00 24082016 444 IS 4923:2017 1 TONNE ₹ 74,000.00 ₹ 60,000.00 ₹ 8.70 All ₹ 0.00 0 ₹ 0.00 20122016 445 IS 4947:2006 1 piece ₹ 79,000.00 ₹ 64,000.00 ₹ 1.75 All ₹ 0.00 0 ₹ 0.00 13112017 446 IS 4948:2002 1 ton ₹ 53,000.00 ₹ 43,000.00 ₹ 30.00 All ₹ 0.00 0 ₹ 0.00 30122016 447 IS 4964:2013 100 VESTS ₹ 46,000.00 ₹ 37,000.00 ₹ 5.25 All ₹ 0.00 0 ₹ 0.00 24082016 448 IS 4984:1995 1 ton ₹ 50,000.00 ₹ 40,000.00 ₹ 86.40 All ₹ 0.00 0 ₹ 0.00 28072017 449 IS 4985:2000 1 ton ₹ 58,000.00 ₹ 47,000.00 ₹ 86.40 All ₹ 0.00 0 ₹ 0.00 28072017 IS 4989:Part 450 1 kL ₹ 86,000.00 ₹ 74,000.00 ₹ 220.00 All ₹ 0.00 0 ₹ 0.00 24082016 4:2003 451 IS 4989:2006 1 litre ₹ 46,000.00 ₹ 37,000.00 ₹ 0.20 all ₹ 0.00 0 ₹ 0.00 24082016 452 IS 4990:2011 1 sq.m ₹ 90,000.00 ₹ 72,000.00 ₹ 0.25 All ₹ 0.00 0 ₹ 0.00 30122016 453 IS 5022:1989 1 piece ₹ 46,000.00 ₹ 37,000.00 ₹ 1.75 All ₹ 0.00 0 ₹ 0.00 24082016 454 IS 5029:1979 1 piece ₹ 65,000.00 ₹ 53,000.00 ₹ 17.30 All ₹ 0.00 0 ₹ 0.00 24082016 455 IS 5035:1969 1 piece ₹ 46,000.00 ₹ 37,000.00 ₹ 140.00 All ₹ 0.00 0 ₹ 0.00 24082016 IS 5135:Part ONE 456 ₹ 46,000.00 ₹ 37,000.00 ₹ 3.30 ALL ₹ 0.00 0 ₹ 0.00 24082016 1:1994 DUSTER 457 IS 5143:1988 1 piece ₹ 48,000.00 ₹ 39,000.00 ₹ 0.40 All ₹ 0.00 0 ₹ 0.00 30122016 458 IS 5175:1992 1 TONNE ₹ 46,000.00 ₹ 37,000.00 ₹ 43.20 All ₹ 0.00 0 ₹ 0.00 24082016 459 IS 5191:1993 1 KG ₹ 88,000.00 ₹ 71,000.00 ₹ 0.42 All ₹ 0.00 0 ₹ 0.00 20122016 460 IS 5204:1969 1 piece ₹ 46,000.00 ₹ 37,000.00 ₹ 36.00 All ₹ 0.00 0 ₹ 0.00 24082016 461 IS 5206:1983 ONE TONNE ₹ 1,17,000.00 ₹ 97,000.00 ₹ 60.00 All ₹ 0.00 0 ₹ 0.00 24082016 462 IS 5244:2014 1 piece ₹ 2,03,000.00 ₹ 1,63,000.00 ₹ 79.80 All ₹ 0.00 0 ₹ 0.00 30122016 463 IS 5277:1978 100 LITRE ₹ 54,000.00 ₹ 44,000.00 ₹ 34.50 All ₹ 0.00 0 ₹ 0.00 20122016 464 IS 5278:1969 1 TONNE ₹ 46,000.00 ₹ 37,000.00 ₹ 306.70 All ₹ 0.00 0 ₹ 0.00 20122016 465 IS 5279:1969 100 LITRE ₹ 49,000.00 ₹ 40,000.00 ₹ 34.50 All ₹ 0.00 0 ₹ 0.00 20122016 466 IS 5290:1993 1 piece ₹ 62,000.00 ₹ 50,000.00 ₹ 5.60 All ₹ 0.00 0 ₹ 0.00 30122016 467 IS 5291:1969 1 piece ₹ 46,000.00 ₹ 37,000.00 ₹ 103.70 All ₹ 0.00 0 ₹ 0.00 24082016 IS 5312:Part 468 1 piece ₹ 66,000.00 ₹ 53,000.00 ₹ 6.00 All ₹ 0.00 0 ₹ 0.00 30122016 1:2004 469 IS 5342:1996 ONE KG ₹ 65,000.00 ₹ 52,000.00 ₹ 1.40 All ₹ 0.00 0 ₹ 0.00 20122016 470 IS 5346:1994 1 KG ₹ 54,000.00 ₹ 44,000.00 ₹ 0.45 ALL ₹ 0.00 0 ₹ 0.00 20122016 471 IS 5382:1985 1 PIECE ₹ 76,000.00 ₹ 61,000.00 ₹ 0.26 All ₹ 0.00 0 ₹ 0.00 20122016"
314,1,"472 IS 5405:1980 1000 piece ₹ 46,000.00 ₹ 37,000.00 ₹ 10.00 All ₹ 0.00 0 ₹ 0.00 24082016 473 IS 5410:2013 100 KG ₹ 46,000.00 ₹ 37,000.00 ₹ 8.60 All ₹ 0.00 0 ₹ 0.00 24082016 1 TONNE 474 IS 5430:2017 ₹ 57,000.00 ₹ 46,000.00 ₹ 51.80 All ₹ 0.00 0 ₹ 0.00 20122016 (DRC BAS) 475 IS 5456:2006 1 piece ₹ 46,000.00 ₹ 37,000.00 ₹ 26.00 All ₹ 0.00 0 ₹ 0.00 24082016 476 IS 5470:2002 ₹ 46,000.00 ₹ 37,000.00 ₹ 17.30 All ₹ 0.00 0 ₹ 0.00 24082016 ONE TONNE ONE KILO 477 IS 5487:1992 ₹ 57,000.00 ₹ 46,000.00 ₹ 51.80 All ₹ 0.00 0 ₹ 0.00 20122016 LITRE 478 IS 5504:1997 1 TONNE ₹ 46,000.00 ₹ 37,000.00 ₹ 7.50 All ₹ 0.00 0 ₹ 0.00 24082016 479 IS 5509:2000 1 sq.m ₹ 70,000.00 ₹ 56,000.00 ₹ 0.70 All ₹ 0.00 0 ₹ 0.00 13112017 480 IS 5513:1996 1 piece ₹ 53,000.00 ₹ 43,000.00 ₹ 6.00 All ₹ 0.00 0 ₹ 0.00 30122016 481 IS 5514:1996 1 piece ₹ 46,000.00 ₹ 37,000.00 ₹ 0.82 All ₹ 0.00 0 ₹ 0.00 30122016 482 IS 5516:1996 1 piece ₹ 51,000.00 ₹ 41,000.00 ₹ 5.60 All ₹ 0.00 0 ₹ 0.00 30122016 483 IS 5517:1993 1 TONNE ₹ 46,000.00 ₹ 37,000.00 ₹ 3.00 All ₹ 0.00 0 ₹ 0.00 24082016 484 IS 5522:2014 One MT ₹ 55,300.00 ₹ 44,300.00 ₹ 17.00 All ₹ 0.00 0 ₹ 0.00 23092016 485 IS 5531:2014 1 TONNE ₹ 77,000.00 ₹ 62,000.00 ₹ 17.30 All ₹ 0.00 0 ₹ 0.00 20122016 486 IS 5557:2004 1 PAIR ₹ 95,000.00 ₹ 76,000.00 ₹ 0.80 All ₹ 0.00 0 ₹ 0.00 20122016 487 IS 5604:1984 1 piece ₹ 46,000.00 ₹ 37,000.00 ₹ 17.30 All ₹ 0.00 0 ₹ 0.00 24082016 488 IS 5631:1970 1 piece ₹ 46,000.00 ₹ 37,000.00 ₹ 2.30 all ₹ 0.00 0 ₹ 0.00 29062016 489 IS 5672:1992 1 TONNE ₹ 77,000.00 ₹ 62,000.00 ₹ 38.50 All ₹ 0.00 0 ₹ 0.00 06082017 490 IS 5676:1995 100 PAIRS ₹ 46,000.00 ₹ 37,000.00 ₹ 8.60 All ₹ 0.00 0 ₹ 0.00 24082016 491 IS 5679:1986 1 piece ₹ 46,000.00 ₹ 37,000.00 ₹ 0.55 All ₹ 0.00 0 ₹ 0.00 24082016 492 IS 5719:2005 1 KG. ₹ 68,000.00 ₹ 55,000.00 ₹ 0.20 All ₹ 0.00 0 ₹ 0.00 20122016 493 IS 5820:1970 1 ton ₹ 46,000.00 ₹ 37,000.00 ₹ 40.00 All ₹ 0.00 0 ₹ 0.00 30122016 494 IS 5852:2004 100 PAIRS ₹ 46,000.00 ₹ 37,000.00 ₹ 4.30 All ₹ 0.00 0 ₹ 0.00 24082016 495 IS 5872:1990 ONE TONNE ₹ 46,000.00 ₹ 37,000.00 ₹ 3.00 All ₹ 0.00 0 ₹ 0.00 24082016 496 IS 5884:1993 1 SQ METER ₹ 46,000.00 ₹ 37,000.00 ₹ 0.90 All ₹ 0.00 0 ₹ 0.00 24082016 497 IS 5950:1984 100 m ₹ 82,000.00 ₹ 66,000.00 ₹ 1.80 All ₹ 0.00 0 ₹ 0.00 30122016 Remaini 498 IS 5982:2003 ONE TONNE ₹ 63,000.00 ₹ 51,000.00 ₹ 48.00 5000 ₹ 24.00 ₹ 0.00 06082017 ng 499 IS 5983:1980 1 PAIR ₹ 46,000.00 ₹ 37,000.00 ₹ 1.50 All ₹ 0.00 0 ₹ 0.00 24082016 500 IS 5986:2017 1 TONNE ₹ 70,000.00 ₹ 56,000.00 ₹ 3.75 All ₹ 0.00 0 ₹ 0.00 06082017 501 IS 6003:2010 1 ton ₹ 55,000.00 ₹ 44,000.00 ₹ 10.49 All ₹ 0.00 0 ₹ 0.00 13112017 502 IS 6006:2014 1 ton ₹ 46,000.00 ₹ 37,000.00 ₹ 20.80 All ₹ 0.00 0 ₹ 0.00 24082016 503 IS 6014:1978 100 LTRS. ₹ 46,000.00 ₹ 37,000.00 ₹ 30.00 All ₹ 0.00 0 ₹ 0.00 24082016 504 IS 6022:1994 1 KG ₹ 46,000.00 ₹ 37,000.00 ₹ 1.30 All ₹ 0.00 0 ₹ 0.00 24082016 505 IS 6031:1997 1 KG ₹ 46,000.00 ₹ 37,000.00 ₹ 0.18 All ₹ 0.00 0 ₹ 0.00 24082016 506 IS 6046:1982 ONE M.T ₹ 53,000.00 ₹ 43,000.00 ₹ 2.00 All ₹ 0.00 0 ₹ 0.00 20122016 507 IS 6047:2009 ONE TONNE ₹ 59,000.00 ₹ 48,000.00 ₹ 25.90 All ₹ 0.00 0 ₹ 0.00 06082017 508 IS 6073:2006 10 sq.m ₹ 46,000.00 ₹ 37,000.00 ₹ 3.50 All ₹ 0.00 0 ₹ 0.00 24082016 509 IS 6149:1984 1 piece ₹ 46,000.00 ₹ 37,000.00 ₹ 0.42 All ₹ 0.00 0 ₹ 0.00 28072017 510 IS 6218:2008 1 pair ₹ 59,000.00 ₹ 48,000.00 ₹ 5.60 All ₹ 0.00 0 ₹ 0.00 13112017 511 IS 6240:2008 1 TONNE ₹ 77,000.00 ₹ 62,000.00 ₹ 3.90 All ₹ 0.00 0 ₹ 0.00 06082017 512 IS 6312:1994 1 No. ₹ 85,640.00 ₹ 68,512.00 ₹ 0.14 All ₹ 0.00 0 ₹ 0.00 27112015 513 IS 6315:1992 1 piece ₹ 46,000.00 ₹ 37,000.00 ₹ 5.25 All ₹ 0.00 0 ₹ 0.00 24082016 514 IS 6385:1997 1 KG ₹ 71,000.00 ₹ 57,000.00 ₹ 3.20 All ₹ 0.00 0 ₹ 0.00 20122016 515 IS 6392:1971 1 PIECE ₹ 46,000.00 ₹ 37,000.00 ₹ 1.75 All ₹ 0.00 0 ₹ 0.00 24082016 516 IS 6406:1994 1 KG ₹ 46,000.00 ₹ 37,000.00 ₹ 1.30 All ₹ 0.00 0 ₹ 0.00 24082016 517 IS 6419:1996 kg. ₹ 1,79,000.00 ₹ 1,43,200.00 ₹ 0.12 All ₹ 0.00 0 ₹ 0.00 22062015 518 IS 6438:1980 1 TONNE ₹ 46,000.00 ₹ 37,000.00 ₹ 69.10 All ₹ 0.00 0 ₹ 0.00 20122016 519 IS 6444:1979 1 TONNE ₹ 46,000.00 ₹ 37,000.00 ₹ 19.00 All ₹ 0.00 0 ₹ 0.00 20122016"
315,1,"520 IS 6452:1989 1tonne ₹ 44,000.00 ₹ 38,000.00 ₹ 4.00 all ₹ 0.00 0 ₹ 0.00 12022013 521 IS 6593:1972 1 piece ₹ 97,000.00 ₹ 78,000.00 ₹ 26.00 All ₹ 0.00 0 ₹ 0.00 30122016 IS 6595:Part 522 1 piece ₹ 46,000.00 ₹ 37,000.00 ₹ 5.30 All ₹ 0.00 0 ₹ 0.00 24082016 2:1993 IS 6595:Part 523 1 piece ₹ 65,000.00 ₹ 52,000.00 ₹ 5.30 All ₹ 0.00 0 ₹ 0.00 30122016 1:2002 524 IS 6623:2004 1 ton ₹ 48,000.00 ₹ 39,000.00 ₹ 13.35 All ₹ 0.00 0 ₹ 0.00 9092016 525 IS 6649:1985 1 ton ₹ 46,000.00 ₹ 37,000.00 ₹ 13.35 All ₹ 0.00 0 ₹ 0.00 9092016 526 IS 6685:2009 1 piece ₹ 1,86,000.00 ₹ 1,49,000.00 ₹ 1.00 All ₹ 0.00 0 ₹ 0.00 30082017 527 IS 6701:1985 100 piece ₹ 46,000.00 ₹ 37,000.00 ₹ 1.10 All ₹ 0.00 0 ₹ 0.00 24082016 528 IS 6760:1972 1000 piece ₹ 46,000.00 ₹ 37,000.00 ₹ 1.20 All ₹ 0.00 0 ₹ 0.00 17072017 100 SQ. Remaini 529 IS 6803:1972 ₹ 46,000.00 ₹ 37,000.00 ₹ 8.60 2000 ₹ 3.45 ₹ 0.00 24082016 METRE ng 530 IS 6901:2009 1 PIECE ₹ 46,000.00 ₹ 37,000.00 ₹ 3.50 All ₹ 0.00 0 ₹ 0.00 24082016 531 IS 6908:1991 1 ton ₹ 46,000.00 ₹ 37,000.00 ₹ 16.00 All units ₹ 0.00 0 ₹ 0.00 24082016 532 IS 6909:1990 1 tonne ₹ 79,000.00 ₹ 64,000.00 ₹ 3.00 All ₹ 0.00 0 ₹ 0.00 21122016 533 IS 6911:2017 One Tonne ₹ 96,000.00 ₹ 77,000.00 ₹ 12.00 All ₹ 0.00 0 ₹ 0.00 20122016 534 IS 6956:2001 1 TONNE ₹ 63,000.00 ₹ 51,000.00 ₹ 55.00 All ₹ 0.00 0 ₹ 0.00 20122016 535 IS 7021:1973 ONE TONNE ₹ 80,000.00 ₹ 64,000.00 ₹ 20.00 All ₹ 0.00 0 ₹ 0.00 20122016 536 IS 7058:2005 100 LITRES ₹ 42,600.00 ₹ 36,300.00 ₹ 40.00 All ₹ 0.00 0 ₹ 0.00 26092006 537 IS 7079:2008 100 piece ₹ 46,000.00 ₹ 37,000.00 ₹ 8.70 All ₹ 0.00 0 ₹ 0.00 24082016 538 IS 7083:1973 1 piece ₹ 46,000.00 ₹ 37,000.00 ₹ 2.40 all ₹ 0.00 0 ₹ 0.00 29062016 IS 7092:Part 539 1 TONNE ₹ 46,000.00 ₹ 37,000.00 ₹ 87.00 All ₹ 0.00 0 ₹ 0.00 24082016 2:1987 IS 7098:Part 540 100 m ₹ 1,28,000.00 ₹ 1,03,000.00 ₹ 12.00 All ₹ 0.00 0 ₹ 0.00 27072017 1:1988 IS 7098:Part 541 1 m ₹ 81,000.00 ₹ 78,000.00 ₹ 3.50 All ₹ 0.00 0 ₹ 0.00 24082016 3:1993 IS 7098:Part 542 100 m ₹ 1,52,000.00 ₹ 1,22,000.00 ₹ 17.30 All ₹ 0.00 0 ₹ 0.00 28072017 2:2011 543 IS 7123:1993 100 litre ₹ 46,530.00 ₹ 37,224.00 ₹ 60.00 All ₹ 0.00 0 ₹ 0.00 01122015 Remaini 544 IS 7142:1995 1 piece ₹ 1,36,000.00 ₹ 96,000.00 ₹ 2.65 50000 ₹ 1.75 ₹ 0.00 24082016 ng 545 IS 7181:1986 1 TONNE ₹ 72,000.00 ₹ 58,000.00 ₹ 40.00 All ₹ 0.00 0 ₹ 0.00 26122016 546 IS 7224:2006 1 TONNE ₹ 67,000.00 ₹ 54,000.00 ₹ 1.73 All ₹ 0.00 0 ₹ 0.00 06082017 547 IS 7231:1994 1 piece ₹ 72,000.00 ₹ 58,000.00 ₹ 0.90 All ₹ 0.00 0 ₹ 0.00 30122016 548 IS 7283:1992 1 TONNE ₹ 46,000.00 ₹ 37,000.00 ₹ 3.00 All ₹ 0.00 0 ₹ 0.00 24082016 IS 7285:Part 549 1 piece ₹ 1,36,000.00 ₹ 96,000.00 ₹ 10.40 All ₹ 0.00 0 ₹ 0.00 24082016 1:2004 550 IS 7312:1993 1 piece ₹ 1,36,000.00 ₹ 96,000.00 ₹ 10.40 All ₹ 0.00 0 ₹ 0.00 28072017 551 IS 7347:1974 1 piece ₹ 46,000.00 ₹ 37,000.00 ₹ 2.20 All ₹ 0.00 0 ₹ 0.00 24082016 552 IS 7372:1995 1 piece ₹ 46,000.00 ₹ 37,000.00 ₹ 0.90 All ₹ 0.00 0 ₹ 0.00 24082016 553 IS 7378:1974 7378 ₹ 51,000.00 ₹ 41,000.00 ₹ 2.35 all ₹ 0.00 0 ₹ 0.00 20092016 554 IS 7402:2011 ONE FILTER ₹ 46,000.00 ₹ 37,000.00 ₹ 0.36 All ₹ 0.00 0 ₹ 0.00 24082016 555 IS 7452:1990 1 ton ₹ 46,000.00 ₹ 37,000.00 ₹ 13.90 All ₹ 0.00 0 ₹ 0.00 30122016 556 IS 7454:1991 1 piece ₹ 46,000.00 ₹ 37,000.00 ₹ 4.35 All ₹ 0.00 0 ₹ 0.00 24082016 100 557 IS 7466:1994 ₹ 74,000.00 ₹ 61,000.00 ₹ 1.75 All ₹ 0.00 0 ₹ 0.00 20122016 GASKETS 558 IS 7532:1974 1 TONNE ₹ 70,000.00 ₹ 56,000.00 ₹ 34.60 All ₹ 0.00 0 ₹ 0.00 20122016 559 IS 7538:1996 1 KW ₹ 77,000.00 ₹ 62,000.00 ₹ 4.00 All ₹ 0.00 0 ₹ 0.00 30122016 560 IS 7577:1986 1 piece ₹ 46,000.00 ₹ 37,000.00 ₹ 2.90 All ₹ 0.00 0 ₹ 0.00 24082016 IS 7593:Part ONE 561 ₹ 1,00,000.00 ₹ 80,000.00 ₹ 7.00 All ₹ 0.00 0 ₹ 0.00 06082017 1:1986 SPRAYER IS 7620:Part 562 1 piece ₹ 58,000.00 ₹ 47,000.00 ₹ 260.00 All ₹ 0.00 0 ₹ 0.00 24082016 1:1986"
316,1,"563 IS 7652:1988 1 piece ₹ 46,000.00 ₹ 37,000.00 ₹ 3.50 All ₹ 0.00 0 ₹ 0.00 24082016 564 IS 7653:1975 1 PIECE ₹ 46,000.00 ₹ 37,000.00 ₹ 1.75 All ₹ 0.00 0 ₹ 0.00 24082016 IS 7809:Part Remaini 565 100 roll ₹ 46,000.00 ₹ 37,000.00 ₹ 0.90 5000 ₹ 0.55 ₹ 0.00 24082016 3:Sec 1:1986 ng IS 7834:Part 566 100 piece ₹ 55,000.00 ₹ 44,000.00 ₹ 11.00 All ₹ 0.00 0 ₹ 0.00 30122016 1:1987 IS 7834:Part 567 100 piece ₹ 57,000.00 ₹ 46,000.00 ₹ 8.65 All ₹ 0.00 0 ₹ 0.00 30122016 3:1987 IS 7834:Part 568 100 piece ₹ 67,000.00 ₹ 54,000.00 ₹ 6.00 All ₹ 0.00 0 ₹ 0.00 30122016 4:1987 IS 7834:Part 569 100 piece ₹ 60,000.00 ₹ 48,000.00 ₹ 8.65 All ₹ 0.00 0 ₹ 0.00 30122016 8:1987 570 IS 7887:1992 1 TONNE ₹ 66,000.00 ₹ 53,000.00 ₹ 3.00 All ₹ 0.00 0 ₹ 0.00 20122016 571 IS 7898:2001 1 Machine ₹ 47,000.00 ₹ 38,000.00 ₹ 12.00 All ₹ 0.00 0 ₹ 0.00 13112017 100 SQ. 572 IS 7903:2011 ₹ 99,000.00 ₹ 80,000.00 ₹ 7.00 All ₹ 0.00 0 ₹ 0.00 20122016 METRE 573 IS 7904:1995 TONNE ₹ 46,000.00 ₹ 37,000.00 ₹ 81.00 All ₹ 0.00 0 ₹ 0.00 24082016 574 IS 7933:1975 1 KG ₹ 93,000.00 ₹ 75,000.00 ₹ 0.54 All ₹ 0.00 0 ₹ 0.00 20122016 575 IS 7948:1987 100 LITRE ₹ 47,000.00 ₹ 38,000.00 ₹ 200.00 All ₹ 0.00 0 ₹ 0.00 20122016 576 IS 8025:1990 1 Tonne ₹ 48,000.00 ₹ 39,000.00 ₹ 34.50 All ₹ 0.00 0 ₹ 0.00 20122016 577 IS 8028:1987 100 LITRE ₹ 48,000.00 ₹ 39,000.00 ₹ 34.50 All ₹ 0.00 0 ₹ 0.00 20122016 578 IS 8034:2002 1 piece ₹ 46,000.00 ₹ 37,000.00 ₹ 17.30 All ₹ 0.00 0 ₹ 0.00 24082016 579 IS 8035:1999 1 piece ₹ 46,000.00 ₹ 37,000.00 ₹ 1.75 All ₹ 0.00 0 ₹ 0.00 24082016 580 IS 8041:1990 1 ton ₹ 75,000.00 ₹ 60,000.00 ₹ 3.00 All ₹ 0.00 0 ₹ 0.00 30122016 581 IS 8042:2015 1 ton ₹ 64,000.00 ₹ 45,000.00 ₹ 2.00 All ₹ 0.00 0 ₹ 0.00 24082016 582 IS 8074:1990 100 LITRE ₹ 49,000.00 ₹ 40,000.00 ₹ 34.50 All ₹ 0.00 0 ₹ 0.00 20122016 583 IS 8086:1991 1 piece ₹ 46,000.00 ₹ 37,000.00 ₹ 4.35 All ₹ 0.00 0 ₹ 0.00 24082016 584 IS 8088:1976 1 piece ₹ 46,000.00 ₹ 37,000.00 ₹ 6.80 All ₹ 0.00 0 ₹ 0.00 24082016 585 IS 8110:2000 1 m ₹ 76,000.00 ₹ 62,000.00 ₹ 1.20 All ₹ 0.00 0 ₹ 0.00 24082016 586 IS 8144:1997 1000 piece ₹ 46,000.00 ₹ 37,000.00 ₹ 1.75 All ₹ 0.00 0 ₹ 0.00 24082016 587 IS 8229:1986 1 ton ₹ 48,000.00 ₹ 39,000.00 ₹ 3.40 All ₹ 0.00 0 ₹ 0.00 30122016 588 IS 8249:1994 1 TONNE ₹ 54,000.00 ₹ 44,000.00 ₹ 17.30 All ₹ 0.00 0 ₹ 0.00 20122016 589 IS 8275:1976 1 piece ₹ 46,000.00 ₹ 37,000.00 ₹ 5.30 All ₹ 0.00 0 ₹ 0.00 24082016 Remaini 590 IS 8291:1976 100 LITRE ₹ 47,000.00 ₹ 38,000.00 ₹ 34.50 All ₹ 25.90 ₹ 0.00 20122016 ng 591 IS 8309:1993 1 ton ₹ 58,000.00 ₹ 47,000.00 ₹ 560.00 All ₹ 0.00 0 ₹ 0.00 13112017 592 IS 8329:2000 ONE TONNE ₹ 88,000.00 ₹ 72,000.00 ₹ 17.30 All ₹ 0.00 0 ₹ 0.00 24082016 593 IS 8391:1987 1 TONNE ₹ 82,000.00 ₹ 66,000.00 ₹ 43.20 All ₹ 0.00 0 ₹ 0.00 20122016 594 IS 8418:1999 1 piece ₹ 64,000.00 ₹ 52,000.00 ₹ 4.00 All ₹ 0.00 0 ₹ 0.00 24082016 595 IS 8421:1977 1 piece ₹ 46,000.00 ₹ 37,000.00 ₹ 26.00 All ₹ 0.00 0 ₹ 0.00 24082016 596 IS 8423:1994 100 meter ₹ 58,000.00 ₹ 47,000.00 ₹ 13.90 All ₹ 0.00 0 ₹ 0.00 28072017 597 IS 8442:2008 1 piece ₹ 46,000.00 ₹ 37,000.00 ₹ 26.00 All ₹ 0.00 0 ₹ 0.00 24082016 598 IS 8446:1991 ONE TONNE ₹ 57,000.00 ₹ 46,000.00 ₹ 285.00 All ₹ 0.00 0 ₹ 0.00 20122016 599 IS 8448:1989 1 piece ₹ 46,000.00 ₹ 37,000.00 ₹ 1.75 All ₹ 0.00 0 ₹ 0.00 24082016 600 IS 8462:1977 1 piece ₹ 88,000.00 ₹ 71,000.00 ₹ 26.00 All ₹ 0.00 0 ₹ 0.00 13112017 IS 8471:Part ₹ 601 1 piece ₹ 46,000.00 ₹ 37,000.00 All ₹ 0.00 0 ₹ 0.00 24082016 4:1977 2,520.00 ₹ 602 IS 8471:2003 1 piece ₹ 46,000.00 ₹ 37,000.00 All ₹ 0.00 0 ₹ 0.00 24082016 2,520.00 603 IS 8472:1998 1 piece ₹ 64,000.00 ₹ 52,000.00 ₹ 4.20 All ₹ 0.00 0 ₹ 0.00 30122016 604 IS 8481:2005 1 LITRE ₹ 51,000.00 ₹ 41,000.00 ₹ 0.30 All ₹ 0.00 0 ₹ 0.00 06072017 605 IS 8498:2013 100 LITRE ₹ 48,000.00 ₹ 39,000.00 ₹ 38.40 All ₹ 0.00 0 ₹ 0.00 20122016 606 IS 8598:1987 1 ton ₹ 50,000.00 ₹ 40,000.00 ₹ 8.70 All ₹ 0.00 0 ₹ 0.00 30122016 1 KILO Remaini 607 IS 8654:2001 ₹ 95,000.00 ₹ 76,000.00 ₹ 86.00 1000 ₹ 51.80 ₹ 0.00 20122016 LITRE ng"
317,1,"608 IS 8707:2013 ONE TONNE ₹ 48,000.00 ₹ 39,000.00 ₹ 156.00 All ₹ 0.00 0 ₹ 0.00 20122016 609 IS 8708:2006 ONE TONNE ₹ 53,000.00 ₹ 43,000.00 ₹ 265.00 All ₹ 0.00 0 ₹ 0.00 20122016 610 IS 8737:1995 1 piece ₹ 69,000.00 ₹ 56,000.00 ₹ 0.42 All ₹ 0.00 0 ₹ 0.00 30122016 611 IS 8749:2002 1 piece ₹ 46,000.00 ₹ 37,000.00 ₹ 1.75 All ₹ 0.00 0 ₹ 0.00 24082016 IS 8783:Part Remaini 612 100 m ₹ 46,000.00 ₹ 37,000.00 ₹ 0.38 100000 ₹ 0.19 ₹ 0.00 24082016 4:Sec 1:1995 ng IS 8783:Part 613 100 m ₹ 74,000.00 ₹ 60,000.00 ₹ 1.00 10000 ₹ 0.50 All ₹ 0.00 30122016 4:Sec 3:1995 614 IS 8794:1988 1 TONNE ₹ 56,000.00 ₹ 45,000.00 ₹ 56.00 All ₹ 0.00 0 ₹ 0.00 26122016 615 IS 8808:1999 100 piece ₹ 64,000.00 ₹ 52,000.00 ₹ 12.00 All ₹ 0.00 0 ₹ 0.00 28072017 616 IS 8887:2004 ONE TONNE ₹ 94,000.00 ₹ 76,000.00 ₹ 49.00 All ₹ 0.00 0 ₹ 0.00 20122016 617 IS 8931:1993 1 piece ₹ 53,000.00 ₹ 43,000.00 ₹ 0.50 All ₹ 0.00 0 ₹ 0.00 30122016 618 IS 8944:2005 100 LITRE ₹ 52,000.00 ₹ 42,000.00 ₹ 40.00 All ₹ 0.00 0 ₹ 0.00 20122016 619 IS 8951:2001 1 MT ₹ 61,000.00 ₹ 49,000.00 ₹ 3.00 All ₹ 0.00 0 ₹ 0.00 26122016 620 IS 8952:1995 1 MT ₹ 46,000.00 ₹ 37,000.00 ₹ 56.00 All ₹ 0.00 0 ₹ 0.00 24082016 621 IS 8960:1978 1 TONNE ₹ 50,000.00 ₹ 40,000.00 ₹ 50.00 All ₹ 0.00 0 ₹ 0.00 20122016 622 IS 8978:1992 1 piece ₹ 1,04,000.00 ₹ 84,000.00 ₹ 2.60 All ₹ 0.00 0 ₹ 0.00 30122016 1 623 IS 9020:2002 ₹ 46,000.00 ₹ 37,000.00 ₹ 25.90 All ₹ 0.00 0 ₹ 0.00 24082016 THRESHER 624 IS 9079:2002 1 piece ₹ 87,000.00 ₹ 70,000.00 ₹ 8.70 All ₹ 0.00 0 ₹ 0.00 30122016 625 IS 9103:1999 1 kL/1 ton ₹ 65,000.00 ₹ 50,000.00 ₹ 52.00 All ₹ 0.00 0 ₹ 0.00 24082016 626 IS 9128:1999 1000 piece ₹ 46,000.00 ₹ 37,000.00 ₹ 1.75 All ₹ 0.00 0 ₹ 0.00 2062017 IS 9165:Part 627 1000 piece ₹ 73,000.00 ₹ 60,000.00 ₹ 43.20 All ₹ 0.00 0 ₹ 0.00 24082016 2:1992 628 IS 9167:1979 100 piece ₹ 68,000.00 ₹ 56,000.00 ₹ 3.40 All ₹ 0.00 0 ₹ 0.00 24082016 629 IS 9271:2004 1 ton ₹ 81,000.00 ₹ 69,000.00 ₹ 80.00 All ₹ 0.00 0 ₹ 0.00 24082016 IS 9281:Part 630 1 piece ₹ 61,000.00 ₹ 49,000.00 ₹ 40.00 All ₹ 0.00 0 ₹ 0.00 24082016 1:1979 IS 9281:Part 631 1 piece ₹ 61,000.00 ₹ 49,000.00 ₹ 40.00 All ₹ 0.00 0 ₹ 0.00 24082016 3:1981 632 IS 9282:2002 1 ton ₹ 54,000.00 ₹ 44,000.00 ₹ 87.00 All ₹ 0.00 0 ₹ 0.00 28072017 633 IS 9283:2013 1 kW ₹ 46,000.00 ₹ 37,000.00 ₹ 1.75 5000 ₹ 1.35 10000 ₹ 0.90 24082016 634 IS 9295:1983 ONE TONNE ₹ 61,000.00 ₹ 49,000.00 ₹ 8.70 All ₹ 0.00 0 ₹ 0.00 20122016 635 IS 9354:1980 100 LITRES ₹ 52,000.00 ₹ 42,000.00 ₹ 34.50 All ₹ 0.00 0 ₹ 0.00 20122016 636 IS 9356:1980 100 LITRE ₹ 52,000.00 ₹ 42,000.00 ₹ 38.00 All ₹ 0.00 0 ₹ 0.00 20122016 637 IS 9359:1995 ONE TONNE ₹ 53,000.00 ₹ 43,000.00 ₹ 90.00 All ₹ 0.00 0 ₹ 0.00 20122016 638 IS 9360:1980 1 TONNE ₹ 66,000.00 ₹ 53,000.00 ₹ 86.40 All ₹ 0.00 0 ₹ 0.00 20122016 For all 639 IS 9395:1979 1 Bed ₹ 51,000.00 ₹ 41,000.00 ₹ 50.00 ₹ 0.00 0 ₹ 0.00 24082016 units IS 9471:Part 640 1 piece ₹ 46,000.00 ₹ 37,000.00 ₹ 0.03 All ₹ 0.00 0 ₹ 0.00 24082016 2:1980 IS 9471:Part 641 1 piece ₹ 46,000.00 ₹ 37,000.00 ₹ 1.00 All ₹ 0.00 0 ₹ 0.00 24082016 3:1980 IS 9471:Part 642 1 piece ₹ 46,000.00 ₹ 37,000.00 ₹ 0.30 All ₹ 0.00 0 ₹ 0.00 24082016 4:1980 IS 9471:Part 643 1 piece ₹ 46,000.00 ₹ 37,000.00 ₹ 0.50 All ₹ 0.00 0 ₹ 0.00 24082016 5:1980 IS 9471:Part 644 1 piece ₹ 46,000.00 ₹ 37,000.00 ₹ 1.50 All ₹ 0.00 0 ₹ 0.00 24082016 6:2000 IS 9471:Part 645 1 piece ₹ 46,000.00 ₹ 37,000.00 ₹ 0.05 All ₹ 0.00 0 ₹ 0.00 24082016 7:2000 646 IS 9473:2002 100 PIECE ₹ 46,000.00 ₹ 37,000.00 ₹ 17.20 All ₹ 0.00 0 ₹ 0.00 24082016 647 IS 9523:2000 1 MT ₹ 79,000.00 ₹ 64,000.00 ₹ 43.90 All ₹ 0.00 0 ₹ 0.00 20122016 648 IS 9532:1980 ONE TONNE ₹ 51,000.00 ₹ 41,000.00 ₹ 17.20 All ₹ 0.00 0 ₹ 0.00 20122016 IS 9537:Part 649 100m ₹ 47,000.00 ₹ 38,000.00 ₹ 2.00 All ₹ 0.00 0 ₹ 0.00 30122016 2:1981"
318,1,"IS 9537:Part 650 100 m ₹ 51,000.00 ₹ 41,000.00 ₹ 2.20 All ₹ 0.00 0 ₹ 0.00 30122016 3:1983 IS 9537:Part 651 100 METRES ₹ 52,200.00 ₹ 44,200.00 ₹ 5.30 All ₹ 0.00 0 ₹ 0.00 1072006 4:1983 652 IS 9550:2001 1 MT ₹ 83,000.00 ₹ 67,000.00 ₹ 4.70 All ₹ 0.00 0 ₹ 0.00 26122016 653 IS 9562:1980 1 piece ₹ 58,000.00 ₹ 47,000.00 ₹ 1.45 All ₹ 0.00 0 ₹ 0.00 13112017 654 IS 9573:2012 100m ₹ 80,000.00 ₹ 64,000.00 ₹ 13.50 All ₹ 0.00 0 ₹ 0.00 06082017 655 IS 9585:1980 1 PIECE ₹ 47,000.00 ₹ 38,000.00 ₹ 0.16 All ₹ 0.00 0 ₹ 0.00 20122016 656 IS 9665:1981 100 LITRE ₹ 59,000.00 ₹ 48,000.00 ₹ 118.00 All ₹ 0.00 0 ₹ 0.00 20122016 657 IS 9738:2003 1 MT ₹ 46,000.00 ₹ 37,000.00 ₹ 280.00 ALL ₹ 0.00 0 ₹ 0.00 24082016 658 IS 9758:1981 1 piece ₹ 46,000.00 ₹ 37,000.00 ₹ 3.50 All ₹ 0.00 0 ₹ 0.00 24082016 659 IS 9762:1994 100 piece ₹ 56,000.00 ₹ 45,000.00 ₹ 5.40 All ₹ 0.00 0 ₹ 0.00 13112017 660 IS 9763:2000 100 piece ₹ 71,000.00 ₹ 57,000.00 ₹ 12.60 All ₹ 0.00 0 ₹ 0.00 13112017 661 IS 9798:2013 1 piece ₹ 46,000.00 ₹ 37,000.00 ₹ 0.44 All ₹ 0.00 0 ₹ 0.00 24082016 1000 662 IS 9825:2003 ₹ 46,000.00 ₹ 37,000.00 ₹ 0.72 All ₹ 0.00 0 ₹ 0.00 24082016 TABLETS 663 IS 9836:1981 1 piece ₹ 88,000.00 ₹ 72,000.00 ₹ 7.80 All ₹ 0.00 0 ₹ 0.00 24082016 664 IS 9857:1990 100 meter ₹ 46,000.00 ₹ 37,000.00 ₹ 4.40 All ₹ 0.00 0 ₹ 0.00 24082016 665 IS 9890:1981 1 piece ₹ 46,000.00 ₹ 37,000.00 ₹ 0.70 All ₹ 0.00 0 ₹ 0.00 24082016 IS 9968:Part 666 100 meter ₹ 1,11,000.00 ₹ 89,000.00 ₹ 4.00 All ₹ 0.00 0 ₹ 0.00 13112017 1:1988 IS 9968:Part 667 100 meter ₹ 1,69,000.00 ₹ 1,36,000.00 ₹ 93.90 All ₹ 0.00 0 ₹ 0.00 13112017 2:2002 668 IS 9972:2002 1 piece ₹ 46,000.00 ₹ 37,000.00 ₹ 1.20 All ₹ 0.00 0 ₹ 0.00 24082016 IS 9974:Part 669 1 piece ₹ 88,000.00 ₹ 72,000.00 ₹ 1.75 All ₹ 0.00 0 ₹ 0.00 24082016 1:1981 Remaini 670 IS 10001:1981 1 piece ₹ 46,000.00 ₹ 37,000.00 ₹ 17.30 1500 ₹ 10.40 ₹ 0.00 24082016 ng 671 IS 10025:1981 100 lts ₹ 46,000.00 ₹ 37,000.00 ₹ 33.00 All ₹ 0.00 0 ₹ 0.00 24082016 672 IS 10065:1981 One Kg ₹ 54,000.00 ₹ 44,000.00 ₹ 0.15 All ₹ 0.00 0 ₹ 0.00 18052016 673 IS 10080:1982 1 piece ₹ 53,000.00 ₹ 43,000.00 ₹ 1.50 All ₹ 0.00 0 ₹ 0.00 30122016 674 IS 10086:1982 1 piece ₹ 1,01,000.00 ₹ 81,000.00 ₹ 3.80 All ₹ 0.00 0 ₹ 0.00 28072017 IS 10124:Part 675 1 ton ₹ 46,000.00 ₹ 37,000.00 ₹ 69.20 All ₹ 0.00 0 ₹ 0.00 30122016 1:2009 IS 10124:Part 676 1 ton ₹ 46,000.00 ₹ 37,000.00 ₹ 73.75 All ₹ 0.00 0 ₹ 0.00 28072017 2:2009 IS 10212:Part 677 100 BOXES ₹ 46,000.00 ₹ 37,000.00 ₹ 3.50 All ₹ 0.00 0 ₹ 0.00 24082016 1:1986 678 IS 10228:1982 100 Bags ₹ 46,000.00 ₹ 37,000.00 ₹ 12.00 All ₹ 0.00 0 ₹ 0.00 24082016 679 IS 10238:2001 1 ton ₹ 67,000.00 ₹ 54,000.00 ₹ 134.00 All ₹ 0.00 0 ₹ 0.00 28072017 680 IS 10243:1993 100 LITRES ₹ 49,000.00 ₹ 40,000.00 ₹ 34.50 All ₹ 0.00 0 ₹ 0.00 20122016 ONE IS 10245:Part 681 BREATHING ₹ 46,000.00 ₹ 37,000.00 ₹ 75.00 All ₹ 0.00 0 ₹ 0.00 24082016 2:1994 APPARATUS IS 10245:Part 1 Breathing 682 ₹ 83,000.00 ₹ 69,000.00 ₹ 200.00 All ₹ 0.00 0 ₹ 0.00 24082016 3:1999 Apparatus 683 IS 10264:1982 1 Piece ₹ 46,000.00 ₹ 37,000.00 ₹ 120.00 All ₹ 0.00 0 ₹ 0.00 26052016 IS 10322:Part 684 1 piece ₹ 46,000.00 ₹ 37,000.00 ₹ 1.75 All ₹ 0.00 0 ₹ 0.00 24082016 5:Sec 1:1985 IS 10322:Part 685 1 piece ₹ 46,000.00 ₹ 37,000.00 ₹ 3.50 All ₹ 0.00 0 ₹ 0.00 24082016 5:Sec 2:2012 IS 10322:Part 686 1 piece ₹ 1,92,000.00 ₹ 1,54,000.00 ₹ 1.50 All ₹ 0.00 0 ₹ 0.00 23122016 5:Sec 3:2012 687 IS 10325:2000 1000 ₹ 53,000.00 ₹ 43,000.00 ₹ 84.95 All ₹ 0.00 0 ₹ 0.00 28072017 688 IS 10350:1999 1 KG ₹ 48,000.00 ₹ 39,000.00 ₹ 1.30 All ₹ 0.00 0 ₹ 0.00 13112017 689 IS 10508:2007 1 Tonne ₹ 57,000.00 ₹ 46,000.00 ₹ 50.00 All ₹ 0.00 0 ₹ 0.00 6082017"
319,1,"IS 10532:Part 690 1 Kilo Litre ₹ 3,28,000.00 ₹ 2,63,000.00 ₹ 182.00 All ₹ 0.00 0 ₹ 0.00 26122016 2:1983 691 IS 10577:1982 1 TONNE ₹ 53,000.00 ₹ 43,000.00 ₹ 26.00 All ₹ 0.00 0 ₹ 0.00 06082017 692 IS 10592:1982 1 PIECE ₹ 46,000.00 ₹ 37,000.00 ₹ 17.20 All ₹ 0.00 0 ₹ 0.00 24082016 693 IS 10617:2013 1 piece ₹ 46,000.00 ₹ 37,000.00 ₹ 3.50 All ₹ 0.00 0 ₹ 0.00 24082016 694 IS 10647:1983 ONE TONNE ₹ 46,000.00 ₹ 37,000.00 ₹ 51.80 All ₹ 0.00 0 ₹ 0.00 24082016 695 IS 10658:1999 1 piece ₹ 86,000.00 ₹ 69,000.00 ₹ 34.60 All ₹ 0.00 0 ₹ 0.00 30122016 696 IS 10701:2012 1 sq.m ₹ 91,000.00 ₹ 73,000.00 ₹ 0.15 All ₹ 0.00 0 ₹ 0.00 28072017 697 IS 10702:1992 1 Pair ₹ 71,000.00 ₹ 57,000.00 ₹ 0.10 All ₹ 0.00 0 ₹ 0.00 24012017 698 IS 10748:2004 1 TONNE ₹ 78,000.00 ₹ 63,000.00 ₹ 3.75 All ₹ 0.00 0 ₹ 0.00 06082017 699 IS 10758:1983 100 LITRES ₹ 62,000.00 ₹ 50,000.00 ₹ 8.60 All ₹ 0.00 0 ₹ 0.00 20122016 700 IS 10775:1984 1 piece ₹ 46,000.00 ₹ 37,000.00 ₹ 1.45 All ₹ 0.00 0 ₹ 0.00 24082016 701 IS 10805:1986 1 piece ₹ 56,000.00 ₹ 45,000.00 ₹ 0.90 All ₹ 0.00 0 ₹ 0.00 30122016 702 IS 10889:2004 1 MT ₹ 63,000.00 ₹ 51,000.00 ₹ 160.00 All ₹ 0.00 0 ₹ 0.00 24082016 703 IS 10908:1991 100 METRES ₹ 69,000.00 ₹ 56,000.00 ₹ 5.20 All ₹ 0.00 0 ₹ 0.00 20122016 704 IS 11006:2011 1 piece ₹ 46,000.00 ₹ 37,000.00 ₹ 250.00 All ₹ 0.00 0 ₹ 0.00 24082016 705 IS 11010:1984 100 LITRES ₹ 52,000.00 ₹ 42,000.00 ₹ 34.50 All ₹ 0.00 0 ₹ 0.00 20122016 706 IS 11037:1984 1 piece ₹ 46,000.00 ₹ 37,000.00 ₹ 1.75 All ₹ 0.00 0 ₹ 0.00 24082016 707 IS 11087:1986 1 TONNE ₹ 59,000.00 ₹ 48,000.00 ₹ 43.20 All ₹ 0.00 0 ₹ 0.00 20122016 IS 11169:Part 708 One MT ₹ 79,000.00 ₹ 64,000.00 ₹ 3.00 All ₹ 0.00 0 ₹ 0.00 13072016 1:1984 Remaini 709 IS 11170:1985 1 piece ₹ 46,000.00 ₹ 37,000.00 ₹ 17.30 1500 ₹ 10.40 ₹ 0.00 24082016 ng IS 11188:Part 710 1 piece ₹ 46,000.00 ₹ 37,000.00 ₹ 288.00 All ₹ 0.00 0 ₹ 0.00 24082016 1:2014 SHOES ONE 711 IS 11226:1993 ₹ 46,000.00 ₹ 37,000.00 ₹ 0.54 All ₹ 0.00 0 ₹ 0.00 24082016 PAIR 712 IS 11241:1985 1 piece ₹ 46,000.00 ₹ 37,000.00 ₹ 1.00 All ₹ 0.00 0 ₹ 0.00 24082016 713 IS 11279:1985 1 piece ₹ 46,000.00 ₹ 37,000.00 ₹ 2.00 All ₹ 0.00 0 ₹ 0.00 24082016 ONE 714 IS 11313:2007 ₹ 1,08,000.00 ₹ 92,000.00 ₹ 12.50 All ₹ 0.00 0 ₹ 0.00 24082016 SPRAYER 715 IS 11378:2002 1 piece ₹ 46,000.00 ₹ 37,000.00 ₹ 260.00 All ₹ 0.00 0 ₹ 0.00 24082016 716 IS 11459:1985 1 Machine ₹ 71,000.00 ₹ 57,000.00 ₹ 17.75 All ₹ 0.00 0 ₹ 0.00 26122016 Remaini 717 IS 11501:1986 1 piece ₹ 46,000.00 ₹ 37,000.00 ₹ 17.30 1500 ₹ 10.40 ₹ 0.00 24082016 ng 718 IS 11513:2017 ONE TONNE ₹ 59,000.00 ₹ 48,000.00 ₹ 3.75 All ₹ 0.00 0 ₹ 0.00 06082017 719 IS 11536:2007 ONE TONNE ₹ 1,55,000.00 ₹ 1,24,000.00 ₹ 172.80 All ₹ 0.00 0 ₹ 0.00 20122016 720 IS 11552:2008 1 piece ₹ 99,000.00 ₹ 82,000.00 ₹ 20.00 All ₹ 0.00 0 ₹ 0.00 24082016 721 IS 11569:1986 1 piece ₹ 46,000.00 ₹ 37,000.00 ₹ 0.20 All ₹ 0.00 0 ₹ 0.00 24082016 722 IS 11584:1986 1 Crate ₹ 74,000.00 ₹ 60,000.00 ₹ 0.25 All ₹ 0.00 0 ₹ 0.00 06072017 IS 11646:Part 723 1 piece ₹ 46,000.00 ₹ 37,000.00 ₹ 0.50 All ₹ 0.00 0 ₹ 0.00 24082016 2:1986 IS 11646:Part 724 1 piece ₹ 46,000.00 ₹ 37,000.00 ₹ 0.50 All ₹ 0.00 0 ₹ 0.00 24082016 1:2003 725 IS 11652:2000 1 TONNE ₹ 55,000.00 ₹ 44,000.00 ₹ 52.00 All ₹ 0.00 0 ₹ 0.00 26122016 726 IS 11673:1992 1 K.L. ₹ 63,000.00 ₹ 51,000.00 ₹ 15.00 All ₹ 0.00 0 ₹ 0.00 20122016 727 IS 11708:1986 1 piece ₹ 46,000.00 ₹ 37,000.00 ₹ 2.00 All ₹ 0.00 0 ₹ 0.00 24082016 728 IS 11722:1986 ONE TONNE ₹ 46,000.00 ₹ 37,000.00 ₹ 26.00 All ₹ 0.00 0 ₹ 0.00 24082016 729 IS 11785:1986 ONE TONNE ₹ 52,000.00 ₹ 42,000.00 ₹ 300.00 All ₹ 0.00 0 ₹ 0.00 20122016 Remaini 730 IS 11833:1986 1 piece ₹ 65,000.00 ₹ 53,000.00 ₹ 66.00 800 ₹ 33.00 ₹ 0.00 24082016 ng 731 IS 11879:1986 1 piece ₹ 65,000.00 ₹ 53,000.00 ₹ 2.70 All ₹ 0.00 0 ₹ 0.00 24082016 IS 11928:Part 732 1 metre ₹ 51,000.00 ₹ 40,800.00 ₹ 0.25 All ₹ 0.00 0 ₹ 0.00 19022016 1 and 2:1987 733 IS 11995:1987 ONE TONNE ₹ 53,000.00 ₹ 43,000.00 ₹ 345.00 All ₹ 0.00 0 ₹ 0.00 20122016"
320,1,"734 IS 11997:1987 100 LITRE ₹ 58,000.00 ₹ 47,000.00 ₹ 56.00 All ₹ 0.00 0 ₹ 0.00 20122016 735 IS 12016:1987 100 LITRE ₹ 48,000.00 ₹ 39,000.00 ₹ 69.10 All ₹ 0.00 0 ₹ 0.00 20122016 736 IS 12109:1987 1 piece ₹ 46,000.00 ₹ 37,000.00 ₹ 2.70 All ₹ 0.00 0 ₹ 0.00 24082016 737 IS 12225:1997 1 piece ₹ 58,000.00 ₹ 47,000.00 ₹ 8.70 All ₹ 0.00 0 ₹ 0.00 28072017 738 IS 12227:2002 1000 piece ₹ 59,000.00 ₹ 48,000.00 ₹ 1.00 All ₹ 0.00 0 ₹ 0.00 17072017 IS 12232:Part 739 ONE ₹ 79,000.00 ₹ 64,000.00 ₹ 0.95 All ₹ 0.00 0 ₹ 0.00 26122016 1:1996 740 IS 12234:1988 1 kg ₹ 64,000.00 ₹ 52,000.00 ₹ 0.55 All ₹ 0.00 0 ₹ 0.00 30122016 741 IS 12254:1993 ONE PAIR ₹ 69,000.00 ₹ 56,000.00 ₹ 0.44 All ₹ 0.00 0 ₹ 0.00 20122016 742 IS 12299:1998 ONE TONNE ₹ 46,000.00 ₹ 37,000.00 ₹ 69.10 All ₹ 0.00 0 ₹ 0.00 24082016 743 IS 12330:1988 1 ton ₹ 90,000.00 ₹ 72,000.00 ₹ 3.00 All ₹ 0.00 0 ₹ 0.00 30122016 ONE 744 IS 12337:1988 BROADCAS ₹ 46,000.00 ₹ 37,000.00 ₹ 1.38 All ₹ 0.00 0 ₹ 0.00 20122016 TER 745 IS 12406:2003 1 ton ₹ 46,000.00 ₹ 37,000.00 ₹ 17.30 2500 ₹ 8.70 Rest ₹ 0.00 24082016 746 IS 12427:2001 1 ton ₹ 85,000.00 ₹ 68,000.00 ₹ 86.00 All ₹ 0.00 0 ₹ 0.00 28072017 747 IS 12444:1988 1 TONNE ₹ 86,000.00 ₹ 69,000.00 ₹ 35.60 All ₹ 0.00 0 ₹ 0.00 26122016 748 IS 12463:1988 1 kL ₹ 73,000.00 ₹ 60,000.00 ₹ 144.00 All ₹ 0.00 0 ₹ 0.00 24082016 749 IS 12492:1988 100 Metres ₹ 72,000.00 ₹ 61,000.00 ₹ 5.60 All ₹ 0.00 0 ₹ 0.00 26122016 750 IS 12585:1988 100 MTRS. ₹ 58,000.00 ₹ 47,000.00 ₹ 2.50 All ₹ 0.00 0 ₹ 0.00 24082016 751 IS 12586:1988 1 piece ₹ 1,36,000.00 ₹ 96,000.00 ₹ 1.75 All ₹ 0.00 0 ₹ 0.00 24082016 752 IS 12591:2006 One MT ₹ 46,000.00 ₹ 37,000.00 ₹ 5.40 All ₹ 0.00 0 ₹ 0.00 18052016 753 IS 12592:2002 1 ton ₹ 46,000.00 ₹ 37,000.00 ₹ 10.40 All ₹ 0.00 0 ₹ 0.00 24082016 754 IS 12594:1988 1 TONNE ₹ 46,000.00 ₹ 37,000.00 ₹ 3.00 All ₹ 0.00 0 ₹ 0.00 24082016 755 IS 12615:2011 1 kw ₹ 46,000.00 ₹ 37,000.00 ₹ 1.75 All ₹ 0.00 0 ₹ 0.00 24082016 IS 12640:Part 756 1 piece ₹ 1,12,000.00 ₹ 96,000.00 ₹ 5.30 All ₹ 0.00 0 ₹ 0.00 24082016 1:2008 IS 12640:Part 757 1 piece ₹ 1,12,000.00 ₹ 96,000.00 ₹ 5.30 All ₹ 0.00 0 ₹ 0.00 24082016 2:2008 758 IS 12650:2003 1 MT ₹ 59,000.00 ₹ 48,000.00 ₹ 17.30 All ₹ 0.00 0 ₹ 0.00 20122016 IS 12664:Partt 759 1 piece ₹ 46,000.00 ₹ 37,000.00 ₹ 1.80 All ₹ 0.00 0 ₹ 0.00 13112017 1:2003 760 IS 12701:1996 100 L ₹ 80,000.00 ₹ 60,000.00 ₹ 1.10 All ₹ 0.00 0 ₹ 0.00 24082016 761 IS 12709:1994 1 kg ₹ 56,000.00 ₹ 45,000.00 ₹ 0.09 All ₹ 0.00 0 ₹ 0.00 13112017 762 IS 12751:1989 100 LITRES ₹ 59,000.00 ₹ 48,000.00 ₹ 70.00 All ₹ 0.00 0 ₹ 0.00 20122016 1000 763 IS 12766:1997 ₹ 68,000.00 ₹ 55,000.00 ₹ 0.90 All ₹ 0.00 0 ₹ 0.00 20122016 SHEETS 764 IS 12776:2002 1 ton ₹ 52,000.00 ₹ 42,000.00 ₹ 17.25 All ₹ 0.00 0 ₹ 0.00 30122016 765 IS 12785:1994 ONE FILTER ₹ 46,000.00 ₹ 37,000.00 ₹ 5.22 All ₹ 0.00 0 ₹ 0.00 24082016 766 IS 12786:1989 ONE KG. ₹ 89,000.00 ₹ 72,000.00 ₹ 0.10 All ₹ 0.00 0 ₹ 0.00 20122016 767 IS 12817:2013 100 piece ₹ 48,000.00 ₹ 39,000.00 ₹ 8.00 All ₹ 0.00 0 ₹ 0.00 28072017 768 IS 12818:2010 1 ton ₹ 76,000.00 ₹ 61,000.00 ₹ 170.00 All ₹ 0.00 0 ₹ 0.00 13112017 769 IS 12823:2015 1 sq. m ₹ 98,000.00 ₹ 79,000.00 ₹ 0.27 All ₹ 0.00 0 ₹ 0.00 30122016 770 IS 12866:1989 1 sq. m ₹ 84,000.00 ₹ 66,000.00 ₹ 0.70 All ₹ 0.00 0 ₹ 0.00 24082016 771 IS 12894:2002 100 piece ₹ 46,000.00 ₹ 37,000.00 ₹ 5.00 all ₹ 0.00 0 ₹ 0.00 24082016 772 IS 12912:1990 ONE TONNE ₹ 49,000.00 ₹ 40,000.00 ₹ 449.28 All ₹ 0.00 0 ₹ 0.00 20122016 773 IS 12913:1990 ONE TONNE ₹ 46,000.00 ₹ 37,000.00 ₹ 449.28 All ₹ 0.00 0 ₹ 0.00 24082016 774 IS 12916:1990 ONE TONNE ₹ 46,000.00 ₹ 37,000.00 ₹ 728.20 All ₹ 0.00 0 ₹ 0.00 20122016 775 IS 12931:1990 100 Kg ₹ 53,000.00 ₹ 43,000.00 ₹ 43.20 All ₹ 0.00 0 ₹ 0.00 20122016 IS 12933:Part 776 1 sq.m ₹ 46,000.00 ₹ 37,000.00 ₹ 10.40 All ₹ 0.00 0 ₹ 0.00 24082016 1:2003 777 IS 12950:1990 100 pcs ₹ 46,000.00 ₹ 37,000.00 ₹ 16.00 All ₹ 0.00 0 ₹ 0.00 24082016 778 IS 12981:1991 1 Tonne . ₹ 64,000.00 ₹ 52,000.00 ₹ 6.00 All ₹ 0.00 0 ₹ 0.00 06082017 779 IS 13000:1990 1 ton ₹ 46,000.00 ₹ 37,000.00 ₹ 14.40 All ₹ 0.00 0 ₹ 0.00 24082016"
321,1,"780 IS 13010:2002 1 piece ₹ 58,000.00 ₹ 47,000.00 ₹ 0.42 100000 ₹ 0.30 200000 ₹ 0.18 24082016 IS 13021:Part 781 1 piece ₹ 58,000.00 ₹ 47,000.00 ₹ 2.70 All ₹ 0.00 0 ₹ 0.00 24082016 1:1991 IS 13021:Part 782 1 piece ₹ 73,000.00 ₹ 60,000.00 ₹ 2.70 All ₹ 0.00 0 ₹ 0.00 24082016 2:1991 783 IS 13049:1991 1 piece ₹ 62,000.00 ₹ 50,000.00 ₹ 1.35 All ₹ 0.00 0 ₹ 0.00 30122016 upto 300 to 784 IS 13095:1991 1 piece ₹ 52,000.00 ₹ 42,000.00 ₹ 3.50 ₹ 17.30 ₹ 28.80 30122016 300 1200 785 IS 13098:2012 1 piece ₹ 91,000.00 ₹ 77,000.00 ₹ 0.50 100000 ₹ 0.35 100000 ₹ 0.15 13112017 786 IS 13114:1991 1 piece ₹ 58,000.00 ₹ 47,000.00 ₹ 0.60 All ₹ 0.00 0 ₹ 0.00 24082016 IS 13152:Part 787 1 piece ₹ 50,000.00 ₹ 40,000.00 ₹ 0.52 All ₹ 0.00 0 ₹ 0.00 28072017 1:2013 788 IS 13209:1991 One Litre ₹ 47,000.00 ₹ 38,000.00 ₹ 7.00 All ₹ 0.00 0 ₹ 0.00 20122016 789 IS 13213:1991 100 lts ₹ 80,000.00 ₹ 64,000.00 ₹ 48.00 All ₹ 0.00 0 ₹ 0.00 20122016 IS 13258:Part 790 1 piece ₹ 72,000.00 ₹ 59,000.00 ₹ 2.65 All ₹ 0.00 0 ₹ 0.00 24082016 1:2014 IS 13334:Part 791 ONE TONNE ₹ 80,000.00 ₹ 64,000.00 ₹ 25.90 1000 ₹ 17.40 1000 ₹ 8.60 06082017 2:2014 792 IS 13334:2014 ONE TONNE ₹ 80,000.00 ₹ 64,000.00 ₹ 34.50 All ₹ 0.00 0 ₹ 0.00 06082017 IS 13340:Part 793 1kVAR ₹ 58,000.00 ₹ 47,000.00 ₹ 0.90 all ₹ 0.00 0 ₹ 0.00 24082016 1:2012 794 IS 13382:2004 1 MT ₹ 58,000.00 ₹ 47,000.00 ₹ 62.50 All ₹ 0.00 0 ₹ 0.00 24082016 795 IS 13385:1992 1 piece ₹ 1,04,000.00 ₹ 84,000.00 ₹ 58.00 All ₹ 0.00 0 ₹ 0.00 30122016 796 IS 13386:1992 1 piece ₹ 1,06,000.00 ₹ 85,000.00 ₹ 58.00 All ₹ 0.00 0 ₹ 0.00 30122016 797 IS 13422:1992 100 pair ₹ 70,000.00 ₹ 56,000.00 ₹ 1.74 All ₹ 0.00 0 ₹ 0.00 17072017 798 IS 13428:2005 1000 LITRE ₹ 1,25,000.00 ₹ 1,00,000.00 ₹ 20.00 6000 ₹ 15.00 4000 ₹ 10.00 20122016 IS 13429:Part 799 1 piece ₹ 46,000.00 ₹ 37,000.00 ₹ 6.00 All ₹ 0.00 0 ₹ 0.00 24082016 1:2000 ₹ 800 IS 13457:1992 ONE M.T. ₹ 58,000.00 ₹ 47,000.00 All ₹ 0.00 0 ₹ 0.00 20122016 1,124.00 801 IS 13466:1992 100 piece ₹ 46,000.00 ₹ 37,000.00 ₹ 4.40 All ₹ 0.00 0 ₹ 0.00 24082016 802 IS 13487:1992 1000 ₹ 55,000.00 ₹ 44,000.00 ₹ 8.60 All ₹ 0.00 0 ₹ 0.00 20122016 803 IS 13488:2008 1 K.G ₹ 74,000.00 ₹ 61,000.00 ₹ 0.35 All ₹ 0.00 0 ₹ 0.00 24082016 804 IS 13502:1992 1 TONNE ₹ 46,000.00 ₹ 37,000.00 ₹ 3.00 All ₹ 0.00 0 ₹ 0.00 24082016 805 IS 13584:1993 1 kg ₹ 46,000.00 ₹ 37,000.00 ₹ 0.36 All ₹ 0.00 0 ₹ 0.00 24082016 IS 13585:Part 806 1 kVAR ₹ 58,000.00 ₹ 47,000.00 ₹ 0.90 All ₹ 0.00 0 ₹ 0.00 24082016 1:2012 807 IS 13592:2013 100 KG ₹ 71,000.00 ₹ 57,000.00 ₹ 20.40 All ₹ 0.00 0 ₹ 0.00 17072017 808 IS 13620:1993 1 MT ₹ 68,000.00 ₹ 55,000.00 ₹ 4.00 All ₹ 0.00 0 ₹ 0.00 6092016 809 IS 13692:1993 ONE TONNE ₹ 58,000.00 ₹ 47,000.00 ₹ 312.00 All ₹ 0.00 0 ₹ 0.00 24082016 IS 13703:Part 810 100 piece ₹ 65,000.00 ₹ 53,000.00 ₹ 5.30 All ₹ 0.00 0 ₹ 0.00 24082016 2:Sec 1:1993 811 IS 13714:1993 1 piece ₹ 59,000.00 ₹ 48,000.00 ₹ 3.50 All ₹ 0.00 0 ₹ 0.00 20062016 IS 13730:Part 812 1 ton ₹ 46,000.00 ₹ 37,000.00 ₹ 57.60 All ₹ 0.00 0 ₹ 0.00 24082016 8:1996 IS 13730:Part 813 1 ton ₹ 46,000.00 ₹ 37,000.00 ₹ 57.60 All ₹ 0.00 0 ₹ 0.00 24082016 45:1999 IS 13730:Part 814 1 ton ₹ 46,000.00 ₹ 37,000.00 ₹ 57.60 All ₹ 0.00 0 ₹ 0.00 24082016 3:2012 IS 13730:Part 815 1 ton ₹ 46,000.00 ₹ 37,000.00 ₹ 57.60 All ₹ 0.00 0 ₹ 0.00 20062017 13:2014 816 IS 13779:1999 1 piece ₹ 1,81,000.00 ₹ 1,57,000.00 ₹ 1.32 All ₹ 0.00 0 ₹ 0.00 24082016 817 IS 13785:1993 01 KG. ₹ 55,000.00 ₹ 44,000.00 ₹ 2.60 All ₹ 0.00 0 ₹ 0.00 20122016 818 IS 13787:1993 ONE TONNE ₹ 55,000.00 ₹ 44,000.00 ₹ 2.60 All ₹ 0.00 0 ₹ 0.00 24082016 819 IS 13801:2013 10 sq. m ₹ 79,000.00 ₹ 64,000.00 ₹ 3.50 All ₹ 0.00 0 ₹ 0.00 30122016 IS 13947:Part 820 1 piece ₹ 58,000.00 ₹ 47,000.00 ₹ 0.90 All ₹ 0.00 0 ₹ 0.00 24082016 3:1993"
322,1,"IS 13947:Part 821 1 piece ₹ 58,000.00 ₹ 47,000.00 ₹ 0.27 All ₹ 0.00 0 ₹ 0.00 24082016 4:Sec 1:1993 822 IS 13958:1994 1 sq.m ₹ 46,000.00 ₹ 37,000.00 ₹ 0.50 All ₹ 0.00 0 ₹ 0.00 24082016 823 IS 13983:1994 1 piece ₹ 1,02,000.00 ₹ 82,000.00 ₹ 4.00 All ₹ 0.00 0 ₹ 0.00 30122016 824 IS 13997:2014 1 DRUM ₹ 53,000.00 ₹ 43,000.00 ₹ 1.80 All ₹ 0.00 0 ₹ 0.00 20122016 825 IS 14106:1996 1 piece ₹ 58,000.00 ₹ 47,000.00 ₹ 8.70 All ₹ 0.00 0 ₹ 0.00 24082016 IS 14151:Part 826 ONE KG. ₹ 1,08,000.00 ₹ 87,000.00 ₹ 0.18 All ₹ 0.00 0 ₹ 0.00 20122016 1:1999 IS 14151:Part 827 ONE SET ₹ 65,000.00 ₹ 53,000.00 ₹ 0.30 All ₹ 0.00 0 ₹ 0.00 24082016 2:2008 828 IS 14158:1994 100 KG. ₹ 63,000.00 ₹ 51,000.00 ₹ 414.70 All ₹ 0.00 0 ₹ 0.00 20122016 829 IS 14166:1994 100 Nos ₹ 1,21,000.00 ₹ 1,01,000.00 ₹ 45.00 All ₹ 0.00 0 ₹ 0.00 24082016 830 IS 14182:1994 ONE LITRE ₹ 68,000.00 ₹ 56,000.00 ₹ 0.50 All ₹ 0.00 0 ₹ 0.00 24082016 831 IS 14183:1994 ONE TONNE ₹ 53,000.00 ₹ 43,000.00 ₹ 792.00 All ₹ 0.00 0 ₹ 0.00 20122016 832 IS 14184:1994 ONE TONNE ₹ 53,000.00 ₹ 45,000.00 ₹ 57.60 All ₹ 0.00 0 ₹ 0.00 26122016 833 IS 14186:1994 ONE TONNE ₹ 46,000.00 ₹ 37,000.00 ₹ 312.00 All ₹ 0.00 0 ₹ 0.00 24082016 834 IS 14203:1999 1 piece ₹ 91,000.00 ₹ 75,000.00 ₹ 56.00 All ₹ 0.00 0 ₹ 0.00 24082016 Remaini 835 IS 14220:1994 1 piece ₹ 46,000.00 ₹ 37,000.00 ₹ 17.30 200 ₹ 10.00 ₹ 0.00 24082016 ng 836 IS 14246:2013 1 TONNE ₹ 46,000.00 ₹ 37,000.00 ₹ 6.00 All ₹ 0.00 0 ₹ 0.00 24082016 837 IS 14252:2015 1 MT ₹ 85,000.00 ₹ 68,000.00 ₹ 340.00 All ₹ 0.00 0 ₹ 0.00 26122016 838 IS 14255:1995 100 m ₹ 1,80,000.00 ₹ 1,44,000.00 ₹ 20.00 All ₹ 0.00 0 ₹ 0.00 30122016 839 IS 14261:1995 100 piece ₹ 46,000.00 ₹ 37,000.00 ₹ 60.00 All ₹ 0.00 0 ₹ 0.00 24082016 840 IS 14268:1995 1 ton ₹ 1,00,000.00 ₹ 84,000.00 ₹ 34.60 All ₹ 0.00 0 ₹ 0.00 24082016 841 IS 14276:1995 1 sq.m ₹ 58,000.00 ₹ 47,000.00 ₹ 0.18 All ₹ 0.00 0 ₹ 0.00 24082016 Remaini 842 IS 14300:1995 100 LITRE ₹ 46,000.00 ₹ 37,000.00 ₹ 36.00 1000 ₹ 18.00 ₹ 0.00 24082016 ng 843 IS 14333:1996 1 kg ₹ 1,00,000.00 ₹ 84,000.00 ₹ 0.22 All ₹ 0.00 0 ₹ 0.00 24082016 844 IS 14394:1996 1 ton ₹ 46,000.00 ₹ 37,000.00 ₹ 27.00 all ₹ 0.00 0 ₹ 0.00 20062017 IS 14399:Part 845 1 kg ₹ 65,000.00 ₹ 53,000.00 ₹ 0.36 All ₹ 0.00 0 ₹ 0.00 24082016 1 and 2:1996 846 IS 14402:1996 1 kg ₹ 65,000.00 ₹ 53,000.00 ₹ 0.15 All ₹ 0.00 0 ₹ 0.00 24082016 847 IS 14411:1996 100 LITRES ₹ 48,000.00 ₹ 39,000.00 ₹ 62.40 All ₹ 0.00 0 ₹ 0.00 20122016 848 IS 14429:1997 1 piece ₹ 46,000.00 ₹ 37,000.00 ₹ 10.00 All ₹ 0.00 0 ₹ 0.00 24082016 849 IS 14433:2007 1 TONNE ₹ 1,36,000.00 ₹ 1,20,000.00 ₹ 51.80 ALL ₹ 0.00 0 ₹ 0.00 24082016 850 IS 14443:1997 100 KG ₹ 1,31,000.00 ₹ 1,09,000.00 ₹ 29.00 All ₹ 0.00 0 ₹ 0.00 24082016 IS 14483:Part 851 1 Piece ₹ 61,000.00 ₹ 50,000.00 ₹ 1.60 All ₹ 0.00 0 ₹ 0.00 24082016 1:1997 852 IS 14490:1997 1 TONNE ₹ 46,000.00 ₹ 37,000.00 ₹ 12.50 All ₹ 0.00 0 ₹ 0.00 24082016 853 IS 14494:1998 100 meter ₹ 1,39,000.00 ₹ 1,12,000.00 ₹ 17.30 All ₹ 0.00 0 ₹ 0.00 30122016 854 IS 14506:1998 litre ₹ 64,000.00 ₹ 51,200.00 ₹ 0.50 All ₹ 0.00 0 ₹ 0.00 23122015 855 IS 14510:1997 1 Kg. ₹ 52,000.00 ₹ 42,000.00 ₹ 6.00 All ₹ 0.00 0 ₹ 0.00 20122016 856 IS 14543:2004 1000 LITRE ₹ 1,28,000.00 ₹ 1,02,400.00 ₹ 20.00 6000 ₹ 15.00 4000 ₹ 10.00 20122016 857 IS 14544:1998 1 PAIR ₹ 65,000.00 ₹ 53,000.00 ₹ 0.65 All ₹ 0.00 0 ₹ 0.00 24082016 858 IS 14550:1998 100 LITERS ₹ 47,000.00 ₹ 38,000.00 ₹ 40.00 All ₹ 0.00 0 ₹ 0.00 15112017 859 IS 14552:1998 1 KG. ₹ 53,000.00 ₹ 43,000.00 ₹ 1.35 All ₹ 0.00 0 ₹ 0.00 20122016 860 IS 14561:2014 1 piece ₹ 91,000.00 ₹ 75,000.00 ₹ 38.00 All ₹ 0.00 0 ₹ 0.00 24082016 861 IS 14587:1998 1 ton ₹ 1,18,000.00 ₹ 95,000.00 ₹ 20.00 All ₹ 0.00 0 ₹ 0.00 30122016 862 IS 14605:1998 100 PIECES ₹ 88,000.00 ₹ 73,000.00 ₹ 0.60 All ₹ 0.00 0 ₹ 0.00 24082016 ONE MEDIA 863 IS 14606:1998 ₹ 1,14,000.00 ₹ 93,000.00 ₹ 16.00 All ₹ 0.00 0 ₹ 0.00 24082016 FILTER 864 IS 14609:1999 1 kg ₹ 64,000.00 ₹ 51,000.00 ₹ 0.16 All ₹ 0.00 0 ₹ 0.00 24082016 865 IS 14611:2016 1 MT ₹ 1,12,000.00 ₹ 96,000.00 ₹ 62.50 All ₹ 0.00 0 ₹ 0.00 24082016"
323,1,"Remaini 866 IS 14613:1998 Kg ₹ 49,700.00 ₹ 39,800.00 ₹ 0.12 8,00,000 ₹ 0.04 ₹ 0.00 7032016 ng 867 IS 14616:1999 1 cub.m ₹ 81,000.00 ₹ 69,000.00 ₹ 29.00 All ₹ 0.00 0 ₹ 0.00 24082016 100 868 IS 14625:2015 ₹ 1,10,000.00 ₹ 88,000.00 ₹ 3.00 All ₹ 0.00 0 ₹ 0.00 13112017 BOTTLES 869 IS 14650:1999 1 TONNE ₹ 46,000.00 ₹ 37,000.00 ₹ 3.00 All ₹ 0.00 0 ₹ 0.00 24082016 870 IS 14697:1999 1 METER ₹ 1,38,200.00 ₹ 1,24,700.00 ₹ 3.60 All ₹ 0.00 0 ₹ 0.00 1122006 871 IS 14724:1999 1 piece ₹ 87,000.00 ₹ 70,000.00 ₹ 9.60 All ₹ 0.00 0 ₹ 0.00 20122016 872 IS 14735:1999 100 piece ₹ 79,000.00 ₹ 64,000.00 ₹ 12.50 All ₹ 0.00 0 ₹ 0.00 13112017 873 IS 14743:1999 1 FILTER ₹ 68,000.00 ₹ 55,000.00 ₹ 8.00 All ₹ 0.00 0 ₹ 0.00 20122016 874 IS 14746:1999 100 Nos ₹ 91,000.00 ₹ 75,000.00 ₹ 8.00 All ₹ 0.00 0 ₹ 0.00 24082016 875 IS 14756:2000 1 Kg ₹ 51,000.00 ₹ 42,000.00 ₹ 0.25 All ₹ 0.00 0 ₹ 0.00 30122016 IS 14768:Part 876 100 piece ₹ 69,000.00 ₹ 56,000.00 ₹ 4.70 All ₹ 0.00 0 ₹ 0.00 30122016 2:2003 877 IS 14769:2000 1 piece ₹ 64,000.00 ₹ 37,000.00 ₹ 1.60 All ₹ 0.00 0 ₹ 0.00 24082016 878 IS 14772:2000 100 PIECES ₹ 52,200.00 ₹ 44,200.00 ₹ 9.20 All ₹ 0.00 0 ₹ 0.00 1072006 879 IS 14806:2000 1 MT ₹ 46,000.00 ₹ 37,000.00 ₹ 140.00 All ₹ 0.00 0 ₹ 0.00 24082016 880 IS 14807:2000 1 MT ₹ 46,000.00 ₹ 37,000.00 ₹ 140.00 All ₹ 0.00 0 ₹ 0.00 24082016 881 IS 14845:2000 1 piece ₹ 46,000.00 ₹ 37,000.00 ₹ 12.20 All ₹ 0.00 0 ₹ 0.00 24082016 882 IS 14846:2000 1 piece ₹ 74,000.00 ₹ 60,000.00 ₹ 17.30 All ₹ 0.00 0 ₹ 0.00 30122016 IS 14855:Part 883 1 Machine ₹ 3,15,000.00 ₹ 2,52,000.00 ₹ 40.00 All ₹ 0.00 0 ₹ 0.00 6092016 1:2000 884 IS 14862:2000 1 ton ₹ 46,000.00 ₹ 37,000.00 ₹ 1.75 All ₹ 0.00 0 ₹ 0.00 24082016 885 IS 14871:2000 1 ton ₹ 46,000.00 ₹ 37,000.00 ₹ 12.00 All ₹ 0.00 0 ₹ 0.00 24082016 886 IS 14885:2001 1 ton ₹ 1,12,000.00 ₹ 96,000.00 ₹ 96.00 All ₹ 0.00 0 ₹ 0.00 24082016 887 IS 14887:2014 1 MT ₹ 82,000.00 ₹ 66,000.00 ₹ 150.00 All ₹ 0.00 0 ₹ 0.00 06082017 888 IS 14898:2001 1 SQM ₹ 71,000.00 ₹ 59,000.00 ₹ 2.10 All ₹ 0.00 0 ₹ 0.00 24082016 889 IS 14899:2014 1 piece ₹ 1,36,000.00 ₹ 96,000.00 ₹ 5.00 All ₹ 0.00 0 ₹ 0.00 24082016 890 IS 14900:2000 1 MT ₹ 51,000.00 ₹ 41,000.00 ₹ 10.00 All ₹ 0.00 0 ₹ 0.00 06072017 IS 14927:Part 891 100 m ₹ 58,000.00 ₹ 47,000.00 ₹ 2.10 All ₹ 0.00 0 ₹ 0.00 24082016 2:2001 892 IS 14928:2001 1 M.T. ₹ 47,000.00 ₹ 38,000.00 ₹ 300.00 All ₹ 0.00 0 ₹ 0.00 20122016 893 IS 14929:2001 1 M.T. ₹ 49,000.00 ₹ 40,000.00 ₹ 260.00 All ₹ 0.00 0 ₹ 0.00 20122016 IS 14930:Part 894 100 m ₹ 89,000.00 ₹ 72,000.00 ₹ 8.10 All ₹ 0.00 0 ₹ 0.00 17072017 2:2001 895 IS 14933:2001 1 m ₹ 71,000.00 ₹ 59,000.00 ₹ 1.80 All ₹ 0.00 0 ₹ 0.00 24082016 896 IS 14951:2001 1 piece ₹ 5,97,000.00 ₹ 4,78,000.00 ₹ 480.00 all ₹ 0.00 0 ₹ 0.00 28072017 897 IS 14968:2015 1 MT ₹ 58,000.00 ₹ 47,000.00 ₹ 150.00 All ₹ 0.00 0 ₹ 0.00 24082016 898 IS 15041:2001 100 PIECES ₹ 62,000.00 ₹ 51,000.00 ₹ 8.00 All ₹ 0.00 0 ₹ 0.00 24082016 899 IS 15058:2002 1 ton ₹ 90,000.00 ₹ 72,000.00 ₹ 160.00 All ₹ 0.00 0 ₹ 0.00 30122016 IS 15073:Part 900 100 Boxes ₹ 83,000.00 ₹ 68,000.00 ₹ 10.00 All ₹ 0.00 0 ₹ 0.00 24082016 2:2008 901 IS 15100:2001 1 piece ₹ 71,000.00 ₹ 59,000.00 ₹ 2.30 All ₹ 0.00 0 ₹ 0.00 24082016 IS 15111:Part Remaini 902 100 piece ₹ 2,23,000.00 ₹ 1,79,000.00 ₹ 33.00 5000 ₹ 16.50 ₹ 0.00 17072017 1:2002 ng IS 15111:Part Remaini 903 100 piece ₹ 2,23,000.00 ₹ 1,79,000.00 ₹ 33.00 5000 ₹ 16.50 ₹ 0.00 17072017 2:2002 ng 904 IS 15138:2010 1 TONNE ₹ 59,000.00 ₹ 48,000.00 ₹ 18.00 All ₹ 0.00 0 ₹ 0.00 06082017 905 IS 15155:2002 1 ton ₹ 71,000.00 ₹ 59,000.00 ₹ 8.00 All ₹ 0.00 0 ₹ 0.00 24082016 Remaini 906 IS 15160:2002 100 lts ₹ 47,000.00 ₹ 38,000.00 ₹ 22.00 2000 ₹ 11.00 ₹ 0.00 20122016 ng 907 IS 15182:2002 100 lts ₹ 49,000.00 ₹ 40,000.00 ₹ 130.00 All ₹ 0.00 0 ₹ 0.00 20122016 908 IS 15219:2002 1 KG. ₹ 46,000.00 ₹ 37,000.00 ₹ 1.10 All ₹ 0.00 0 ₹ 0.00 20122016 909 IS 15227:2002 100 LITRES ₹ 47,000.00 ₹ 38,000.00 ₹ 115.00 All ₹ 0.00 0 ₹ 0.00 20122016 910 IS 15228:2002 100 LITRES ₹ 46,000.00 ₹ 37,000.00 ₹ 230.00 All ₹ 0.00 0 ₹ 0.00 13112017"
324,1,"911 IS 15236:2002 100 lts ₹ 57,000.00 ₹ 46,000.00 ₹ 124.20 All ₹ 0.00 0 ₹ 0.00 20122016 912 IS 15240:2002 100 lts ₹ 46,000.00 ₹ 37,000.00 ₹ 50.00 All ₹ 0.00 0 ₹ 0.00 24082016 913 IS 15265:2003 1 ton ₹ 1,15,000.00 ₹ 96,000.00 ₹ 180.00 All ₹ 0.00 0 ₹ 0.00 24082016 IS 15298:Part 914 One Pair ₹ 84,000.00 ₹ 69,000.00 ₹ 1.40 All ₹ 0.00 0 ₹ 0.00 24082016 4:2010 IS 15298:Part 915 1 PAIR ₹ 1,26,000.00 ₹ 1,11,000.00 ₹ 1.76 All ₹ 0.00 0 ₹ 0.00 24082016 2:2011 IS 15298:Part 916 1 PAIR ₹ 1,46,000.00 ₹ 1,29,000.00 ₹ 0.74 All ₹ 0.00 0 ₹ 0.00 24082016 3:2011 917 IS 15322:2003 100 filters ₹ 79,000.00 ₹ 64,000.00 ₹ 1.20 All ₹ 0.00 0 ₹ 0.00 24012017 918 IS 15323:2003 1 PIECE ₹ 46,000.00 ₹ 37,000.00 ₹ 0.80 All ₹ 0.00 0 ₹ 0.00 24082016 919 IS 15328:2003 1 ton ₹ 88,000.00 ₹ 72,000.00 ₹ 79.00 all ₹ 0.00 0 ₹ 0.00 24082016 920 IS 15335:2003 100 LITRES ₹ 52,000.00 ₹ 42,000.00 ₹ 55.00 All ₹ 0.00 0 ₹ 0.00 20122016 921 IS 15351:2015 100 SQMTS ₹ 68,000.00 ₹ 56,000.00 ₹ 5.00 All ₹ 0.00 0 ₹ 0.00 24082016 922 IS 15354:2003 100 No. ₹ 46,000.00 ₹ 37,000.00 ₹ 0.20 All ₹ 0.00 0 ₹ 0.00 24082016 923 IS 15380:2003 1 sq.m ₹ 71,000.00 ₹ 59,000.00 ₹ 2.20 All ₹ 0.00 0 ₹ 0.00 24082016 924 IS 15391:2003 1 MT ₹ 46,000.00 ₹ 37,000.00 ₹ 5.00 All ₹ 0.00 0 ₹ 0.00 24082016 925 IS 15410:2003 100 PIECES ₹ 73,000.00 ₹ 59,000.00 ₹ 52.00 All ₹ 0.00 0 ₹ 0.00 20122016 IS 15449:Part 926 1 piece ₹ 75,000.00 ₹ 62,000.00 ₹ 5.00 All ₹ 0.00 0 ₹ 0.00 24082016 1:2004 927 IS 15450:2004 100 m ₹ 92,000.00 ₹ 79,000.00 ₹ 11.00 All ₹ 0.00 0 ₹ 0.00 24082016 928 IS 15462:2004 1 MT. ₹ 58,000.00 ₹ 47,000.00 ₹ 28.00 All ₹ 0.00 0 ₹ 0.00 24082016 929 IS 15476:2004 1 sq.m ₹ 90,000.00 ₹ 74,000.00 ₹ 1.50 All ₹ 0.00 0 ₹ 0.00 24082016 Remaini 930 IS 15477:2004 1 M.T ₹ 82,000.00 ₹ 68,000.00 ₹ 30.00 2300 ₹ 7.50 ₹ 0.00 24082016 ng 931 IS 15489:2013 100 lts ₹ 1,05,000.00 ₹ 84,000.00 ₹ 21.00 All ₹ 0.00 0 ₹ 0.00 20122016 932 IS 15490:2017 1 piece ₹ 1,36,000.00 ₹ 96,000.00 ₹ 10.40 All ₹ 0.00 0 ₹ 0.00 24082016 IS 15500:Part 933 1 piece ₹ 46,000.00 ₹ 37,000.00 ₹ 5.30 All ₹ 0.00 0 ₹ 0.00 24082016 2:2004 IS 15500 : 934 Part 3 : 2004 Head 935 1 Assembly ₹ 67,000.00 ₹ 55,000.00 ₹ 4.40 All ₹ 0.00 0 ₹ 0.00 24082016 Assembly Handle 936 1 Assembly ₹ 67,000.00 ₹ 55,000.00 ₹ 2.20 All ₹ 0.00 0 ₹ 0.00 24082016 Assembly Cylinder 937 1 Assembly ₹ 67,000.00 ₹ 55,000.00 ₹ 2.80 All ₹ 0.00 0 ₹ 0.00 24082016 Assembly Valve 938 1 Assembly ₹ 67,000.00 ₹ 55,000.00 ₹ 1.00 All ₹ 0.00 0 ₹ 0.00 24082016 Assembly IS 15500 : 939 Part 4 : 2004 940 Fig No.4.1 100 piece ₹ 65,000.00 ₹ 53,000.00 ₹ 112.40 All ₹ 0.00 0 ₹ 0.00 19012017 941 Fig No.4.2 100 piece ₹ 65,000.00 ₹ 53,000.00 ₹ 112.40 All ₹ 0.00 0 ₹ 0.00 19012017 942 Fig No.4.4 100 piece ₹ 65,000.00 ₹ 53,000.00 ₹ 10.40 All ₹ 0.00 0 ₹ 0.00 19012017 943 Fig No.4.5 100 piece ₹ 65,000.00 ₹ 53,000.00 ₹ 10.40 All ₹ 0.00 0 ₹ 0.00 19012017 944 Fig No.4.6 100 piece ₹ 65,000.00 ₹ 53,000.00 ₹ 34.60 All ₹ 0.00 0 ₹ 0.00 19012017 945 Fig No.4.7 100 piece ₹ 65,000.00 ₹ 53,000.00 ₹ 41.60 All ₹ 0.00 0 ₹ 0.00 19012017 946 Fig No.4.9 100 piece ₹ 65,000.00 ₹ 53,000.00 ₹ 13.90 All ₹ 0.00 0 ₹ 0.00 19012017 947 Fig No.4.10 100 piece ₹ 65,000.00 ₹ 53,000.00 ₹ 26.00 All ₹ 0.00 0 ₹ 0.00 19012017 948 Fig No.4.11 100 piece ₹ 65,000.00 ₹ 53,000.00 ₹ 12.20 All ₹ 0.00 0 ₹ 0.00 19012017 949 Fig No.4.12 100 piece ₹ 65,000.00 ₹ 53,000.00 ₹ 121.00 All ₹ 0.00 0 ₹ 0.00 19012017 950 Fig No.4.13 100 piece ₹ 65,000.00 ₹ 53,000.00 ₹ 121.00 All ₹ 0.00 0 ₹ 0.00 19012017 951 Fig No.4.15 100 piece ₹ 65,000.00 ₹ 53,000.00 ₹ 69.20 All ₹ 0.00 0 ₹ 0.00 19012017 952 Fig No.4.16 100 piece ₹ 65,000.00 ₹ 53,000.00 ₹ 69.20 All ₹ 0.00 0 ₹ 0.00 19012017 953 Fig No.4.17 100 piece ₹ 65,000.00 ₹ 53,000.00 ₹ 69.20 All ₹ 0.00 0 ₹ 0.00 19012017"
325,1,"954 Fig No.4.21 100 piece ₹ 65,000.00 ₹ 53,000.00 ₹ 13.90 All ₹ 0.00 0 ₹ 0.00 19012017 955 Fig No.4.22 100 piece ₹ 65,000.00 ₹ 53,000.00 ₹ 19.00 All ₹ 0.00 0 ₹ 0.00 19012017 956 Fig No.4.23 100 piece ₹ 65,000.00 ₹ 53,000.00 ₹ 20.80 All ₹ 0.00 0 ₹ 0.00 19012017 957 Fig No.4.24 100 piece ₹ 65,000.00 ₹ 53,000.00 ₹ 15.60 All ₹ 0.00 0 ₹ 0.00 19012017 958 Fig No.4.25 100 piece ₹ 65,000.00 ₹ 53,000.00 ₹ 1.75 All ₹ 0.00 0 ₹ 0.00 19012017 959 Fig No.4.26 1000 piece ₹ 65,000.00 ₹ 53,000.00 ₹ 4.26 All ₹ 0.00 0 ₹ 0.00 19012017 960 Fig No.4.27 1000 piece ₹ 65,000.00 ₹ 53,000.00 ₹ 4.27 All ₹ 0.00 0 ₹ 0.00 19012017 961 Fig No.4.28 100 piece ₹ 65,000.00 ₹ 53,000.00 ₹ 4.40 All ₹ 0.00 0 ₹ 0.00 19012017 962 Fig No.4.29 100 piece ₹ 65,000.00 ₹ 53,000.00 ₹ 7.80 All ₹ 0.00 0 ₹ 0.00 19012017 963 Fig No.4.30 100 piece ₹ 65,000.00 ₹ 53,000.00 ₹ 7.80 All ₹ 0.00 0 ₹ 0.00 19012017 IS 15500 : 964 Part 5 : 2004 965 Fig No.5.1 100 piece ₹ 46,000.00 ₹ 37,000.00 ₹ 17.30 All ₹ 0.00 0 ₹ 0.00 24082016 966 Fig No.5.2 100 piece ₹ 46,000.00 ₹ 37,000.00 ₹ 17.30 All ₹ 0.00 0 ₹ 0.00 24082016 967 Fig No.5.3 100 piece ₹ 46,000.00 ₹ 37,000.00 ₹ 17.30 All ₹ 0.00 0 ₹ 0.00 24082016 968 Fig No.5.4 100 piece ₹ 46,000.00 ₹ 37,000.00 ₹ 10.40 All ₹ 0.00 0 ₹ 0.00 24082016 969 Fig No.5.5 100 piece ₹ 46,000.00 ₹ 37,000.00 ₹ 13.90 All ₹ 0.00 0 ₹ 0.00 24082016 970 Fig No.5.6 100 piece ₹ 46,000.00 ₹ 37,000.00 ₹ 13.90 All ₹ 0.00 0 ₹ 0.00 24082016 IS 15500 : 971 Part 6 : 2004 972 Fig No.6.1 100 piece ₹ 46,000.00 ₹ 37,000.00 ₹ 2.60 All ₹ 0.00 0 ₹ 0.00 24082016 973 Fig No.6.2 100 piece ₹ 46,000.00 ₹ 37,000.00 ₹ 8.70 All ₹ 0.00 0 ₹ 0.00 24082016 974 Fig No.6.3 100 piece ₹ 46,000.00 ₹ 37,000.00 ₹ 3.50 All ₹ 0.00 0 ₹ 0.00 24082016 975 Fig No.6.4 100 piece ₹ 46,000.00 ₹ 37,000.00 ₹ 7.00 All ₹ 0.00 0 ₹ 0.00 24082016 976 Fig No.6.5 100 piece ₹ 46,000.00 ₹ 37,000.00 ₹ 5.30 All ₹ 0.00 0 ₹ 0.00 24082016 977 Fig No.6.6 100 piece ₹ 46,000.00 ₹ 37,000.00 ₹ 10.40 All ₹ 0.00 0 ₹ 0.00 24082016 978 Fig No.6.7 100 piece ₹ 46,000.00 ₹ 37,000.00 ₹ 13.90 All ₹ 0.00 0 ₹ 0.00 24082016 979 Fig No.6.8 100 piece ₹ 46,000.00 ₹ 37,000.00 ₹ 15.60 All ₹ 0.00 0 ₹ 0.00 24082016 980 Fig No.6.9 100 piece ₹ 46,000.00 ₹ 37,000.00 ₹ 3.50 All ₹ 0.00 0 ₹ 0.00 24082016 981 Fig No.6.10 100 piece ₹ 46,000.00 ₹ 37,000.00 ₹ 7.00 All ₹ 0.00 0 ₹ 0.00 24082016 982 Fig No.6.11 100 piece ₹ 46,000.00 ₹ 37,000.00 ₹ 2.70 All ₹ 0.00 0 ₹ 0.00 24082016 983 Fig No.6.12 100 piece ₹ 46,000.00 ₹ 37,000.00 ₹ 7.00 All ₹ 0.00 0 ₹ 0.00 24082016 984 Fig No.6.13 100 piece ₹ 46,000.00 ₹ 37,000.00 ₹ 20.80 All ₹ 0.00 0 ₹ 0.00 24082016 985 Fig No.6.14 100 piece ₹ 46,000.00 ₹ 37,000.00 ₹ 17.30 All ₹ 0.00 0 ₹ 0.00 24082016 986 Fig No.6.15 100 piece ₹ 46,000.00 ₹ 37,000.00 ₹ 8.70 All ₹ 0.00 0 ₹ 0.00 24082016 987 Fig No.6.16 100 piece ₹ 46,000.00 ₹ 37,000.00 ₹ 8.70 All ₹ 0.00 0 ₹ 0.00 24082016 IS 15500 : 988 Part 7 : 2004 989 Fig No.7.1 100 piece ₹ 46,000.00 ₹ 37,000.00 ₹ 1.75 All ₹ 0.00 0 ₹ 0.00 24082016 990 Fig No.7.2 100 piece ₹ 46,000.00 ₹ 37,000.00 ₹ 1.75 All ₹ 0.00 0 ₹ 0.00 24082016 991 Fig No.7.3 100 piece ₹ 46,000.00 ₹ 37,000.00 ₹ 10.40 All ₹ 0.00 0 ₹ 0.00 24082016 992 Fig No.7.4 100 piece ₹ 46,000.00 ₹ 37,000.00 ₹ 7.00 All ₹ 0.00 0 ₹ 0.00 24082016 993 Fig No.7.5 100 piece ₹ 46,000.00 ₹ 37,000.00 ₹ 7.00 All ₹ 0.00 0 ₹ 0.00 24082016 994 Fig No.7.6 100 piece ₹ 46,000.00 ₹ 37,000.00 ₹ 3.50 All ₹ 0.00 0 ₹ 0.00 24082016 995 Fig No.7.7 100 piece ₹ 46,000.00 ₹ 37,000.00 ₹ 3.50 All ₹ 0.00 0 ₹ 0.00 24082016 996 Fig No.7.8 100 piece ₹ 46,000.00 ₹ 37,000.00 ₹ 7.00 All ₹ 0.00 0 ₹ 0.00 24082016 997 Fig No.7.9 100 piece ₹ 46,000.00 ₹ 37,000.00 ₹ 3.50 All ₹ 0.00 0 ₹ 0.00 24082016 998 Fig No.7.10 100 piece ₹ 46,000.00 ₹ 37,000.00 ₹ 5.30 All ₹ 0.00 0 ₹ 0.00 24082016 999 Fig No.7.11 100 piece ₹ 46,000.00 ₹ 37,000.00 ₹ 5.30 All ₹ 0.00 0 ₹ 0.00 24082016"
326,1,"1000 Fig No.7.12 100 piece ₹ 46,000.00 ₹ 37,000.00 ₹ 7.00 All ₹ 0.00 0 ₹ 0.00 24082016 1001 Fig No.7.13 100 piece ₹ 46,000.00 ₹ 37,000.00 ₹ 7.00 All ₹ 0.00 0 ₹ 0.00 24082016 1002 Fig No.7.14 100 piece ₹ 46,000.00 ₹ 37,000.00 ₹ 7.00 All ₹ 0.00 0 ₹ 0.00 24082016 1003 Fig No.7.15 100 piece ₹ 46,000.00 ₹ 37,000.00 ₹ 7.00 All ₹ 0.00 0 ₹ 0.00 24082016 1004 IS 15511:2004 100 piece ₹ 72,000.00 ₹ 58,000.00 ₹ 5.60 All ₹ 0.00 0 ₹ 0.00 25052016 1005 IS 15532:2004 100 Pieces ₹ 72,500.00 ₹ 58,000.00 ₹ 45.00 All ₹ 0.00 0 ₹ 0.00 15032015 1006 IS 15558:2005 1 piece ₹ 95,000.00 ₹ 76,000.00 ₹ 2.00 All ₹ 0.00 0 ₹ 0.00 30122016 1007 IS 15559:2004 100 Kg ₹ 49,000.00 ₹ 40,000.00 ₹ 25.00 All ₹ 0.00 0 ₹ 0.00 20122016 1008 IS 15573:2005 1 MT ₹ 57,000.00 ₹ 46,000.00 ₹ 10.00 All ₹ 0.00 0 ₹ 0.00 20122016 1009 IS 15601:2005 1 MT ₹ 57,000.00 ₹ 46,000.00 ₹ 45.00 All units ₹ 0.00 0 ₹ 0.00 24082016 1010 IS 15603:2005 1 M.T ₹ 68,000.00 ₹ 55,000.00 ₹ 170.00 All ₹ 0.00 0 ₹ 0.00 20122016 1011 IS 15622:2006 10 Sq mt ₹ 1,13,000.00 ₹ 94,000.00 ₹ 3.80 27000 ₹ 1.90 27000 ₹ 0.95 24082016 1012 IS 15627:2005 1 piece ₹ 2,43,000.00 ₹ 2,04,000.00 ₹ 0.50 100000 ₹ 0.35 100000 ₹ 0.15 24082016 1013 IS 15633:2005 1 piece ₹ 2,58,000.00 ₹ 2,17,000.00 ₹ 2.00 100000 ₹ 1.50 100000 ₹ 1.35 24082016 1014 IS 15636:2012 1 piece ₹ 2,42,000.00 ₹ 2,03,000.00 ₹ 2.00 100000 ₹ 1.50 100000 ₹ 1.35 24082016 1015 IS 15647:2006 1 MT ₹ 46,000.00 ₹ 37,000.00 ₹ 3.00 All ₹ 0.00 0 ₹ 0.00 24082016 1016 IS 15652:2006 1 sq.m ₹ 75,000.00 ₹ 62,000.00 ₹ 3.00 All ₹ 0.00 0 ₹ 0.00 24082016 1017 IS 15658:2006 100 piece ₹ 94,000.00 ₹ 76,000.00 ₹ 2.00 All ₹ 0.00 0 ₹ 0.00 13112017 1018 IS 15683:2006 1 piece ₹ 1,08,000.00 ₹ 90,000.00 ₹ 9.00 All ₹ 0.00 0 ₹ 0.00 24082016 1019 IS 15692:2006 1000 Litre ₹ 52,000.00 ₹ 42,000.00 ₹ 180.00 All ₹ 0.00 0 ₹ 0.00 20161226 1020 IS 15694:2006 One MT ₹ 58,000.00 ₹ 47,000.00 ₹ 805.60 All ₹ 0.00 0 ₹ 0.00 06092016 1021 IS 15757:2007 1M.T. ₹ 1,54,000.00 ₹ 1,24,000.00 ₹ 245.00 250 ₹ 123.00 250 ₹ 62.00 20122016 1022 IS 15778:2007 1 ton ₹ 1,89,000.00 ₹ 1,58,000.00 ₹ 30.00 All ₹ 0.00 0 ₹ 0.00 24082016 1023 IS 15786:2008 1 sq.m ₹ 1,01,000.00 ₹ 84,000.00 ₹ 0.30 All ₹ 0.00 0 ₹ 0.00 24082016 1024 IS 15787:2008 100 piece ₹ 56,000.00 ₹ 46,000.00 ₹ 3.50 All ₹ 0.00 0 ₹ 0.00 19012017 1025 IS 15801:2008 1 ton ₹ 1,60,000.00 ₹ 1,34,000.00 ₹ 20.00 All ₹ 0.00 0 ₹ 0.00 24082016 1026 IS 15833:2009 1 Piece ₹ 71,000.00 ₹ 57,000.00 ₹ 0.30 All ₹ 0.00 0 ₹ 0.00 17032017 1027 IS 15834:2008 1 Piece ₹ 55,000.00 ₹ 44,000.00 ₹ 0.40 All ₹ 0.00 0 ₹ 0.00 17032017 1028 IS 15848:2009 1 TONNE ₹ 63,000.00 ₹ 51,000.00 ₹ 17.30 All ₹ 0.00 0 ₹ 0.00 15112017 1029 IS 15852:2009 One Metre ₹ 65,000.00 ₹ 52,000.00 ₹ 0.15 All ₹ 0.00 0 ₹ 0.00 6092016 100 SQ 1030 IS 15853:2009 ₹ 66,000.00 ₹ 53,000.00 ₹ 10.10 All ₹ 0.00 0 ₹ 0.00 20122016 MTRS 1031 IS 15884:2010 1 piece ₹ 3,32,000.00 ₹ 2,80,000.00 ₹ 3.00 All ₹ 0.00 0 ₹ 0.00 24082016 1032 IS 15905:2011 ONE TONNE ₹ 63,000.00 ₹ 51,000.00 ₹ 9.00 All ₹ 0.00 0 ₹ 0.00 24082016 Remaini 1033 IS 15907:2010 1 BED ₹ 1,06,000.00 ₹ 88,000.00 ₹ 1.50 60000 ₹ 0.75 ₹ 0.00 24082016 ng 1034 IS 15909:2015 100 SQMTS ₹ 1,11,000.00 ₹ 92,000.00 ₹ 16.00 All ₹ 0.00 0 ₹ 0.00 24082016 1035 IS 15911:2010 ONE TONNE ₹ 60,000.00 ₹ 49,000.00 ₹ 3.50 All ₹ 0.00 0 ₹ 0.00 24082016 1036 IS 15914:2011 1 MT ₹ 46,000.00 ₹ 37,000.00 ₹ 64.00 All ₹ 0.00 0 ₹ 0.00 24082016 1037 IS 15939:2011 1 K.G ₹ 63,000.00 ₹ 51,000.00 ₹ 0.90 All ₹ 0.00 0 ₹ 0.00 20122016 1038 IS 15961:2012 One MT ₹ 61,000.00 ₹ 49,000.00 ₹ 6.00 All ₹ 0.00 0 ₹ 0.00 23092016 1039 IS 15962:2012 1 MT ₹ 46,000.00 ₹ 37,000.00 ₹ 62.00 All ₹ 0.00 0 ₹ 0.00 24082016 1040 IS 15965:2012 MT ₹ 65,000.00 ₹ 52,000.00 ₹ 6.25 All ₹ 0.00 0 ₹ 0.00 23092016 1041 IS 15997:2012 One MT ₹ 90,000.00 ₹ 72,000.00 ₹ 12.00 All ₹ 0.00 0 ₹ 0.00 23092016 IS 16008:Part 100 SQ 1042 ₹ 93,000.00 ₹ 77,000.00 ₹ 0.80 All ₹ 0.00 0 ₹ 0.00 24082016 1:2016 MTRS IS 16008:Part 1043 100 Sq.mtrs ₹ 1,16,000.00 ₹ 93,000.00 ₹ 0.80 All ₹ 0.00 0 ₹ 0.00 06072017 2:2016 1044 IS 16014:2012 100 Kg ₹ 94,000.00 ₹ 78,000.00 ₹ 15.28 All ₹ 0.00 0 ₹ 0.00 24082016 1045 IS 16088:2012 1 ton ₹ 1,40,000.00 ₹ 1,17,000.00 ₹ 400.00 All ₹ 0.00 0 ₹ 0.00 24082016 IS 16098:Part 1046 1 ton ₹ 1,89,000.00 ₹ 1,59,000.00 ₹ 174.00 All ₹ 0.00 0 ₹ 0.00 24082016 1:2013"
327,1,"IS 16098:Part 1047 100 m ₹ 2,09,000.00 ₹ 1,76,000.00 ₹ 23.00 All ₹ 0.00 0 ₹ 0.00 24082016 2:2013 IS 16102:Part 1048 100 Piece ₹ 1,69,000.00 ₹ 2,11,000.00 ₹ 3.50 All ₹ 0.00 0 ₹ 0.00 6092016 2:2012 IS 16103:Part 1049 1 piece ₹ 4,60,000.00 ₹ 3,89,000.00 ₹ 4.60 All ₹ 0.00 0 ₹ 0.00 24082016 2:2012 1050 IS 16111:2013 100 m ₹ 54,000.00 ₹ 43,000.00 ₹ 1.00 All ₹ 0.00 ₹ 0.00 24082016 1051 IS 16127:2013 1 piece ₹ 46,000.00 ₹ 37,000.00 ₹ 4.00 All ₹ 0.00 0 ₹ 0.00 24082016 1052 IS 16131:2015 1000 Litre ₹ 57,000.00 ₹ 46,000.00 ₹ 160.00 All ₹ 0.00 0 ₹ 0.00 26122016 1053 IS 16145:2013 1000 Litre ₹ 54,000.00 ₹ 44,000.00 ₹ 180.00 All ₹ 0.00 0 ₹ 0.00 26122016 1054 IS 16176:2014 1 set ₹ 46,000.00 ₹ 37,000.00 ₹ 2.00 All ₹ 0.00 0 ₹ 0.00 24082016 1055 IS 16186:2014 One MT ₹ 73,000.00 ₹ 59,000.00 ₹ 7.10 All ₹ 0.00 0 ₹ 0.00 06082017 1056 IS 16190:2014 One MT ₹ 1,85,000.00 ₹ 1,48,000.00 ₹ 280.00 All ₹ 0.00 0 ₹ 0.00 26122014 1057 IS 16208:2015 1 MT ₹ 1,18,000.00 ₹ 95,000.00 ₹ 310.00 All ₹ 0.00 0 ₹ 0.00 06082017 1058 IS 16232:2014 One MT ₹ 58,000.00 ₹ 47,000.00 ₹ 0.80 All ₹ 0.00 0 ₹ 0.00 06092016 1059 IS 16289:2014 100 Pieces ₹ 79,000.00 ₹ 63,200.00 ₹ 0.20 ALL ₹ 0.00 0 ₹ 0.00 4032015 1060 IS 16352:2015 1 TONNE ₹ 1,86,000.00 ₹ 1,49,000.00 ₹ 26.60 All ₹ 0.00 0 ₹ 0.00 26122016 1061 IS 16415:2015 1 MT ₹ 72,000.00 ₹ 58,000.00 ₹ 3.00 All ₹ 0.00 0 ₹ 0.00 6092016 100 SQ 1062 IS 16513:2016 ₹ 1,19,000.00 ₹ 96,000.00 ₹ 2.20 All ₹ 0.00 0 ₹ 0.00 6072017 MTRS 1063 IS 16585:2016 1 TONNE ₹ 51,000.00 ₹ 41,000.00 ₹ 42.60 ALL ₹ 0.00 0 ₹ 0.00 15112017 IS/IEC 1064 60079:Partt 1 piece ₹ 46,000.00 ₹ 37,000.00 ₹ 17.30 All ₹ 0.00 0 ₹ 0.00 24082016 11:2006 IS/IEC 1065 60079:Part 1 piece ₹ 46,000.00 ₹ 37,000.00 ₹ 1.75 All ₹ 0.00 0 ₹ 0.00 24082016 1:2007 IS/IEC 1066 60898:Part 1 Piece ₹ 73,000.00 ₹ 60,000.00 ₹ 0.27 All ₹ 0.00 0 ₹ 0.00 24082016 1:2002 IS/IEC 1067 60947:Part 1 Piece ₹ 58,000.00 ₹ 47,000.00 ₹ 0.90 All ₹ 0.00 0 ₹ 0.00 24082016 3:1999 IS/IEC 1068 60947:Part 1 piece ₹ 58,000.00 ₹ 47,000.00 ₹ 0.27 All ₹ 0.00 0 ₹ 0.00 24082016 4:Sec 1:2000 IS/IEC 1069 60947:Part 1 Piece ₹ 58,000.00 ₹ 47,000.00 ₹ 0.42 All ₹ 0.00 0 ₹ 0.00 24082016 5:Sec 1:2003 * Explanation: The expression micro small and medium enterprises shall have the meaning assigned to it in the Micro Small Medium Enterprises Development Act, 2006(27 of 2006)."
328,1,"Annexure-II (Refer sub-paragraph (1) of paragraph 6 of Scheme - I) STANDARD MARK DESIGN OF MONOGRAM FOR STANDARD MARK Figure 1 MONOGRAM FOR STANDARD MARK The monogram of the Standard Mark consists of the pictorial representation, drawn in the exact style as indicated in Figure 1 and in relative proportions as given in Table 1. Table 1 Preferred Dimensions of Monogram All dimensions in millimeters A B a R r SIZE OF LETTERS 2.5 1.9 0.2 0.4 - 1.0 mm 5 3.8 0.4 0.8 0.1 1.0 mm 10 7.5 0.7 1.7 0.2 2.0 mm 20 15 1.5 3.3 0.5 3.0 mm 40 30 2.9 6.7 1.0 4.0 mm 80 60 5.9 13.4 1.9 6.0 mm 160 120 11.7 26.7 3.8 10.0 mm 320 240 23.4 53.4 7.6 16.0 mm"
329,1,"Form - I (Refer sub-clause (ii) of clause (a) of sub-paragraph (1) of paragraph 3 of Scheme - I) DECLARATION REGARDING MANUFACTURING MACHINERY No entry to be crossed 1. Application/Licence No. 2. Name/Address Sr. Machinery Make/ Production capacity per Number Remarks No. Identification No. day, if applicable Note: Attach extra sheet, if required I hereby declare that the machinery details of which I have verified the availability of the above given above are available with us mentioned machinery during my inspection. I also declare that I will send prior intimation to Bureau of Indian Standards whenever any machinery Signature of BIS I.O .______________ is not available due to any reason. Sig. of Bureau of Indian Standards certification Signature of Firm’s Representative officer ___________________________ __________________ Name Name Designation Designation Date of verification Date *If any part of the manufacturing activity is outsourced, details of machinery used for outsourced activity shall be indicated in a separate form along with complete address of the outsourced premises."
330,1,"Form - II (Refer sub-clause (iii) of clause (a) of sub-paragraph (1) of paragraph 3 of Scheme - I) DECLARATION REGARDING TEST EQUIPMENT No entry to be crossed 1..Application/Licence No. 2. Name/Address Sr. Test Equipment/Chemicals Least Count Valid Calibration Tests Used in Remarks No. and Identification Numbers and Range (Where required) with Clause (Indicate (Where applicable) (Where Yes/No Reference number of applicable) Equipment) Note: Attach extra sheet, if required I hereby declare that the testing equipment details I have verified the availability of the above mentioned of which given above are available with us testing equipment during my inspection. I also declare that I will send prior intimation to Bureau of Indian Standards whenever any testing Signature of BIS I.O .______________ equipment is not available due to any reason. Sig. of Bureau of Indian Standards certification officer Signature of firm’s representative ___________________________ __________________ Name Name Designation Designation Date of verification Date"
331,1,"Form - III (Refer clause (c) of sub-paragraph (1) of paragraph 3 of Scheme - I) PROPOSED LEVELS OF CONTROLS FOR INSPECTION AND TESTING Name of Applicant/Licensee: M/s Address of Applicant/Licensee IS .................................................. Product Scheme of inspection and testing (SIT) No: (1) (2) (3) Test Details Levels of Control as per Scheme of Proposed Levels of Control by the inspection and testing specified by manufacturer the Bureau Cl Requireme Test No. of Frequency Remarks No. of Frequency Justification . nt Methods Sample Sample for change, if Clause any Reference Seal of Firm Signature Name Designation Date"
332,1,"Form – IV (Refer clause (e) of sub-paragraph (1) of paragraph 3 of Scheme - I) TEST REPORT Name of Applicant/Licensee: M/s................................... CM/A - or CM/L - ............................. Valid upto ........................................ Address of Applicant/Licensee IS ............................................................. Product Grade/Type/Variety/Class ............................................................................................... Declared values, if any Batch/Lot No. .................................................... Sr. No. .......................................... Date of Manufacturing .......................... Any other information .............................. Date of start of testing .............................. Date of completion of testing ........................................ Sr. Tests Clause IS Reference Specified Observed Remarks No. Requirement Value(s) Note: Attach extra sheet, if required The above mentioned sample manufactured and tested at our premises is conforming/non-conforming to the requirement(s) of IS …….......................................... Seal of Firm Signature Name Designation Date"
335,1,"Form - VI (Refer clause (h) of sub-paragraph (1) of paragraph 3 of Scheme - I) Form for Nomination by Manufacturer To The Director General, Bureau of Indian Standard, 9, Bahadur Shah Zafar Marg, New Delhi-110 002. Subject: Nomination of Authorised Indian Representative (as per clause 3.1 of the Agreement) Dear Sir, In terms of the requirement of clause 3 of the agreement, we, M/s__________________, the manufacturer and signatory of the Agreement with Bureau of Indian Standards, do hereby nominate and appoint Mr./Ms._______________________, son / daughter of Mr.____________________________, resident of ________________________________________________________, INDIA, as our Authorised Indian representative in terms of clause 3 of the Agreement. Mr./Ms. __________________________, would be the person responsible for and on our behalf under the agreement for compliance of terms and conditions of the Agreement and also provisions of the Bureau of Indian Standards Act 2016, and rules and regulations framed there under. The form also contains his / her signatures in token of his / her acceptance, consent and confirmation of the terms and conditions of the Agreement. Please be advised that the nomination in favour of the authorised India representative shall continue for the purpose of this agreement till such time that some other person is appointed in his / her place in accordance with the terms of the Agreement. Yours faithfully, Signature of Authorised Indian Representative: Signature: Name: Name: Designation: Designation: Contact details: - C ontact details:- Mob. No.: M ob. No.: E mail: Email: Complete postal Address: Date: Seal:"
336,1,Form – VII (Refer clause (d) of sub-paragraph (2) of paragraph 3 of Scheme - I) Bureau of Indian Standards _____________ Branch Office (Discrepancy-cum-Advisory Report) Name of Applicant/Licensee: M/s CM/A - or CM/L - Nature of inspection CM/L valid upto (verification/surveillance/others) IS Product Date(s) of visit Sr. Discrepancies/Advices rendered Clause with IS or any other reference No. Comments/ agreed action (by Applicant/Licensee) I have fully explained the contents of i) I have fully understood the contents of this report this report ii) Confirmation of the actions on discrepancy-cum - advisory shall be made to Bureau of Indian Standards within ____ days. Signature____________________ Signature__________________ Name Name Designation Designation (Bureau of Indian Standards Representative) (Firm’s representative) Note: It is advised that a copy of this report be enclosed by the firm in the licence file for necessary follow up actions and future reference.
337,1,"Form - VIII (Refer clause (a) of sub-paragraph (5) of paragraph 3 of Scheme - I) Bureau of Indian Standards Licence for the use of Standard Mark Licence No. CM/L - By virtue of the power conferred on it by the Bureau of Indian Standards Act, 2016 (11 of 2016) the Bureau hereby grants to M/s (hereinafter called the Licensee) this licence to use the Standard Mark set out in the first column of the Schedule hereto, upon or in respect of the varieties set out in the third column of the said Schedule which is manufactured in accordance with/conforms to the related Indian Standard(s) referred to in the second column of the said Schedule as from time to time amended or revised. 2. This Licence carries obligations on part of the licensee as conditions of licence which are given in Annexure attached herewith. This licence shall be valid for the name, factory address and period as mentioned in the schedule and may be renewed as specified in the scheme-I."
338,1,"Schedule (Licence No.CM/L-.......................................) Name: Factory Address: Validity from ................................................ to.................................................... Standard Mark Indian Standard Scope of Licence Marking Fee (1) (2) (3) (4) IS ₹ ____ per unit for the first _____ units, ₹ ____ per unit for the rest of the units with a minimum marking fee of ₹ ______ /- during an operative period of one year Unit - _______ Minimum marking fee for one operative year payable in advance which will be carried over to next renewal(s) Signed, Sealed and Dated this ..................... day of ................... month of Year............................ for Bureau of Indian Standards Name and Signature of Designated authority"
339,1,"Annexure (Licence No.CM/L-.......................................) Conditions of the licence (1) The design of Standard Mark shall be identical to the facsimile given in the licence. (2) The photographic enlargement or reduction of the Standard Mark may also be used, unless otherwise specified by the Bureau. (3) The licensee shall be responsible for the conformity of the goods, article, process, system or service to the Indian Standard in relation to which Standard Mark is used or applied. (4) The licensee shall not use the Standard Mark in relation to goods, articles, process, system or service which are non –conforming or outside the scope of the licence. (5) If goods and articles in relation to which a Standard Mark has been used do not conform to the requirements of the relevant standard, the Bureau may direct the licensee or his representative to recall such non-conforming goods. (6) The Standard Mark shall not be used or applied in relation to any goods, article, process, system or service during deferment or suspension, or, after expiry or cancellation of the licence. (7) The licensee shall comply with the provisions of the conformity assessment scheme under which licence is granted, including labelling and marking requirements. (8) The licensee shall maintain records as specified by the Bureau from time to time. (9) The licensee shall provide the Bureau all assistance in connection with carrying out inspection or audit at its premises. (10) The licensee shall provide information relating to production and use or applying of Standard Mark as and when it is required by the Bureau. (11) If the licence is granted to use or apply Standard Mark on goods or articles, the licensee shall provide the list of consignees, distributors, dealers or retailers to whom goods or articles with Standard Mark is supplied. (12) The licence shall not be transferred to any person without approval of the Bureau. (13) If a complaint regarding quality of any goods, article, process, system or service bearing Standard Mark is established, the Bureau may direct the licensee or his representative to repair or replace or reprocess the standard marked goods and articles. (14) The Bureau shall have the right to amend any of the conditions of licence by giving a notice of not less than one month to the licensee."
340,1,"Form - IX (Refer clause (b) of sub-paragraph (5) of paragraph 3 of Scheme - I) Agreement for the grant of Bureau of Indian Standards Licence (for use by the Foreign Manufacturer) (On Rs. 100=00 non judicial stamp paper, to be attested by Notary Public) T he Agreement made at New Delhi on this ……… day of………………..…. month ……….. year, between Bureau of Indian Standards, a body corporate established under the Bureau of Indian Standards Act, 2016 having its Head Office at Manak Bhavan, 9, Bahadur Shah Zafar Marg, New Delhi-110 002 (hereinafter referred to as ""BIS"", which expression shall include its administrators, assigns, agents and or representatives) of the one part, AND M/s………………………………………………………., a foreign manufacturer having its office at …………………………………………………… and a Liaison/Branch Office/Office of its legally appointed Agent, namely, Mr/Mrs………………………………. located in India at ……………………………………………… (hereinafter referred to as the ‘manufacturer’ which expression shall include its heirs, and or assigns) through Mr./Mrs…………………………………. (its Managing Director/proprietor/partner or authorised signatory, as the case may be): Whereas BIS has been established by the BIS Act, 2016 for harmonious development of activities of Standardisation, Quality Certification and Marking of goods and for matters connected therewith or incidental thereto; And whereas in furtherance of its functions as provided in the BIS Act, 2016 and in particular to provide service to foreign manufacturers, BIS is empowered to grant certification mark licence for foreign manufacturers of articles and processes; And whereas under BIS Act, 2016 BIS is authorised to grant BIS licence for use of the BIS Standard Mark by the foreign manufacturer on its such products, which conform to the relevant Indian Standards, and the grant of such licence is subject to the manufacturer complying with the norms laid down by BIS from time to time; And whereas the foreign manufacturer has applied to Bureau of Indian Standards for grant of Bureau of Indian Standards licence under BIS Act, 2016 and BIS after satisfying itself about the capability of the manufacturer and that it satisfies the requirement as laid down in BIS Act, rules and regulations framed thereunder, and the terms and conditions of the licence, has decided to grant to the manufacturer BIS licence on the terms and condition hereinafter mentioned. Now the parties hereto agree as under: 1. Definitions: In this Agreement, unless the context otherwise requires, 1.1 “BIS licence” means a licence granted under section 13 of the BIS Act, 2016 to use the Standard Mark in relation to any article or process, which conforms to the Indian Standard. 1.2 “manufacturer” means a business enterprise engaged in the manufacture of any article or process, situated at a stated location or locations, that carries out and controls such stages in the manufacture, assessment, handling or storage of a product, that enables it to accept responsibility for continued compliance of the product with the relevant Indian Standard and undertakes all obligations in that connection, with regard to grant of BIS licence to foreign manufacturer, under the Scheme."
341,1,"1.3 “recognised laboratory” means any laboratory in India or abroad recognised by BIS for the purpose of testing conformance of product to the relevant Indian Standards. 1.4 “product” means the products to be marked with BIS Standard Mark. 1.5 “authorised representative” means the person, located in India, nominated and legally appointed by the manufacturer for the purpose of compliance with terms and conditions of this agreement and provisions of BIS Act, 2016, rules and regulations framed thereunder and shall be deemed to be a person having ultimate control over the affairs of the manufacturer for the purposes of this agreement. 2. Fee 2.1 In consideration of BIS granting licence to the manufacturer and the manufacturer agreeing to abide by the provisions of this agreement and the various obligations and responsibilities and BIS performing its part under the BIS Act, 2016, the manufacturer shall pay to BIS the necessary fee, as applicable from time to time, under the scheme such as advance minimum marking fee, renewal application fee, annual licence fee and marking fee calculated on actual production marked and any other fee as determined under the BIS (Conformity Assessment) Regulations, 2018. 2.2 The manufacturer also agrees to bear all expenses, including cost to BIS of the man-days spent by BIS certification officer(s) in connection with the inspection at the manufacturing premises and/or at the testing laboratory (from the time of departure from the place of posting till return thereto), and testing fee as the case may be, as decided by BIS in its absolute discretion. 3. Nomination 3.1 The manufacturer shall nominate and appoint a person as his authorised representative located in India after obtaining all necessary permission or sanctions, if required, under the Indian laws, setting out the terms and conditions of such appointment in writing, whose nomination shall be duly communicated to BIS in writing. 3.2 The authorised representative may either be in-charge or a senior officer of the Indian office or a legally appointed agent of the manufacturer in India. The nomination by the manufacturer shall be given on letterhead in the format prescribed. 3.3 The form containing nomination of the authorised representative by the manufacturer either at the time of execution of this agreement or at the time of fresh appointment during the continuation of this agreement, shall also contain the signature of such authorised representative who has been so appointed, in token of his consent and confirmation of the terms and conditions of this agreement and to signify his willingness for compliance of various provision of agreement/ BIS Act, 2016, and rules and regulations there under. 3.4 The authorised representative appointed shall be deemed to be a person having ultimate control over the affairs of manufacturer in India for the purposes of this agreement and as such shall be responsible for all due compliance of terms and conditions of this agreement as also provisions of BIS Act, 2016 and the rules and made thereunder and shall continue to be so till another authorised representative is appointed in his place in accordance with the terms of the agreement."
342,1,"3.5 The authorised representative shall remain bound to comply or adhere to the terms and conditions of this agreement, the provisions of BIS Act, 2016, and rules and regulations there under for and on behalf of manufacturer and thus shall be responsible and liable for all the acts and omissions and violations of the terms of the agreement or provisions of BIS Act, 2016, and rules and regulations thereunder framed thereunder in his personal capacity. 3.6 The manufacturer shall ensure that his authorised representative does not remain un-represented at any time during the continuation of this agreement, on account of any reasons whatsoever and shall further ensure that the authorised representative already nominated is substituted or another authorised representative is freshly nominated in the records of BIS well before the incumbent authorised representative is relieved of his obligations or liabilities under this agreement. 3.7 It is understood and agreed between the parties that this clause is an essence of this agreement and any violation of this clause shall authorise BIS to terminate or determine this agreement forthwith, whether formally determined or terminated or not, and take steps for cancellation of his licence. 3.8 It is agreed that such determination will be without prejudice to the other rights of BIS available to it under the BIS Act, 2016, and rules and regulations framed thereunder or under this agreement. 3.9 The BIS shall be entitled to terminate this agreement forthwith in the event it is revealed to or comes to the knowledge of BIS that the manufacturer has failed to comply with the terms of this clause except that in the event of death of authorised representative during the continuation of this agreement, the manufacturer shall be entitled to nominate a new authorised representative within twenty one days of the date of death of such authorised representative failing which provisions of clause 3.6 shall apply mutatis-mutandis. 3.10 It is agreed that in the event the authorised representative nominated by manufacturer severs his relationship or connection with the manufacturer and no new authorised representative is appointed in his place in terms of clause 3.6 hereinabove by manufacturer before earlier authorised representative being discharged or relieved well within the time, then notwithstanding determination or termination of this agreement, the earlier authorised representative shall remain liable and responsible for all the acts or omissions or violations of the terms and conditions of this agreement or provisions of BIS Act, 2016, and rules and regulations framed thereunder, committed till the time of his resignation or discharge. 3.11 The word “manufacturer” and “licensee” mentioned in the agreement shall mean and include “authorised representative” unless it is repugnant to the context. 4. Acceptance of terms and conditions 4.1 The licensee and his authorised agent agree to abide by all the terms and conditions of grant of licence as per the BIS Act, 2016, rules and regulations framed thereunder. 5. Rights and responsibilities of licensee 5.1 The BIS licence granted to the manufacturer shall only be with respect to …..…………... (mention product) as per IS ………………. (mention IS Number). 5.2 Rights and responsibilities of the licensee shall be as conveyed to him by BIS from time to time, and the licensee shall abide by the same."
343,1,"6. Period of validity of BIS licence / renewal thereof 6.1 BIS licence shall be valid for the period as expressly stated therein, and shall automatically expire thereafter, unless specifically renewed in writing by BIS for any further period. 6.2 In case an application for renewal of the licence is submitted by the licensee to BIS (during the period of validity of the licence, or within such period from the date of expiry thereof as may be stipulated by BIS, BIS may consider renewal thereof for a further period as deemed proper by it. 6.3 During the pendency of consideration of such application for renewal, the licensee shall not make any claim regarding holding of such licence, and nor shall be entitled to mark the article or process upon expiry of the licence, till such time that the licence is renewed by BIS in writing for any further period. 7. Cancellation of licence 7.1 Licence may be cancelled by BIS in accordance with regulation 11 of Bureau of Indian Standards (Conformity Assessment) Regulations, 2018. 8. Suspension of licence 8.1 A licence may be suspended by BIS in accordance with paragraph 11 of Scheme - I appended to Schedule - II of Bureau of Indian Standards (Conformity Assessment) Regulations, 2018. 9. Termination of agreement 9.1 The licensee violates or commits breach of any term or condition of this Agreement, whether by way of an act of commission or omission. 9.2 The licensee can also terminate the agreement by giving 30 days’ notice in writing addressed to Head, Central Marks Department – I, BIS, 9 Bahadur Shah Zafar Marg, New Delhi–110 002, by registered AD post or by a notice delivered by hand. 9.3 On determination or termination of the agreement, the manufacturer shall forthwith cease to apply Standard Mark on any of the product manufactured or marketed by manufacturer and shall immediately furnish a statement to BIS indicating the details of the product so manufactured or marked prior to termination of Agreement or BIS licence and shall comply with all directions that may be conveyed by BIS to it. 9.4 The manufacturer shall also clear all liabilities, financial or otherwise, towards BIS and shall return the original licence document along with all endorsement to BIS. 10. Indemnity 10.1 The manufacturer agrees and fully understands that under the product certification scheme of BIS under which the licence is granted, the responsibility of conformance to the relevant Indian Standard with respect to products is solely on the manufacturer. 10.2 The manufacturer, therefore, agrees to indemnify BIS for all claims or damages arising out of its manufacturing of products and / or non-conformance to the relevant Indian Standards that may be made against BIS by any person or firm or company or association or consumer."
344,1,"10.3 The manufacturer agrees and undertakes to execute an Indemnity Bond, in a language acceptable to BIS, as per the prescribed format, indemnifying and holding BIS harmless in respect of any third party claims with regard to conformance of products manufactured by the manufacturer on which the Indian Standard Mark is marked, to the relevant Indian Standard. 10.4 The manufacturer further undertakes to furnish a Bank Guarantee, as per the prescribed format, for USD 10000 (US Dollars Ten Thousand only) in favour of BIS, for due compliance of the provisions of the BIS Act, 2016 and the rules and regulations framed thereunder, and the terms and conditions of the licence. 10.5 In case of any breach thereof, BIS shall be entitled to invoke the Bank Guarantee at its sole discretion, whose decision in that regard shall be final and binding on the manufacturer. 11. Agreement period 11.1 This agreement comes into force from the date of grant of licence and till the period for which it is granted or renewed and until withdrawn or terminated or cancelled by either party in accordance with the terms of this agreement. 12. Jurisdiction 12.1 If any dispute arises between the parties to the agreement including touching, interpretation or meaning of any of clauses the agreement or respective rights or obligations or liabilities of the parties to this agreement, courts at Delhi alone shall have the jurisdiction to entertain, try and resolve such claims or rights or disputes. 12.2 For the purposes of this agreement, the address of the manufacturer shall be its address given in India hereinabove, while that of BIS shall be as mentioned hereinabove. 12.3 All notices or letters addressed to and or delivered at the said address shall be deemed to have been issued or delivered to the respective parties. In witness where of the parties hereto affix their signatures: Bureau of Indian Standards Manufacturer In the presence of: Witnesses: 1. 2."
345,1,"Form - X (Refer clause (b) of sub-paragraph (5) of paragraph 3 of Scheme - I) Indemnity Bond (To be typed on non-judicial Stamp Paper of Rs. 100=00 and attested by Notary Public) This Indemnity Bond is executed on this _____ day of ____________, 20____ at New Delhi by M/s __________________________________, a company / firm having its registered / corporate office at ___________________________________________ and a Liaison / Branch Office at ______________________________________________________________ (India) / or legally appointed Agent in India, namely Mr./Ms. _____________________, having his/her/its office at ____________________________________________________, represented through Mr./Ms. _____________________________, son/wife/daughter of Mr. ___________________, its duly authorised representative (hereinafter referred to as ‘the Licensee’), in favour of Bureau of Indian Standards, having its headquarters at Manak Bhavan, 9 Bahadur Shah Zafar Marg, New Delhi - 110 002 (hereinafter referred to as ‘BIS’ or ‘the Bureau’) : Whereas the licensee who is engaged in the business of manufacture of ________________________________ (name the product for which licence is being obtained) outside India, has approached the Bureau for grant of BIS Certification Mark licence for use of the Indian Standard Mark on the aforesaid product, as conforming to Indian Standard _______________:________; And whereas as per the product certification scheme of BIS under which the licence is granted to the Licensee, the Bureau on being satisfied that the product manufactured by the licensee conforms to the particular Indian Standard, merely gives a licence to the licensee to use the Indian Standard Mark on such product as conforming to the Indian Standard; And whereas the responsibility of conformance to the relevant Indian Standard with respect to the product in respect of which the licence is granted is the sole responsibility of the Licensee, and in case of non-conformance, the licence is liable to be deferred or cancelled by the Bureau; And whereas the Licensee has entered into an Agreement with the Bureau in connection with the grant of the licence, wherein it is stipulated that the Licensee shall execute the present Indemnity Bond to hold the Bureau indemnified and harmless against any third party claims in respect of non-conformity of the product manufactured by the Licensee on which the Indian Standard Mark is used by the Licensee; Now therefore this Deed witnesses and it is agreed to and undertaken by the Licensee to safeguard the interests of the Bureau and to keep them harmless against any claim or demand made or proceedings initiated by any one against the Bureau in respect of non-conformity of the product manufactured by the Licensee on which the Indian Standard Mark is used by the Licensee, and indemnify the Bureau in that regard including damages, interest or cost thereof. In witness whereof this Deed has been executed at New Delhi by the aforesaid Licensee through its Authorised Representative, in the presence of witnesses. Licensee: Witnesses: 1. 2."
346,1,"Form - XI (Refer clause (c) of sub-paragraph (5) of paragraph 3 of Scheme - I) Performance Bank Guarantee (PBG) The Director General B ureau of Indian Standards Manak Bhavan 9 Bahadur Shah Zafar Marg New Delhi - 110 002 1. In consideration of Bureau of Indian Standards (hereinafter called ‘BIS’ or ‘the Bureau’) having agreed to exempt ________________________________________________ (hereinafter called ‘the Licensee’) from the demand under the terms and conditions of an agreement bearing No.____________________ dated ____________________ entered into between the Bureau and the Licensee in respect of grant of BIS Certification Mark Licence (CM/L-______________) as per IS ____ :_____ by the Bureau to the Licensee (hereinafter called “the agreement”), of security deposit for the due fulfillment by the Licensee of the terms and conditions contained in the said Agreement, on production of the bank guarantee for __________________________________, we, _____________________________ (hereinafter referred to as “the bank”) at the request of M/s______________________________ (Licensee), do, hereby, undertake to pay to the Director General of the Bureau by Cheque/ Demand Draft, on behalf of the Bureau, an amount not exceeding USD 10,000 (US Dollars ten thousand only) against any loss or damage caused to or suffered or would be caused to or suffered by the Bureau by reason of any breach by the said Licensee of any of the terms or conditions contained in the said Agreement. 3. We, ______________________________, do hereby undertake to pay the amounts due and payable under this guarantee without any demur, merely on a demand from the Bureau by reason of breach by the said Licensee of any of the terms or conditions contained in the said Agreement or by reason of the Licensee’s failure to perform the said Agreement. Any such demand made on the bank shall be conclusive as regards the amount due and payable by the Bank under this guarantee where the decision of the Bureau in these counts shall be final and binding on the bank. However, our liability under this guarantee shall be restricted to an amount not exceeding USD 10,000 (US Dollars ten thousand only). 4. We undertake to pay to the BIS any money so demanded notwithstanding any dispute or disputes raised by the Licensee in any suit or proceeding pending before any court or tribunal relating thereto, our liability under this present being absolute and unequivocal. The payment so made by us under this bond shall be valid discharge of our liability for payment thereunder, and the Licensee shall have no claim against us for making such payment. 5. We ____________________________________further agree that the guarantee herein contained shall remain in full force and effect during the period that would be taken for the performance of the said agreement and that it shall continue to be enforceable till all the dues of the Bureau under or by virtue of the said Agreement have been fully paid and its claims satisfied or discharged or till the Bureau certifies that the terms and conditions of the said Agreement have been fully or properly carried out by the said Licensee and accordingly discharges this guarantee. Unless a demand or claim under t his guarantee is made on us in writing on or before _________________, we shall be discharged from all liabilities under this guarantee thereafter. 6. We _______________________________further agree with the Bureau that the Bureau shall have the fullest liberty without our consent and without affecting in any manner our obligations hereunder"
347,1,"to vary any of the terms and conditions of the said Agreement or to extend time of performances by the said Licensee from time to time or to postpone for any time or from time to time any of the powers exercisable by the Bureau against the said Licensee and to forbear or enforce any of the terms and conditions relating to the said agreement and we shall not be relieved from our liability by reason of any such variation, or extension being granted to the said Licensee or for any forbearance, act or omission on the part of the Bureau or any indulgence by the Bureau to the said Licensee or by any such matter or thing whatsoever which under law relating to sureties would, but for this provision, have effect of so relieving us. 5. This guarantee will not be discharged due to the change in the constitution of the Bank or the Licensee. 6. We __________________ lastly undertake not to revoke this guarantee during and even after its currency except with the previous consent of the Bureau in writing. Dated: the _____ day of ____________ of ________ for __________________________Bank. Place: Signature: Name: For and on behalf of: Seal: Note: - PBG shall be issued by any Bank having Reserve Bank of India approved branch in India. Original PBG shall be endorsed and routed / forwarded through the Indian branch only. (Give the details of such RBI approved branch in India below)"
348,1,"Form - XII (Refer sub-paragraph (1) of paragraph 9 of Scheme - I) Application for Renewal of Licence Head................... Branch Office Bureau of Indian Standards Dear Sir/Madam, I/we, carrying on business at ............................................................................................. ......................................................................................................................... (Full factory and office address) apply for renewal of Licence No. CM/L - .............................granted by the Bureau under Bureau of Indian Standards Act, 2016, and the rules and regulations framed thereunder, as amended from time to time, for a further period from............................. to ................................, the conditions being the same as stipulated in the aforesaid licence and amended from time to time. 2. Details of production of goods bearing BIS Standard Mark effected under the licence are given in the report of performance placed overleaf duly authenticated by CEO/authorised signatory of our company. 3. I/We are enclosing herewith Receipt No.___________dated ________________ for ₹___________ towards the following dues: i) Renewal application fee ₹ ii) Annual licence fee ₹ per year rate iii) Marking fee calculated on unit-rate basis (item 3 of the Report overleaf) or Minimum Marking Fee, whichever is higher iv) Previous dues/other fee (as per BIS notice) if any. v) Total amount ₹ Signature Date Name Designation Seal of Firm For and on behalf of"
349,1,"Report of Performance (Paragraph 2 of Application for Renewal of Licence) (Period to be covered by the Report being ...................................... to …….......................................) Name of Product................................... Indian Standard No. ............................. Licence No. - 1. Total production of the article(s) 2. Production covered with BIS Standard Mark and its approximate value 2.1 Quantity ________ 2.2 Value (₹) ________ 3. Calculation of marking fee: 3.1 Unit __________________________ 3.2 Marking-Fee per unit __________________________ 3.3 Marking fee obtained by multiplying unit rates as at 3.2 with quantity as at 2.1 _________________________ 3.4 Minimum Marking Fee __________________________ 4. Quantity not covered with BIS Standard Mark, if any, and the reasons for such non-coverage 5. Names and addresses of all purchasers of BIS certified goods including Central Government/State Government Ministry/Department/Undertaking etc. (if applicable) 6. Month-wise production statement for the period mentioned Note: Attach separate sheet, if required"
350,1,"Form - XIII (Refer sub-paragraph (2) of paragraph 9 of Scheme - I) Attachment to Licence No. CM/L-............................. CM/L- Name of the Licensee with the Factory Name of the Product Indian Standard No. Address Endorsement No. ...... Dated .... Whereas, the licence was valid upto …………………….. , *And, whereas the renewal was deferred till …………… and licensee was not allowed to use or apply the Standard Mark from ………………. to …………………. (*Strike out, if not applicable), Now, consequent upon renewal, the validity of the licence given in schedule of the original licence/endorsement No. ….. has been extended from …………………. to ………………… Other conditions of the licence remain the same. Signature of designated authority (Name of designated authority)"
351,1,"Form - XIV (Refer sub-paragraph (1) of paragraph 10 of Scheme - I) Application for change in scope of licence Head................... Branch Office Bureau of Indian Standards Dear Sir/Madam, I/we, carrying on business at ............................................................................................. ......................................................................................................................... (Full factory and office address) apply for inclusion of new varieties mentioned as detailed below in Licence No. ...................... granted by the Bureau of Indian Standards. 2. Indian Standard No. Product Title Existing Scope of Licence Extension/Reduction in scope desired 3. Test report(s), enclosed Yes/ No/ Not Applicable 4. List of additional manufacturing machinery and/or test equipment’s required, if any 5. I/We have made the payment of ₹___________ vide Receipt No.___________dated ________________ towards the above application. Signature Date Name Designation Seal of Firm For and on behalf of Note : Attach separate sheet, if required"
352,1,"Form - XV (Refer sub-paragraph (4) of paragraph 10 of Scheme - I) Attachment to Licence No. CM/L-............................. CM/L- Name of the Licensee with the Factory Name of the Product Indian Standard No. Address Endorsement No. ...... Dated .... The following addition/deletion in the scope of licence has (have) been approved by the Bureau with effect from............................... Consequent upon the above changes, the revised scope of licence in Column (3) of the table in schedule of the Licence along with the Standard Mark in Column (1) of schedule is amended as follows : Other conditions of the licence remain the same. Signature of designated authority (Name of designated authority)"
353,1,"Scheme - II Conformity assessment scheme for Grant of licence to use or apply Standard Mark through registration based on self-declaration of conformity for goods and articles as per Indian Standard (based on scheme Type C as per Schedule-I) Scope 1. (1) Under this Scheme which is based on Type C, licence to use or apply a Standard Mark, through registration based on self-declaration of conformity, may be granted by the Bureau for goods or articles, hereinafter referred to as products, manufactured in a manufacturing premises and conforming to all the requirements of the relevant Indian Standard(s). Explanation.- For the purposes of sub-paragraph (1), manufacturing premise(s) may include such other premises, either owned by the applicant or otherwise, where a part of the manufacturing activity takes place and includes the premises where the final manufacturing activity is carried out and where Standard Mark is to be used or applied. (2) The grant of licence and its operation shall be done in accordance with the processes described under paragraph 3. Definitions 2. (1) “third party laboratory” means a laboratory established, maintained or recognised by the Bureau or Government laboratories, as the case may be, empaneled by the Bureau or any other laboratory decided by the Executive Committee of the Bureau. Processes of the Scheme 3. (1) Selection.- (a) The manufacturer shall identify that,- (i) the Indian Standard applicable for the product against which it intends to obtain a licence; (ii) the manufacturing and testing capabilities and confirm availability; (iii) the model numbers and brand-name to be used. (b) the manufacturer shall ascertain from the intended scope of the licence and sampling guidelines, the minimum number of sample(s) required for testing of the product; (c) a manufacturer may apply for grant of licence through registration based on self-declaration of conformity separately for each product in Form–I annexed to this Scheme; (d) separate application shall be made for each brand-name unless the brand-name owner is the same;"
354,1,"(e) the manufacturer shall ensure that the product has been tested for conformity against all the requirements of the Indian Standard and submit undertaking as per Form–II annexed to this Scheme and shall submit test report which is issued by third party laboratory as per the sampling guidelines available for that product; (f) the manufacturer shall submit affidavit as per Form–III A, B or C, as applicable, annexed to this Scheme to ensure conformity to sub-section (6) and (7) of section 18 and section 31 of the Act; (g) in case of foreign manufacturers an Indian representative to be nominated as per Form–IV annexed to this Scheme and the nominated Indian representative shall submit an affidavit as per Form–III A, B or C, as applicable, annexed to this Scheme to ensure conformity to sub-section (6) and (7) of section 18 and section 31 of the Act; (h) acceptance of terms and conditions of the licence. (2) Determination.- The Bureau on receipt of an application shall examine the completeness of the information given in the application and the test results of the product from the third party laboratory shall be examined for their correctness and conformance to the Indian Standard. (3) Review.- The application shall be reviewed for its completeness and the test results of the product from the third party laboratory shall be reviewed for their correctness and conformance to the Indian Standard. (4) Decision.- The decision on grant of licence through registration based on self-declaration of conformity shall be taken by the Bureau when the application submitted by the applicant indicate that the manufacturer has necessary infrastructure for manufacturing quality products on a continuous basis, the test results indicate conformity of the product to the relevant Indian Standard and the satisfactory outcome of review. (5) Attestation.- The Bureau on taking decision to grant a licence through registration based on self-declaration of conformity, a document indicating the scope of the licence, licence number, address of the manufacturer, brand-name, model numbers, validity of licence, details of the Indian Standard, facsimile of the Standard Mark shall be issued to the manufacturer in Form –V annexed to this Scheme. (6) Surveillance.- (a) The Bureau may draw samples from market or in-transit and send such samples for testing to a third party laboratory along with the test request. (b) In case drawal of market sample is not possible due to any reason, samples may be drawn from the despatch point and the Bureau may obtain feedback preferably from organised buyers."
355,1,"Complaints 4. (1) The Bureau shall acknowledge and investigate any complaint received regarding quality of the product bearing Standard Mark. (2) The actions for closure of complaint shall be completed within ninety days, excluding the testing time, where testing of the product is involved. Fee 5. (1) The application fee, annual licence fee and renewal application fee shall be rupees one thousand each. (2) The processing fee shall be rupees fifty thousand per application for grant of licence. (3) Applications with more than one test report shall be additionally charged at the rate of rupees twenty thousand for each additional test report and the fee shall be paid in advance. (4) The applicant shall pay processing fee of rupees fifty thousand at the time of renewal. (5) When renewal is applied for a period of more than two years, a fee of rupees twenty five thousand shall be charged for each additional year and fee shall be paid in advance for the validity period of the licence. (6) Concession in processing fee of twenty per cent shall be applicable to micro small and medium enterprises. Explanation.- For the purpose of this sub-paragraph, the expression micro small and medium enterprises shall have the meaning assigned to it in the Micro Small Medium Enterprises Development Act, 2006 (27 of 2006). (7) In case of application for inclusion of new varieties or models or extension of scope of licence, an amount of rupees thirty thousand shall be charged per application. (8) The cost of the samples and the testing fee of the samples drawn for surveillance or complaint investigation shall be paid by the applicant or licensee, as the case may be. (9) After grant of licence, any service requests like change in name/address/management/Indian representative or e-mail or contact details or model withdrawal in the scope of the licence, updation of critical component of the models in the scope of the licence shall be made on payment of fee of rupees five thousand for each request. Labelling and marking requirements 6. (1) Each product or the package or both shall be marked with the Standard Mark as specified in the guideline to use the Standard Mark annexed with this Scheme as Annexure-I."
356,1,"(2) The measurements of the Standard Mark shall be as specified in Annexure-II, annexed to this Scheme. (3) The colour scheme of the Standard Mark shall be in accordance with the Annexure-III, annexed to this Scheme. (4) The Standard Mark shall carry the licence number and reference to the Indian Standard in a visible manner and shall be as specified in the licence. (5) In case the licence number cannot be placed beneath the Standard Mark, it shall be suitably placed close to the Standard Mark in a linear manner. (6) The product detail, as per the requirement of the Indian Standard, which may include variety, model number, lot or batch number, date or week of manufacturing, complete address of manufacturer, shall be marked on either the product or the packaging or contained in a label attached to the product. (7) The marking details shall contain reference to the website of the Bureau so that consumer may verify the authenticity of the standard marked product. (8) If required by the Bureau, in addition to the Standard Mark, licensee shall mark either on the product or the package the words “self-declaration of conformity to” followed by relevant Indian Standard number. (9) For any specific product, additional labelling and marking requirements may be specified by the Bureau to which the licensee shall comply with. Conditions of licence 7. The conditions of licence shall be as provided in regulation 6 of these regulations. Validity of licence 8. (1) The licence to use Standard Mark shall be granted initially for two years. (2) The licence may be renewed for a further period not less than two years and up to five years. Renewal of licence 9. (1) An application for renewal of licence to use Standard Mark shall be made before three months of its expiration to the Bureau in Form –VI annexed to this Scheme. (2) The Bureau shall renew the licence in Form –VII annexed to this Scheme. (3) The renewal of licence shall be done in accordance with regulation 8 of these regulations. Change in scope of licence 10. (1) An application for change in scope of licence to use Standard Mark shall be made to the Bureau in Form –VIII A, B, as applicable, annexed to this Scheme. (2) For extension in scope of licence, application may be considered based on complete test report of the product submitted by the licensee, which is issued by third party laboratory. (3) The Bureau shall change the scope of licence in Form –IX A, B, as applicable, annexed to this Scheme."
357,1,"Suspension 11. (1) The licensee on its own shall suspend the use of the Standard Mark under intimation to the Bureau if, at any time, there is difficulty in maintaining the conformity of the product to the Indian Standard. (2) The marking may be resumed as soon as the deficiencies are removed and information of such resumption of the marking shall be sent to the Bureau immediately but not later than seven days from the date of resumption. (3) The licensee on its own shall suspend the use of the Standard Mark under intimation to the Bureau due to relocation of manufacturing unit to a new address. (4) After completion of all actions the Bureau shall be informed along with the requisite fee. (5) The revocation of suspension may be done by the Bureau after verification of the documents submitted and on deposit of requisite fee. (6) The Bureau may suspend the licence after issuing a notice of twenty one days and direct the licensee not to use Standard Mark on its product when requisite fee is not paid by the applicant. (7) The Bureau may revoke suspension issued under sub-paragraph (6) on receipt of dues. Cancellation of licence 12. (1) The Bureau shall cancel the licence in accordance with regulation 11 of these regulations. (2) If, at any time, the Bureau has sufficient evidence that the product bearing the Standard Mark may not be conforming to the relevant Indian Standard, the Bureau may cancel the licence after serving notice to the licensee. (3) The licensee or his representative shall stop the supply, import and sale of the product with the Standard Mark after the date of cancellation."
358,1,"Annexure-I (Refer sub-paragraph (1) of paragraph 6 of Scheme II) Guidelines for use of Standard Mark The monogram of the 'Standard Mark' consists of the pictorial representation, drawn in the exact style as indicated in the figure in Annexure II and III and its photographic reduction and enlargement is permitted. (i) The 'Standard Mark' can be displayed in single colour or multi-colour as per the details given below. The colour scheme for the Standard Mark to be used in multi-colour shall be used as indicated below. (ii) The licensee shall display the 'Standard Mark' on the article or the packaging, as the case may be, in a manner so as to be easily visible. (iii) The Standard Mark shall be legible, indelible and non-removable and the durability of marking shall be as per the provisions of the relevant Indian Standard, wherever applicable. (iv) The display of IS number, registration number and words shall not be less than arial font size 6. (v) Any device with an integrated display screen may present the Standard Mark electronically (e-labelling) in lieu of a physical presentation on the product."
359,1,"Annexure-II (Refer sub-paragraph (2) of paragraph 6 of Scheme II) The IS number and licence number given above are examples only. Please also refer Gazette Notification S. O. 3240(E) dated 01 December 2015, for display of IS numbers for each product."
360,1,Annexure-III (Refer sub-paragraph (3) of paragraph 6 of Scheme II) Colour Scheme for the ‘Standard Mark’
361,1,"Form- I (Refer clause (c) of sub-paragraph (1) of paragraph 3 of Scheme II) Application for grant of licence through registration based on Self – Declaration of Conformity Month DD, YYYY 1. Name of Applicant (product manufactured by): 2. Address of the manufacturing unit (product manufactured by) (attach the documents for authentication of the name and address of the manufacturing premises) Address: State / Country: Pin: Email: Tel. : [ STD Code (s) (country and area code) to be given with Telephone numbers ] Fax : [ STD Code (s) (country and area code) to be given with Fax numbers ] 3. Address of office: Address: State / Country: Pin: Email: Tel. : [ STD Code (s) (country and area code) to be given with Telephone numbers ] Fax : [ STD Code (s) (country and area code) to be given with Fax numbers ] 4. Top Management of the manufacturing unit (attach separate sheet, duly authenticated, if required): Sl. No. Name Designation 5. Technical Management of the manufacturing unit (attach separate sheet, duly authenticated, if required) : Sl. No. Name Designation"
362,1,"6. Contact Person of the manufacturing unit: Name Designation Mobile Number Landline Number e-mail ID 7. Details of Indian Representative nominated by the manufacturer: (We have a liaison office / subsidiary firm/ branch office located in India. The details are given below: OR We do not have a liaison office / subsidiary firm/branch office located in India, but Proprietor/Registered user/subsidiary firm/branch office/ liaison office of the Brand/Trademark appearing on the article is located in India. The details are given below: OR We do not have a liaison office / subsidiary firm/ branch office located in India and there is no Proprietor / Registered User/subsidiary firm/branch office/ liaison office of the Brand/Trademark appearing on the article, located in India. Therefore, we nominate the major importer/distributor/ entity having marketing tie-up with the brand owner and /or the manufacturer, as our authorised Indian representative as per details given below: ) Firm’s Name: Address of Firm: Name of signatory: Designation: E-mail ID: Mobile Number: Office telephone: 8. This application is being made for grant of licence of: (a) Indian Standard: (b) Product Category: (c) Product Name: Model Number(s) Brand Name 9. Details of previous Licence(s): Licence Number(s) Status Remarks (Expired/Cancelled/Operative/Deferred) 10. Components/ Raw Materials: List of the components / raw materials tested and accepted as per the requirements specified in the Indian Standard with the arrangement for testing and acceptance of components / raw material is placed below (attach separate sheet, duly authenticated, if required) : Object/Part Manufacturer/Brand Model No. Technical Standard for Mark(s) of Name Data/Rating testing Conformity"
363,1,"11. Manufacture – Does the manufacturing unit have complete manufacturing facility for the product and its models and series for which the licence is applied for? : Yes / No (In case ‘No’, provide details of manufacturing processes outsourced) 12. Testing - Does the manufacturing unit have complete testing facility installed in-house for ascertaining the conformity of product as per Indian Standard? : Yes / No (In case ‘No’, provide details of the tests for which there is no in-house test facility and how these tests are arranged) 13. Details of test report(s) of the product for which the licence is applied for: Sl. No. Name of Test Report No. Date of Issue of Model Number Brand Laboratory Test Report 14. Payment Details: Amount in Rs. Payment Gateway Date of payment Remarks receipt number receipt 15. Declaration and Acceptance (a) Brand Name(s) Brand Owned by self or Is the Brand Name/Trade Mark Date of Names/Trademark(s) others* Registered? Registration/ which would be marked Introduction on the product bearing the i. Registered in India licence (Give actual ii. Registered outside India design depiction of the iii. Applied for Registration Brand Name/Trade iv. Unregistered Mark(s) Copy of Brand registration certificate shall also be provided. *In case Brand Names/Trademark(s) being used for above purpose is owned by any other organisation (other than the manufacturer/applicant), also give the copy of the agreement/ authorisation from the brand owner allowing manufacturer to use its brand. (b) Terms and Conditions I/We, on grant of Licence,: (i) shall ensure that the design of Standard Mark shall be identical to the facsimile given in the licence. (ii) shall comply that photographic enlargement or reduction of the Standard Mark may also be used, unless otherwise specified by the Bureau. (iii) shall at all times comply with the provisions of Act, rules and regulations framed there under and as amended from time to time. (iv) shall provide the list of distributors, dealers or retailers to whom goods or articles with Standard Mark is supplied. (v) shall be responsible for the conformity of the goods, article, process, system or service to the Indian Standard in relation to which Standard Mark is used or applied."
364,1,"(vi) shall bear the cost of sample(s) drawn and their testing fee as directed by the Bureau/Central Government. (vii) shall not use the Standard Mark in relation to goods, articles, process, system or service which are non –conforming or outside the scope of the licence. (viii) shall comply with the provisions of the conformity assessment scheme under which licence is granted, including labelling and marking requirements. (ix) shall ensure that the Standard Mark is not used or applied in relation to any goods, article, process, system or service and supply, import and sell with the Standard Mark during suspension or after expiry/ cancellation of the licence. (x) shall ensure to stop the supply and sale of non-conforming goods or articles and recall the non- conforming goods or articles that have already been supplied or offered for sale and bear such mark from the market or any such place from where they are likely to be offered for sale or prohibit to provide the service. (xi) shall ensure that where we or our representative has sold goods, articles, processes, system or services, which bear a Standard Mark or any colourable imitation thereof, which do not conform to the relevant standard, the Bureau shall direct us or our representative to— (a) repair or replace or reprocess the standard marked goods, article, process, system or service in a manner as may be specified; or (b) pay compensation to the consumer as may be prescribed by the Bureau; or (c) compensate the consumer for the injury caused by such non-conforming goods, article, process, system or service in such manner as may be prescribed. (xii) shall provide the Bureau all assistance in connection with carrying out inspection or audit at its premises. (xiii) shall provide information relating to production and use or applying of Standard Mark as and when it is required by the Bureau. (xiv) shall pay all financial dues to the Bureau and/or the Central Government, in the manner specified by it. (xv) shall ensure that, if a complaint regarding quality of a product bearing Standard Mark is established, we will take suitable corrective actions so as to eliminate recurrence of such complaints in future. (xvi) acknowledge that the Bureau shall have the right to amend any of the conditions of licence by giving a notice of not less than one month to the licensee. (xvii) undertake to inform BIS regarding any change in the name/management, location, contact details, authorised representative, critical component of any model in scope of licence within twenty one days of such change. (xviii) undertake to inform Bureau of Indian Standard In advance as and when we propose to use any other Brand Names/Trademark (s) in conjunction with the operation of the registration scheme. (xix) understand that the information on brand name as at 15(a) has been given only as information to Bureau of Indian Standards, that Bureau of Indian Standard has no role in permitting/approving of any Brand Name of Trade Mark, that this shall not in any way be interpreted to mean that Bureau of Indian Standards has permitted/approved the use of the Brand Names and Trade Marks listed above, and that the responsibility is entirely mine/ours. (xx) shall implement the revision and amendments to the relevant Indian Standards, as and when directed by BIS. (xxi) shall ensure to abide by Act, rules and regulations update and follow the guidelines and circulars issued by BIS from time to time. (xxii) undertake to ensure that the representative nominated by us will not engage with any other activity of BIS or related to BIS, for example, testing of samples, involving himself in the activities of laboratories recognised by BIS, undertaking market surveillance etc. or any other activity which may involve conflict of interest under this Scheme of BIS. (xxiii) In case, it is detected at any stage that the Indian representative is engaged in any of the above mentioned activities or any other activity related to BIS functions that involve conflict of interest,"
365,1,"the registration awarded is liable to be cancelled. Such Indian representative would be blacklisted/debarred to undertake any activity related to BIS. (c) Declaration: I/We further declare i) That the information given in this declaration are true to the best of my knowledge and belief. ii) That the sample(s) for which the test report(s) are enclosed have been manufactured in my factory premises at the address mentioned at S. No. 2 in this application form. iii) If any misleading information has been found in this declaration, the application for grant of licence shall be liable for rejection. iv) If the licence is granted on the basis of information given above, which is found to be incorrect later, the licence shall be liable for cancellation. Date: Place: Seal of the Manufacturer Signature ______________________ Name__________________________ Designation_____________________ Date of application_______________ Important: Application should be signed by Chief Executive Officer of the manufacturer producing goods (product manufactured by) or his authorised representative in the manufacturing unit (enclose letter of authorisation). Counter signature of authorised Indian representative (in case of Application from Foreign Manufacturer): (I have read the terms and conditions and declaration mentioned above and I accept and agree to abide by the same.) Name of the organisation, if Branch / Liaison Office is established /Brand Owner/ Any third party nominated as authorised Indian representative: __________________________________________ Name and Designation of authorised signatory: Signature and Date_________________ Address: ________________________ Telephone No.:____________________ Mobile No.: ______________________ Email: __________________________"
366,1,"Form - II (Refer clause (e) of sub-paragraph (1) of paragraph 3 of Scheme II) Undertaking (To be issued on company letter head) Name and Address of Manufacturer: Product Name: Trade/Brand Name: For conformity to Indian Standard: Application ID/Inclusion ID/CCL ID/Switchover ID: -------------------------------------------------------------------------------------------------------------------------- We, ________(Name of Manufacturer), have applied to BIS for grant of licence for self-declaration of conformity on above product(s). We, as the responsible party for regulatory compliance, declare under sole responsibility that the described product is in conformity with IS_______. Further, the Test Report No. __________dated __________issued by ____________(Name of BIS recognised lab) submitted by us along with the application for grant of licence/inclusion for Model No.(s)____________ product ___________has been perused by us thoroughly clause by clause against IS _____________or each requirement. We certify that; i) The test report covers the test results/conformity assessment for all applicable requirement of the above Indian Standards ii) The test results for each requirement of the standard covered in each clause/sub-clause of the standard has been verified by us independently and found to be within the limits/meeting the requirements prescribed in the standard. We agree that if any anomaly is found in the test report submitted by us to BIS for licence at any time after grant of licence, then the licence so granted to us on the basis of the test report and this undertaking would be liable to be cancelled by BIS. Signature and Seal: Name (Applicant/authorised representative of Indian entity filling application) Date: Place:"
367,1,"Form - III A (Refer clause (f) of sub-paragraph (1) of paragraph 3 of Scheme II) Model Affidavit Cum Undertaking (To be furnished by Manufacturer’s Branch Office/Liaison Office located in India, before Grant of Licence) (On Rs 100/- non-judicial stamp paper, duly notarised) I, ………………………., aged about ……… years, by occupation CEO/MD/Proprietor/authorised employee (designation…………..) of M/s …………………………… (the liaison office / subsidiary firm/ branch office, in India), having its Registered Office/Head Office at …………………… (address in India), do hereby solemnly affirm and declare as under: 1. That M/s………………(the liaison office /subsidiary firm/ branch office, in India) has been set up in India by M/s ……………………(foreign applicant) having its factory/manufacturing address at ……………………………… (address of foreign applicant) for the purpose of grant of licence applied under Application ID/ licence No.:_____________ and compliance to sub-section (6) and (7) of section 18 and section 31 of the Act. 2. That I have been duly authorised to give this affidavit cum undertaking (authorisation appended herewith). 3. That M/s ……………………………… (the liaison office / subsidiary firm/ branch office, in India) does hereby undertake to meet all liabilities and obligations with respect to the BIS Act, 2016, and the rules and regulations framed there under, on behalf of M/s ……..…………………………… (foreign applicant) for the purpose of all licence granted / to be granted by BIS. M/s ……………………………… (the liaison office / subsidiary firm/branch office, in India) further undertakes that this undertaking shall not be revoked during the operation of any of the licence without prior consent of the Bureau. 4. That without prejudice to the generality of the foregoing declaration, M/s………………………. …..……………………………… (the liaison office / subsidiary firm/ branch office, in India) accepts and undertakes to be responsible for compliance of all terms and conditions of the licence and to be liable to meet all outstanding financial dues to BIS that may arise at any stage in connection with any of the licence. 5. That M/s ……………………………… (the liaison office / subsidiary firm/branch office, in India) accepts and undertakes full liability in case of violation of any provision of the Act, rules and regulations framed thereunder, arising out of any act or omission on the part of the foreign applicant."
368,1,"6. That I declare that M/s ……………………………… (the liaison office / subsidiary firm/ branch office, in India) has no commercial or business relationship with any laboratory affecting the interest of BIS and that it will not engage in any activity that is in conflict with the interest of BIS in general and i fully understand that any violation of this may lead to cancellation of the licences, apart from other actions as per law. 7. That M/s ……………………………… (the liaison office / subsidiary firm/ branch office, in India) as well as the undersigned i.e. deponent, undertake to fully indemnify BIS from any loss arising out of any of the licences granted / to be granted, jointly and severally, on behalf of the foreign applicant. In witness whereof, I do hereby sign and execute this affidavit cum undertaking on this the ……..day of ………., 20….. Signed, sealed and delivered by the above named. (Deponent) (Signature with seal and stamp) (Signature, stamp and seal of Notary Public)"
369,1,"Form - III B (Refer clause (f) of sub-paragraph (1) of paragraph 3 of Scheme II) Model affidavit cum undertaking (to be furnished by the brand owner; or proprietor/registered user /subsidiary firm/ liason office of brand/trademark; or any other entity located in India, before grant of licence) (On rupees one hundred only non-judicial stamp paper, duly notarised) I, ………………………., aged about ……… years, by occupation CEO/MD/Proprietor/authorised employee (designation…………..) of M/s …………………………… (the nominated Company/Firm/Proprietorship in India), having its Registered Office/Head Office at …………………… (address in India), do hereby solemnly affirm and declare as under: 1. That M/s…………………………… (foreign applicant) having its factory/manufacturing address at …………………… (address of foreign applicant) has nominated M/s …………………………… (the nominated Company/Firm/Proprietorship in India) as its authorised representative located in India for the purpose of grant of licence of its article…………………………….(details of article along with brand and Indian Standard concerned) as applied under Application ID/ licence No.:_____________ and compliance to sub- section (6) and (7) of section 18 and section 31 of the Act. 2. That I have been duly authorised to give this affidavit cum undertaking (authorisation appended herewith). 3. **That I hereby declare that M/s ……………………………… (the nominated Company/Firm/Proprietorship in India) is the Brand Owner/Proprietor/Registered User/subsidiary office/ liaison office of the Brand/Trademark appearing on said article. OR **That I hereby declare that M/s ……………………………… (the nominated Company/Firm/Proprietorship in India) is the major importer/distributor/ entity having marketing tie-up with the brand owner and /or the manufacturer of the said article. 4. That M/s ……………………………… (the nominated Company/Firm/Proprietorship in India) does hereby unconditionally accept the nomination and give consent to be responsible for compliance to the provisions of the Act, rules and regulations framed thereunder, on behalf of M/s …………………………… (foreign applicant) for the purpose of Registration of the said article(s)."
370,1,"M/s ……………………………… (the nominated Company/Firm/Proprietorship in India) further undertakes that this consent shall not be revoked during the operation of the licence without prior consent of the Bureau. 5. That without prejudice to the generality of the foregoing declaration, M/s ……………………………… (the nominated Company/Firm/Proprietorship in India) accepts and undertakes to be responsible for compliance of all terms and conditions of the Registration and to be liable to meet all outstanding financial dues to BIS that may arise at any stage in connection with the licence. 6. That M/s ……………………………… (the nominated Company/Firm/Proprietorship in India) accepts and undertakes full liability in case of violation of any provision of the Act, rules and regulations framed thereunder, arising out of any act or omission on the part of the foreign applicant. 7. That I declare that M/s ……………………………… (the nominated Company/Firm/Proprietorship in India) has no commercial or business relationship with any laboratory affecting the interest of BIS and that it will not engage in any activity that is in conflict with the interest of BIS in. I fully understand that any violation of this may lead to cancellation of the licence, apart from other actions as per law. 8. That M/s ……………………………… (the nominated Company/Firm/Proprietorship in India) as well as the undersigned i.e. deponent, undertake to fully indemnify the BIS from any loss arising out of the licence to be granted, jointly and severally, on behalf of the foreign applicant. In witness whereof, I do hereby sign and execute this affidavit cum undertaking on this the ……..day of ………., 20….. Signed, sealed and delivered by the above named (Deponent) (Signature with seal and stamp) (Signature, stamp and seal of Notary Public) ** Strike off whichever is not applicable."
371,1,"Form - III C (Refer clause (f) of sub-paragraph (1) of paragraph 3 of Scheme II) Model affidavit cum undertaking (To be furnished by Manufacturer located in India, before Grant of Licence) (On Rs 100/- non-judicial stamp paper, duly notarised) I, ………………………., aged about ……… years, by occupation CEO/MD/Proprietor/authorised employee (designation…………..) of M/s ……………………………, having its Registered Office/Head Office at ………………… (complete address) and manufacturing unit located at …………………………………………(complete address), do hereby solemnly affirm and declare as under: 1. That I have been duly authorised to give this affidavit cum undertaking (authorisation appended herewith) for Application ID/licence No.: _______________. 2. That M/s ……………………………… does hereby undertake to meet all liabilities and obligations with respect to the sub-section (6) and (7) of section 18 and section 31 of Act, for the purpose of all licence granted / to be granted by BIS. M/s ……………………………… further undertakes that this undertaking shall not be revoked during the operation of any of the registrations without prior consent of the Bureau. 3. That without prejudice to the generality of the foregoing declaration, M/s……………………………… accepts and undertakes to be responsible for compliance of all terms and conditions of the registrations and to be liable to meet all outstanding financial dues to BIS that may arise at any stage in connection with any of the licence. 4. That M/s ……………………………… accepts and undertakes full liability in case of violation of any provision of the Act, rules and regulations framed thereunder, arising out of any act or omission. 5. That I declare that M/s ……………………………… has no commercial or business relationship with any laboratory affecting the interest of BIS and that it will not engage in any activity that is in conflict with the interest of BIS in general and the Compulsory Registration Scheme in particular. I fully understand that any violation of this may lead to cancellation of the licences, apart from other actions as per law."
372,1,"6. That M/s ……………………………… as well as the undersigned i.e. deponent, undertake to fully indemnify BIS from any loss arising out of any of the licences granted / to be granted, jointly and severally. In witness whereof, I do hereby sign and execute this affidavit cum undertaking on this the ……..day of ………., 20….. Signed, sealed and delivered by the above named. (Deponent) (Signature with seal and stamp) (Signature, stamp and seal of Notary Public)"
373,1,"Form - IV (Refer clause (g) of sub-paragraph (1) of paragraph 3 of Scheme-II) Nomination of Authorised Indian Representative (To be issued on company letter head, in original) 1. I, ………………………., CEO/MD/Proprietor/authorised employee (designation…………………….) of M/s …………………………… (foreign applicant) having its manufacturing unit at …………………… (complete address), hereby declare that * (a) M/s………………………………… (foreign applicant) have a liaison office / subsidiary firm/ branch office M/s …………………located at ……………..(complete address in India). OR * (b) M/s…………………………… (foreign applicant) do not have a liaison office /subsidiary firm/ branch office located in India, but Proprietor/Registered user/subsidiary firm/liaison office of the Brand/Trademark appearing on the article is located in India by the name and Title M/s …………………... at …………………(complete address of brand owner). OR * (c) M/s…………………………… (foreign applicant) do not have a liaison office / subsidiary firm/ branch office located in India and there is no Proprietor / Registered User/subsidiary firm/branch office/ liaison office of the Brand/Trademark appearing on the article, located in India. Therefore, we nominate the major importer/distributor/ entity having marketing tie-up with the brand owner and /or the manufacturer, as our authorised Indian representative. 2. Accordingly, M/s …………. , referred above, will act as our authorised representative, and will sign Affidavit cum undertaking (Form–III A / Form–III B) and other documents relating to registration. * Strike off whichever is not applicable. Yours faithfully, Details of Authorised Indian Representative: Signature of applicant M/s …………………. Name: Address: Designation:"
374,1,"Phone: Address: E-mail: Phone: Date: E mail: Application ID/licence No.: ___________ Date: Enclosures: As given overleaf Documents to be submitted in case I. 1 (a) is applicable (i) Certificate issued by the Registrar of Companies or any other relevant document from Government/Statutory Authorities which establish proof of its liaison office or branch office in India (ii) Affidavit cum undertaking (on rupees one hundred only non-judicial stamp paper, duly notarised) from the CEO/MD/authorised employee of said liaison office/branch office as per Form–III A along with the authorisation letter mentioned at 2 of Form–III A. OR II. 1 (b) is applicable i) Document establishing the nominee as the Brand Owner or Proprietor/Registered User/ subsidiary firm/liaison office of the Brand/Trademark in question; ii) Document authenticating the identity of the nominee (such as Certificate issued by Registrar of Companies, etc); and iii) An affidavit cum undertaking (on rupees one hundred only non-judicial stamp paper, duly notarised) from the said Brand Owner or Proprietor/ Registered User/ subsidiary firm/liaison office of the Brand/Trademark located in India or its CEO/MD/authorised employee, as per Form–III B along with the authorisation letter mentioned at 2 of Form–III B. OR III. 1 (c) is applicable i) Document establishing legal status of the entity (Company, Firm, or Proprietorship) as the such as Certificate issued by Registrar of Companies, Registered Partnership Deed, etc; ii) Document establishing the entity as the major importer/distributor/ entity having marketing tie- up with the brand owner and /or the manufacturer."
375,1,"iii) Declaration from Brand owner that they do not have Proprietor/ Registered User/ subsidiary firm/liaison office of the Brand/Trademark located in India and that the nominated representative is the major importer/distributor/ entity having marketing tie-up with the brand owner. iv) An affidavit cum undertaking (on rupees one hundred only non-judicial stamp paper, duly notarised) by the CEO/MD/authorised employee of the said entity located in India, as per Form– III B along with the authorisation letter mentioned at 2 of Form–III B."
376,1,"Form - V (Refer sub-paragraph (5) of paragraph 3 of Scheme-II) Our Ref: Date: Subject : Licence document MANUFACTURING UNIT : <Name of Manufacturer> <Complete address of manufacturer> <e-mail of manufacturer> <Contact number of manufacturer> Dear Sir, 1. With reference to your Application, we are pleased to inform you that it has been decided to grant you licence through registration based on self-declaration of conformity as per details given below: Product : Is No : Brand : Model(S) : Manufacturing Address : 2. The licence is being granted to the unit located at the address and for the brand and models mentioned at serial no 1 above. 3. The number assigned to this licence is R-<R-Number> which has been made operative from <Registration Date> and is valid upto <Valid upto date> and licence number should invariably be referred to in your future correspondence. 4. The rights and privileges under the licence shall not be exercised by any other factory / organisation at any other location and in the event of shifting of the manufacturing machinery from the registered premises to some other place use of the licence number shall be stopped and BIS shall be informed. 5. The licensee shall comply with the provisions of the Act, rules and regulations framed thereunder and as amended from time to time."
377,1,"6. The licensee shall follow the guidelines for the use of Standard Mark and labeling requirements as per Annexure. 7. The licensee shall not use the licence in any manner which contravenes the provisions of Act, rules and regulations framed thereunder and as amended from time to time. 8. Upon expiry of validity, stoppage or suspension or cancellation of licence, the licensee shall discontinue forthwith the self-declaration of conformity to the relevant Indian Standard(s) and withdraw all promotional and advertising matter which contains any reference thereto. 9. *As per the declaration, <Name of person and designation/Name of entity and address>, is authorised representative and any intended change in the name of the Indian representative ought to be brought to our notice immediately along with requisite fee and document. 10. For renewal of licence, the licensee shall have to apply to BIS three months in advance before expiration of the licence and application form for renewal is available on BIS website. 11. The licence is not transferable. Thanking you, Yours faithfully, (<Name of the Officer>) <Designation> * Applicable to foreign manufacturers."
378,1,"Form - VI (Refer sub-paragraph (1) of paragraph 9 of Scheme II) Application for Renewal of Licence (To be issued on company letter head) The Director General Bureau of Indian Standards New Delhi Dear Sir, I/We _____________________________________________;(Name of manufacturing unit) having office at _________________________ and factory at___________________________________ 1. We are applying for renewal for a period of five years of the licence number R-XXXXXXXX granted to us under clause (b) of sub-section (2) of section 13 of the Act for use of Standard Mark on articles being manufactured by us conforming to this Indian Standard. 2. We shall abide by the provisions of the Act, rules and regulations framed thereunder as amended from time to time and all the terms and conditions for continuing with the licence. 3. The details and quantity of article covered under the licence are given overleaf, duly self-attested by the Chief Executive Officer/ Authorised person of the manufacturing unit. 4. Payment Details: Amount in Payment Gateway Date of payment Remarks Rs. receipt number receipt 5. Application date _____day of _____________two thousand _____________ Seal of office: Signature (CEO/Authorised person of manufacturing unit)__________________ Name_________________ Designation____________ Counter signed by the Indian Representative: Name of Signatory_________________________ Designation____________ Firm’s Name_____________________ Address_____________ Email:_________ Mobile No.: _______________________________ Telephone/landline No.: ____________ Note: Renewal application shall be submitted before three months of the expiration of the licence."
379,1,"Production Report (Attachment to Form VI) (To be issued on company letter head) (Reported for the period *…………………….. to ………………………...) [*i) from date of grant of licence to three months before validity date (for first renewal); ii) for the period three months before the last validity date to three months before the current validity date(for subsequent renewals)] 1. Name of Licensee: 2. Licence No. 3. Name of Article (Product): 4. IS No. : 5. Model Number and Brand Name of the article under scope of the licence: 6. Quantity marked (in numbers) with Standard Mark: 7. Names and addresses of major distributors/ dealers/purchasers of the article: Declaration I/We further declare (i) That the information given in this declaration are true to the best of my knowledge and belief. (ii) If any misleading information has been found in this declaration, the application for renewal of licence shall be liable for rejection which may lead to expiry/cancellation of licence. (iii) If the renewal of licence is granted on the basis of information given above, which is found to be incorrect later, the licence shall be liable for cancellation. Seal of office: Signature (CEO/Authorised person of manufacturing unit) __________________ Name_________________ Designation____________ Counter signed by the Indian Representative: Name of Signatory_________________________ Designation____________ Firm’s Name______________________________ Address_____________ Email: ___________________________________ Mobile No.: ______________________________ Telephone/landline No.: ____________"
380,1,"Form - VII (Refer sub-paragraph (2) of paragraph 9 of Scheme II) Our Ref: Dated: ID: Subject : Renewal of licence R-<R-number> as per IS <IS number> M/s <Name of the manufacturing unit> <Address of manufacturing unit> Sir/ Madam, With reference to your application dated <hard copy receipt date> for renewal of the above mentioned licence; this is to inform you that the same has been renewed from <One day after Previous valid upto date> to <Valid upto date>. It may be noted that the said licence granted under clause (b) of sub-section (2) of section 13 of the Act shall lapse at the end of the period for which it is granted unless renewed or its renewal is deferred. You are, therefore, requested to apply for next renewal to BIS at least three months before the expiration of the licence. Yours faithfully, Yours faithfully, (Name of officer) (S.K.SAHANA) <Designation> Scientist-E(Reg.Deptt.) Telefax : +91-11-2323 0856"
381,1,E-mail:registration@bis.org.in Form - VIII A (Refer sub-paragraph (1) of paragraph 10 of Scheme II) Application for Inclusion/Withdrawal of Model(s) from scope of licence (To be issued on company letter head) 1. Licence No. : 2. Name of Licensee: 3. Address of Licensee: 4. IS No.: 5. Product: 6. Brand: 7. Valid upto: 8. Models covered in scope of licence: 9. Inclusion/Withdrawal ID: 10. Models to be included in scope/ withdrawn from scope/ updation of critical component list: 11. Details of test report(s) of the product for inclusion/updation of critical component list applied for: Sl. No. Name of Test Report No. Date of Issue of Model Number Brand Laboratory Test Report 12. Payment Details: Amount in Rs. Payment Gateway Date of payment Remarks receipt number receipt
382,1,"13. Manufacture – Does the manufacturing unit have complete manufacturing facility for the product and its models and series for which the licence is applied for? : Yes / No (In case ‘No’, provide details of manufacturing processes outsourced) 14. Testing - Does the manufacturing unit have complete testing facility installed in-house for ascertaining the conformity of product as per Indian Standard? : Yes / No (In case ‘No’, provide details of the tests for which there is no in-house test facility and how these tests are arranged) Date: Place: Seal of the Manufacturer Signature ______________________ Name__________________________ Designation_____________________ Date of application_______________ Important: Application should be signed by Chief Executive Officer of the manufacturer producing goods (product manufactured by) or his authorised representative in the manufacturing unit (enclose letter of authorisation). Counter signature of Authorised Indian Representative (in case of Application from Foreign Manufacturer): Name of the Organisation, if Branch / Liaison Office is established /Brand Owner/ Any third party nominated as Authorised Indian representative: __________________________________________ Name and Designation of authorised signatory: ___________________________________________ Signature and Date___________________ Address: _________________________ Telephone No.:____________________ Mobile No.: ______________________ Email: ________________________"
383,1,"Form - VIII B (Refer sub-paragraph (1) of paragraph 10 of Scheme II) Application for change of other details in the licence (To be issued on company letter head) Application form for intimating A. Request for the changes as per details below (Please tick the appropriate) 1. Change in name of unit Yes No proof of change of name to be (pl see col B below) mandatorily submitted 2. Change in address Yes No proof of change of address to (pl see col C1 and C2 below) be mandatorily submitted 3. Change in management composition Yes No proof of change of (pl see col D below) management to be mandatorily submitted along with the affidavit and nomination , if applicable 4. Division of the firm Yes No proof of change of division to (pl see col E below) be mandatorily submitted 5. Merger or extension of facilities Yes No proof of change of merger to be mandatorily submitted (pl see col F below) 6.Whether submitted for all the registrations in the premises Yes No Should be submitted for all the registrations together 7. Change in authorised Indian representative Yes No Should be submitted for all the registrations together 8. Any other service Yes No Should be submitted for all the registrations together All Existing Registration Numbers: A. Old unit name and address B. New manufacturing unit details:"
384,1,Manufacturing unit name: (please enclose copy of proof of change) C1. New office details: (please enclose copy of proof of change) Address 1: Address 2: Address 3: City State: Pin Code: Country: e-mail Id: Ph. No.: C2. New factory details: (please enclose copy of proof of change) Address 1: Address 2: Address 3: City State: Pin Code: Country: e-mail Id: Ph. No.: D. Change in management composition: (Name of new CEO/MD/Partners) Name 1: Name 2: Name 3: E. Division of the firm (please specify the nature of change and submit applicable supporting documents) F. Merger or extension of facilities (please specify the nature of change and submit applicable supporting documents)
385,1,"G. Payment details: Amount in Rs. Payment Gateway Date of payment Remarks receipt number receipt H. Declaration: I hereby declare and agree: 1. That all the information given in this form are true, correct, updated and no information has been withhold/concealed in this respect. 2. In case of information is found to be false/incomplete/misleading Bureau of Indian Standards (BIS) shall reserve the rights to reject my request for change of status in case of deficiencies are not cleared by me. 3. There has been no other change than the changes indicated above. 4. I understand that licence numbers are not transferable and shifting of factory is only allowed. 5. I understand it is my responsibility to inform BIS in case of subsequent change of status of the company as may be required by BIS. 6. I undertake that there is no change in the manufacturing process/components/manufacturing machinery, test equipments.* 7. I hereby certify that I am authorised to verify and sign this declaration. Name of CEO/MD/Partners Signature Authorised Signatory *(in case there is change kindly provide additional information to BIS separately) Please note: Use this form to notify BIS of any updates to information. This form is available at http://crsbis.in/BIS/. All changes must be informed to BIS immediately. Please note that BIS will not be able to process changes to legal entity addresses or that are not accompanied by supporting documents and application form with an original signature."
386,1,"Form – IX A (Refer sub-paragraph (3) of paragraph 10 of Scheme-II) Our Ref: Date: Inclusion Id: <Incl. ID> Subject :Inclusion of Additional Model(s) Manufacturing unit : <Name of Manufacturing unit> <Address of manufacturing unit> <e-mail ID> <Telephone No.> Dear Sir, 1. This has reference to your request for inclusion of models of ‘<Product Name>' as per IS <IS Number> in licence No. R-<R-Number> already granted to you which is valid upto <Valid upto date>. 2. It is intimated that the additional Models as per details given below have been agreed to be included in your scope of licence. R-<R-Number> w.e.f. <Endorsement Date>: Product <Product Name> IS No. IS <IS Number> Brand <Brand Name> Inclusion of Additional Models (w.e.f. <Models granted for Inclusion> < Endorsement Date>) Factory Address <Address of manufacturing unit> 3. Other terms and conditions of the licence shall remain same. 4. This letter is being issued with the approval of competent authority. Kindly acknowledge the receipt of this letter. Thanking you, Yours faithfully, (<Name of Officer) <Designation>"
387,1,"Form – IX B (Refer sub-paragraph (3) of paragraph 10 of Scheme II) Our Ref: Dated: Subject: Change in __________________ MANUFACTURING UNIT: <Name of Manufacturing unit> <Address of manufacturing unit> <e-mail ID> <Telephone No.> Dear Sir, This has reference to BIS licence(s) held by your company as given in the table below and further reference to your request regarding change in ____________________:. On the basis of documents submitted by the firm, the following changes have been made in the scope of licence: Licence No. Service Request Old details New details Date of decision Other terms and conditions of the licence remain the same. Thanking you, Yours faithfully, (<Name of Officer) <Designation>"
388,1,"Scheme - III Conformity assessment scheme for Grant of licence to use Standard Mark or certificate of conformity for management system as per Indian Standard (based on scheme Type ‘G’ as per Schedule-I) Scope 1. (1) Under this Scheme which is based on Type ‘G’, a person may be granted - (a) licence to use Standard Mark for demonstration of conformity of system (s) to all requirements of the relevant Indian Standard(s); (b) certificate of conformity for demonstration of conformity to specified requirement given in standard(s) or part of standard or essential requirement, as applicable. (2) The grant of licence or certificate of conformity and their operation shall be done in accordance with the processes provided under paragraph 3 of this Scheme. Definitions 2. (1) “audit” means systematic, independent and documented process for obtaining audit evidence and evaluating it objectively to determine the extent to which the audit criteria are fulfilled; (2) “audit criteria” means set of policies, procedures or requirements used as a reference against which audit evidence is compared; (3) “audit evidence” means records, statements of fact or other information which are relevant to the audit criteria and verifiable; (4) “certification audit” means audit carried out independently for the purpose of certifying the client’ management system. Processes of the Scheme 3. (1) Selection.-(a) For grant of licence or certificate of conformity, an applicant may apply in the Form-I annexed to this Scheme, to the Bureau; (b) every applicant shall make separate application for different Management Systems in the Form-I along with necessary documents and fee as specified in paragraph 5; (c) the applicant shall be responsible for the conformity of the Management System to the relevant Indian Standard for which the licence or certificate of conformity is applied for;"
389,1,"(d) the Bureau may require evidence to be produced by the applicant that the Management System in respect of which a licence or certificate of conformity has been applied for conform to the relevant Indian Standard; (2) Determination.- (a) The Bureau may call for required documents or any supplementary information or any documentary evidence from the applicant in support of or to substantiate any statement made in the application, within such time as may be directed by the Bureau and non-compliance with such direction may result in the application being summarily rejected by the Bureau; (b) if the document or information or evidence furnished by the applicant is found to be satisfactory, the application may be processed for grant of licence or certificate of conformity; (c) the applicant shall, within reasonable time, arrange for certification audit of the premises as prescribed by Bureau from time to time to ascertain whether the Management System conform to the relevant Indian Standard and the applicant shall provide all reasonable facilities to the auditor; (d) audit report shall be prepared and any inadequacy observed during the audit shall be communicated in writing to the applicant; (e) the Bureau may require the applicant to carry out such alteration or addition on the basis of scrutiny of documents or on the basis of audit carried out; (f) (i) an application which is not complete in all respect or does not conform to the requirements of sub-paragraphs (1) and (2) of paragraph 3 shall be rejected by the Bureau; (ii) before rejecting an application under clause (a), the applicant shall be given an opportunity to remove, within thirty days of the date of receipt of relevant communication from the Bureau, such objections as may be indicated by the Bureau; (iii) the Bureau may, on sufficient reason being shown, extend the time for removal of objections by such further time, not exceeding thirty days, as the Bureau may consider fit to enable the applicant to remove such objections. (3) Review.- The audit report shall be reviewed for its correctness and conformity to the relevant Indian Standard and other requirements, if any. (4) Decision.- The decision on grant of licence or certificate of conformity shall be taken by the Bureau,- (a) on payment of fee as specified in sub-paragraphs (1) of paragraph 5 of this Scheme; and (b) if the Bureau is satisfied that the applicant has implemented the Management System requirements as per the relevant Indian Standard and having established the evidence of conformity through certification audit as per the relevant Indian Standard."
390,1,"(5) Attestation.- The Bureau on taking decision to grant a licence or certificate of conformity to the applicant in Form-III or IV annexed to this Scheme, as the case may be, indicating the details of information provided in the licence or certificate of conformity as prescribed by the Bureau and it shall indicate the licence or certificate of conformity number, address of the applicant, validity, details of the Indian Standard and the designated Standard Mark given in paragraph 6. (6) Surveillance.- Upon grant of licence or certificate of conformity, Bureau may carry out surveillance audits. Complaints 4. (1) The Bureau shall acknowledge and investigate any complaint received regarding conformance of the system to the Indian Standard or specified requirements. (2) The actions for closure of complaint shall be completed within ninety days. (3) If complaint is established and holder of licence or certificate of conformity has indulged in any of the activity leading to establishment of any of the conditions specified in sub-paragraph (1) of paragraph 12 of this Scheme, licence or certificate of conformity may be cancelled. Fee 5. (1) Every application for grant of licence or certificate of conformity shall be accompanied by application fee specified in Annexure-1 annexed to this Scheme. (2) The fee specified in Annexure-1 shall be payable before grant of licence or certificate of conformity or re-certification, as the case may be. (3) In case of cancellation or suspension of licence or certificate of conformity, fee shall not be refunded. Labelling and Marking requirements 6. (1) The Standard Mark in relation to this Conformity Assessment Scheme shall be of such design and contain such particulars as may be specified by the Bureau for each Management System and shall be used in a manner specified by the Bureau. (2) The design of Standard Mark, whenever used in relation to the Management System covered under this conformity assessment scheme, shall be as specified in Annexure – II, annexed to this Scheme; (3) The dimensions of the standard mark shall be as specified in Annexure III or IV annexed to this Scheme, as applicable, (4) The photographic reduction and enlargement of the Standard Mark as specified in Annexure- II, is also permitted."
391,1,"Conditions of Licence or certificate of conformity 7. (1) The holder of licence or certificate of conformity shall,- (a) at all times, remain responsible for conformance of the system in respect of which licence has been granted; (b) not use the licence in any manner which in the opinion of the Bureau may be misleading or use or apply the Standard Mark in any manner not permitted by the Bureau; (c) upon expiry of its period of validity, suspension or cancellation of the licence, discontinue its use forthwith and withdraw all promotional and advertising material which contains any reference thereto; (d) return the licence document to the Bureau in the event of licence being surrendered, suspended or cancelled; (e) inform the Bureau of any changes in management or address of the firm or conditions which were declared earlier; (f) implement the provisions of amendment to Indian Standard or revised Indian Standard, as the case may be, upon issue of amendment or revision within the stipulated time as specified by the Bureau; (g) inform the Bureau in writing of discontinuance of operations exceeding three months; (h) comply with any directions issued by the Bureau from time to time; (2) maintain records as specified by the Bureau from time to time. (3) The liability of the holder of licence or certificate of conformity, incase complaints about non-conforming system are established, shall be as provided in the Act and rules made thereunder. (4) The Bureau shall have the right to amend the conformity assessment scheme or any of the conditions by giving a notice of at least one month to the holder of licence or certificate of conformity, as the case may be. (5) The conformity assessment activities relating to grant and operation of licence or certificate of conformity may be carried out or witnessed by the auditors authorised by the Bureau in this regard during an audit as per the requirements of conformity assessment schemes. (6) The Bureau may suspend the licence or certificate of conformity based on evidence of non- conformance to the specified requirements or conditions or non-payment of dues. (7) Any violation of conditions of the licence or certificate of conformity may lead to cancellation of licence or certificate of conformity."
392,1,"Validity of licence or certificate of conformity 8. (1) The licence or certificate of conformity to use Standard Mark shall normally be granted for a period of three years. (2) The period may be extended or reduced in case of revision or superseding of applicable Management System standard. (3) The licence or certificate of conformity to use Standard Mark is normally re-certified for a period of three years and shall be effective from the date specified in the order. (4) The re-certification period may be extended or reduced depending on the re-certification decision or revision of the applicable management system standard. (5) The validity period of the licence or certificate of conformity may be reduced based on the request of applicant or holder of licence or certificate of conformity, as the case may be. Re-certification of licence or certificate of conformity 9. (1) The holder of licence or certificate of conformity shall submit an application for re- certification in Form-II annexed to this Scheme to facilitate completion of re-certification within five month of the validity. (2) The re-certification of the licence or certificate of conformity to use the Standard Mark shall be granted,- (a) if the recertification application is found to be complete; (b) on payment of fee as specified in Annexure-I to this Scheme; and (c) if the Bureau is satisfied that the applicant has implemented the Management System requirements as per the relevant Indian Standard and having established the evidence of conformity through re-certification audit as per the relevant Indian Standard. (3) The provisions of paragraph 3 of this Scheme shall also be applicable for re-certification of licence or certificate of conformity, as the case may be. (4) Upon re-certification of licence or certificate of conformity, surveillance audits shall be planned in accordance with the guidelines of this Scheme and shall be carried out by the Bureau from time to time. (5) The re-certification of licence shall be done in accordance with the provisions given in regulation 8 of these regulations. (6) The re-certification of certificate of conformity shall be done in accordance with the provisions given in regulation 16 of these regulations."
393,1,"Change in scope of licence or certificate of conformity 10. The scope of the licence or certificate of conformity may be extended or reduced upon a request by the licensee after certification audit. Suspension 11. (1) If, at any time, the Bureau has sufficient evidence that the Management System for which the licence or certificate of conformity has been granted may not be conforming to the relevant Indian Standard, the Bureau may suspend the licence or certificate of conformity and direct the holder of licence or certificate of conformity, as the case may be, to stop using the Standard Mark and evidence is not limited to, but may include one or more of the following, namely:- (a) using Standard Mark in a manner not permitted by the Bureau; (b) discontinuance of operation for more than three months; (c) corrective actions are not taken within the time frame specified by the Bureau; (d) relocation of premises, without prior intimation to the Bureau; (e) false declaration in relation to the licence or certificate of conformity or indulged in falsification of records or unfair trade practices; (f) failure to cooperate with the Bureau or its authorised representative for any such audit(s) as may be required during the operation of the licence or certificate of conformity; (2) The decision taken by the Bureau under sub-paragraph (1) shall be communicated to the holder of licence or certificate of conformity, as the case may be, through e-mail or any other suitable means of written communication along with reasons thereof. (3) The holder of licence or certificate of conformity whose licence or certificate of conformity has been placed under suspension shall take corrective actions and inform the Bureau. (4) On receipt of information on action taken, a special audit, if required, may be carried out by the Bureau to verify such action. (5) The Bureau may revoke the suspension after satisfying itself that the holder of licence or certificate of conformity has taken corrective actions with sufficient evidence to the Bureau to establish conformity of the Management System to the relevant Indian Standard. (6) The Bureau may suspend the licence or certificate of conformity and direct the holder of licence or certificate of conformity not to use Standard Mark after issuing a notice of twenty-one days when requisite fee is not paid. (7) The Bureau may revoke suspension under sub-paragraph 6 on receipt of dues."
394,1,"(8) The suspension issued under sub-paragraph (6) shall not exceed one year. Cancellation or refusal of re-certification of licence or certificate of conformity 12. (1) The Bureau may cancel or refuse re-certification of a licence or certificate of conformity, if,- (a) the holder of licence or certificate of conformity has indulged in misuse of Standard Mark; (b) has made false declaration in relation to the licence or certificate of conformity or indulged in falsification of records or unfair trade practices; (c) suspension of licence or certificate of conformity exceeds more than one year; (d) the holder of licence or certificate of conformity has relocated the premises and has resumed operation of the licence or certificate of conformity at the new premises without approval of the Bureau; (e) the holder of licence or certificate of conformity has violated any conditions of licence or certificate of conformity. (2) Before cancellation or refusal of re-certification of licence or certificate of conformity, the Bureau shall give the holder of licence or certificate of conformity a written notice of not less than twenty one days through e-mail or any other suitable means of communication, informing its intention of cancellation or refusal of re-certification of licence or certificate of conformity, along with the grounds, with provision for submitting his written explanation and for personal hearing to the holder of licence or certificate of conformity, if sought. (3) If the licence or certificate of conformity is not under suspension, the notice shall contain instructions to the holder of licence or certificate of conformity directing him to stop operation of the licence or certificate of conformity and stop using the Standard Mark. (4) In case of non-receipt of a written explanation within a period of twenty-one days from the date of issue of the notice, the Bureau may cancel or refuse to re-certify the licence or certificate of conformity. (5) If an explanation is submitted, the Bureau may take into consideration the explanation and give a personal hearing, if sought, to the holder of licence or certificate of conformity or his authorised representative, as the case may be, before taking a decision in this regard. (6) The decision taken by the Bureau for cancellation or refusal of re-certification under sub- paragraph (4) and (5) above shall be communicated to the holder of licence or certificate of conformity through e-mail or any other suitable means of written communication along with the grounds."
395,1,"(7) When an Indian Standard is withdrawn and not superseded by any other Indian Standard, any licence or certificate of conformity granted in respect thereof shall be deemed to have been cancelled from the date of withdrawal of such Indian Standard and any licence or certificate of conformity shall be surrendered to the Bureau by the holder of licence or certificate of conformity forthwith. (8) For licence or certificate of conformity cancelled under sub-paragraph (7), the Bureau shall refund the part of the licence fee or the certificate of conformity fee if paid in advance, proportionate to the unexpired period of the licence or certificate of conformity, as the case may be."
396,1,"Annexure - I (Refer sub-paragraph (1) and (2) of paragraph 5 of Scheme-III) Fee Structure 1. Application Fee* (a) Large Industrial Enterprises- Rs.15, 000/- (b) Medium, Micro and small Industrial Enterprises- Rs. 7,000/- (c) Central/State Govt. Organisations: (i) upto 100 employees: Rs. 7,000/- (ii) above 100 employees: Rs. 15,000/- All ‘Libraries, Laboratories, Schools, Colleges, Polytechnics, Training Institutes and health Care Establishments’ of the Central/State/Local government irrespective of their size shall be considered as small enterprises. 2. Audit fee:* (a) For units located within India: (i) Rs. 12,000/- per manday shall be chargeable. (ii) Travel limited to a distance of 250 km from the location of the unit and stay of auditors on actual basis shall be borne by the applicant or licence holder or certificate of conformity holder. (b) For units located outside India: (i) Rs. 12,000/- per manday shall be chargeable. (ii)The holder of licence or certificate of conformity shall bear all expenses, including cost to BIS of the man-days spent by BIS certification officer(s) in connection with the audit (from the time of departure from the place of posting till return thereto), as decided by BIS in its absolute discretion. 3. Licence or certificate of conformity fee*/re-certification fee for three years (a) Large Enterprises - Rs. 60,000/- (b) Medium, Micro and Small Enterprises - Rs. 30,000/- 4. Flexibility in Fee - Discount of up to 50% in Licence or certificate of conformity Fee can be given by the Bureau Note: (i) For each subsequent systems certification licence to first licence, the application fee shall be Rs. 7000/- (ii) 20% discount in licence fee for subsequent Licences and licence holders of other Conformity Assessment schemes of Bureau. (iii) For organisations with multiple service outlets - For each additional site (with similar activities) to be covered under the scope, additional licence fee to be paid for each site shall be as follows: Up to 10- @ Rs.12,000/- per site 11 and above - Rs. 1,20,000 + Rs.8,000 for each additional site above 10 ______________________________________ * - Taxes Extra - Classification of enterprises will be based on ‘The Micro, Small and Medium enterprises Development (MSMED) Act, 2006(27 of 2006)."
397,1,Annexure - II (Refer sub-paragraph (2) of paragraph 6 of Scheme-III) Standard Mark for different Management Systems
398,1,Annexure- III (Refer sub-paragraph (3) of paragraph 6 of Scheme-III) Dimensions for Standard Mark for different Management Systems
399,1,Annexure- IV (Refer sub-paragraph (3) of paragraph 6 of Scheme-III)
400,1,"Form - I (Refer clause (a) of sub-paragraph (1) of paragraph 3 of Scheme-III) The Deputy Director General Bureau of Indian Standards … ………………………………. Regional Office (Address) ………………………………………… 1. I/We carrying on business at _______________________________________________ ____________________________________________________ (full business address) under the style of ______________________________ (full name of individual or firm) hereby apply for grant of licence for Management Systems Certification under the Bureau of Indian Standards Act, 2016, in respect of __________________________________________ System(s) in accordance with IS ____________________________________________. The description of products/range of products/services/range of services/processes/activities are detailed below: 2. The above products/range of products/services/range of services/processes /activities are rendered by our factory/unit/office _________________________________________________ (Name of factory/unit/ office) in the premises situated at ________________________________ ___________________________ (address). 3. (a) The Composition of the top Management of my/our factory/unit/office is as follows: Sr.No. Name Designation (b) I/We undertake to intimate to the Bureau any change in the above composition as soon as it takes place. 4. I/We hereby enclose photo copy of the Certificate of incorporation issued by the Registrar of Firms or Societies/Directorate General of Technical Development/ Director of Industries or similar other documents authenticated the name of firm and its premises. 5. I/We have necessary consents/clearances as per the provisions of Water (Prevention and Control of Pollution) Act, 1974 and Air (Prevention and Control of Pollution) Act, 1981 respectively under the Environment (Protection) Act, 1986. (If applicable) 6. Details of Technical Personnel/experts employed: Sr. No. Name Qualification Job"
401,1,"7. I/We have designed and developed necessary documentation required (copy enclosed). 8. I/We further undertake to modify, amend or alter my/our documented information to bring it in line with the requirements of the relevant standard and/or as required by BIS from time to time. 9. I/We agree to pay fee prescribed by the Bureau as applicable and as given in the scheme and/or as per the agreement/quotation letter No. __________________ dated ________________ 10. I/We have read the conditions of licence and hereby undertake to abide by them as mentioned in the guidelines for applicants and the regulations framed under the BIS Act, 2016. 11. Should any initial enquiry be made by the Bureau, I/We agree to extend to the Bureau all reasonable facilities at my/our command and I/We also agree to pay all expenses of the said enquiry, as and when required by the Bureau. 12. I/ We request that the visit for audit of my/our factory /unit/office may be carried out by _________________ (indicate date). OR I/We shall intimate the time, date, suitable for carrying out the visit for audit as soon as I/We are ready for the same. 13. Certified that I/We had earlier applied for a licence to BIS for _________________________on ____________________ which could not mature. 14. I/We undertake that should any of the information supplied above in the application form is found to be wrong, the application may be rejected forthwith. 15. I/We have not been convicted under the Bureau of Indian Standards Act in any court of law and neither any prosecution is pending. OR The details of convictions/prosecutions pending under the BIS Act are as under: ____________________________________________________________________ ____________________________________________________________________ 16. I/We have never been warned/advised by BIS for any of our actions violative of the Bureau of Indian Standards Act/ OR The details of warning/advice received by me/us for violating the BIS Act are as under: _____________________________________________________________________ _______________________________________________________________________ 17. Should the licence be granted and as long as it will remain operative I/We hereby undertake to abide by all the conditions of licence and the regulations specified under the aforesaid Dated this ____________ day of _____________ Two thousand __________"
402,1,(Signature): _______________________ (Name): __________________________ (Designation):______________________ (Seal of the firm) (For and on behalf of) _______________ Documents attached: 1. ___________________________ 2. ___________________________ 3. ___________________________ 4. ___________________________ 5. ___________________________
403,1,"Form - II (Refer sub-paragraph (1) of paragraph 9 of Scheme-III) Application for Re-certification of Licence to use the Standard Mark for Management Systems Certification under the Bureau of Indian Standards Act, 2016 The Deputy Director General Bureau of Indian Standards ______________ Regional Office (Address) 1. I/We carrying on business at ___________________________________ (full business address) under the style of______________________________________________ (full name of individual or firm) hereby apply for recertification of ________________________ ____________________________________ system(s) Certification licence _________________ dated ________________ granted by Bureau of Indian Standards in respect of ______________________________ system(s) in accordance with IS ____________ for a further period of three years, subject to the conditions of licence as stipulated in my/our aforesaid licence, and/or such other conditions as may be stipulated by the Bureau. 2. Name of Contact Person and Designation: _________________ 2.1 Contact Person’s Phone No., Fax No. and Email:_________________________________________ 3. Number of Shifts (with timings of each shift): 4. Number of Personnel 4.1 Number of part-time personnel covered in the scope of certification converted to full time personnel (based on 8 hours/day working):_____________ 4.2 Number of personnel partially involved in the scope of certification converted to full time personnel (based on 8 hours/day working) :______________ 4.3 Number of personnel in simple functions (Finance, Admin, Security, Transport, Drivers, Canteen, Gardening, etc):________ 4.4 Total number of personnel in general shift/shift 1:_________ 4.4 Total number of personnel in other shifts: __________ 4.5 Total Number of personnel in other shifts for mutually exclusive operations/functions other than that in general shift/shift 1:_____________ 5. Status of the Unit Large/Small Scale Industry/Ancillary/Tiny units/Small Scale Service and Business (Industry Related) Enterprises/ small enterprise (see Note) Note: Please enclose Registration letter from the concerned authority and also see BIS `Guidelines for Applicants’. 6. *The scope of certification would be same as given in the existing licence document."
404,1,"OR *The scope of certification may be modified as follows: _________________________________ *Strike out whichever is not applicable 7. Change(s) in the firm’s structure and Management Systems/System from those mentioned in the existing licence. ______________________________________________________________________________ ______________________________________________________________________________ 8. Changes affecting the context of the organisation (e.g. changes in legislation, etc.) _____________________________________________________________________________________ _______________________________________________________________________ 9. I/We propose to continue to use the documentation prepared by us or the revised documentation prepared by us is enclosed. If changes in documentation, please give the details: 10. (a) The composition of the top Management of my/our factory is the same or has changed from as given in the earlier application for the aforesaid licence and is as follows: ______________________________________________________________________________ Sr. No. Name Designation ______________________________________________________________________________ ______________________________________________________________________________ (b) I/We undertake to intimate to the Bureau any change in the above composition as soon as it takes place. 11. I/We enclose a photo copy of the Certificate of incorporation issued by the Registrar of Organisations or Societies/Directorate General of Technical Development/Director of Industries or similar other documents authenticating the name of organisation and its manufacturing premises (only in case of changes in the name and/or address of the organisation from the earlier submitted to BIS)."
405,1,"12. I/We have read the conditions of licence and hereby undertake to abide by them as mentioned in the `Guidelines for Applicants’ as relevant to the Management System/System and the current regulations specified under the Act. 13. Should any initial enquiry be made by the Bureau, I/we agree to extend to the Bureau all reasonable facilities at my/our command and I/We also agree to pay all expenses of the said enquiry, as and when required by the Bureau. 14. I/We request that the recertification audit of my/our factory/unit may be carried out by ____________________ (indicate date). 15. Certified that I/We had earlier applied for a licence to BIS for ___________________ which could not mature 16. I/We undertake that should any of the information supplied above in the application form is found to be wrong, the application may be rejected forthwith. 17. I/We have not been convicted under the Act in any court of law and neither any prosecution is pending. OR The details of convictions/prosecutions pending under the Act are as under: _____________________________________________________________________ 18. I/We have never been warned/advised by BIS for any of our actions violative of the Act. OR The details of warning/advice received by me/us for violating the Act are as under: ______________________________________________________________________ 19. Should the licence be renewed and as long as it will remain operative I/We hereby undertake to abide by all the conditions of licence and the regulations specified under the aforesaid Act. In the event of the licence being suspended or cancelled, I/We also undertake to cease with immediate effect to use all the facilities to us in respect of the licence and return the licence and related documents to the Bureau."
406,1,"Dated this ____________ day of _____________ Two thousand __________ (Signature): _______________________ (Name): __________________________ (Designation):______________________ (Seal of the firm) (For and on behalf of) _______________ For Office Use Only ___________________________________________________________________________ Licence No. ________________ 20. PLANNING FOR RECERTIFICATION AUDIT a) Details of Significant changes informed in the Re-certification Application Form, if any b) Evaluation for the need for conducting a Stage 1 audit (give justification) Result of evaluation: Stage 1 required / Stage 1 not required c) Date (s) indicated by licensee for recertification audit d) Time available for completing recertification activities before expiration of validity e) Recommended Plan [If 20 b) indicates requirement of Stage 1, both Stage 1 and Stage 2 to be planned otherwise plan for Stage 2 Audit only] – Attach system generated Time Scale Estimation f) Decision of Approving Authority : Approved / Not approved"
407,1,"Form-III (Refer Sub-para (5) of para 3 of Scheme-III) Bureau of Indian Standards Licence for the___________Management Systems Certification (Accredited by (Name of the Accreditation Body, if accredited)) Licence No. By virtue of the power conferred on it by, the Bureau of Indian Standards Act, 2016 (11 of 2016), the Bureau hereby grants/recertifies to (hereinafter called the Licensee) the right and licence to be listed in the Bureau's list(s) of Licensees of ___________________Management Systems Certification in respect of the products and/or services or processes particularly described in the schedule hereto, bearing the same number as this licence. Such products and/or services or processes shall be manufactured/provided/carried out by the Licensee at only the address(es) given above, and under the _______________________ Management Systems in accordance with IS ________________ The licence is granted/recertified subject to the relevant provisions of the above Act and the rules and regulations made thereunder governing the licences referred to above, and the Licensee hereby covenants with the Bureau duly to observe with the said Rules and Regulations. This licence shall be valid from ________________ to ______________________ and may be recertified as prescribed in the Regulations. Signed, Sealed and Dated this ________________ day of ___________________ For Bureau of Indian Standards Name and Signature of Designated authority"
408,1,Schedule to Licence No. ________________________________ Issued to: Products/services/processes with respect to which the firm has been granted/recertified the licence : for _____________ Management Systems Certification: For Bureau of Indian Standards Name and Signature of Designated authority
409,1,"Form-IV (Refer Sub-para (5) of para 3 of Scheme III) Bureau of Indian Standards Certificate of conformity for the___________Management Systems Certification (Accredited by (Name of the Accreditation Body, if accredited)) Certificate No. By virtue of the power conferred on it by, the Bureau of Indian Standards Act, 2016 (11 of 2016), the Bureau hereby grants/recertifies to (hereinafter called the certificate holder) the right and certificate of conformity to be listed in the Bureau's list(s) of certificate holders of ___________________Management Systems Certification in respect of the products and/or services or processes particularly described in the schedule hereto, bearing the same number as this certificate. Such products and/or services or processes shall be manufactured/provided/carried out by the certificate holder at only the address given above, and under the _______________________ Management Systems in accordance with IS ________________ The certificate holder is granted/recertified subject to the relevant provisions of the above Act and the rules and regulations made thereunder governing the certificates referred to above, and the certificate hereby covenants with the Bureau duly to observe with the said rules and regulations. This certificate shall be valid from ________________ to ______________________ and may be recertified as prescribed in the regulations. Signed, sealed and dated this ________________ day of ___________________ For Bureau of Indian Standards Name and signature of designated authority"
410,1,Schedule to certificate No. ________________________________ Issued to: Products/services/processes with respect to which the firm has been granted/recertified the certificate : for _____________ Management Systems Certification: For Bureau of Indian Standards Name and Signature of Designated authority
411,1,"Scheme - IV Conformity assessment scheme for Grant of certificate of conformity for goods and articles as per any standard (based on scheme Type ‘E’ as per Schedule-I) Scope 1. (1) Under this Scheme which is based on Type ‘E’, certificate of conformity may be granted by the Bureau for goods or articles, hereinafter referred to as products, manufactured in a manufacturing premises and conforming to specified requirements given in standard or part of standard or essential requirements, as applicable. Explanation.- For the purpose of sub-paragraph (1), manufacturing premise means the premises, either owned by the applicant or otherwise, where a part of the manufacturing activity takes place and include the premises where the final manufacturing activity is carried out and where certificate of conformity is to be used. (2) The grant of certificate of conformity shall be done in accordance with the processes specified in paragraph 3. Definitions 2. (1) “Inspection and Testing Plan” means a plan to be adopted by the manufacturer for exercising control at different stages in the production process. The plan specifies the level of control and the frequency of inspection and testing so as to ensure that the final product conforms to the specified requirements given in standard(s) or part of standard or essential requirements, as the case may be. (2) “third party laboratory’’ means a laboratory established, maintained or recognised by the Bureau or Government laboratories empaneled by the Bureau or any other laboratory decided by the Executive Committee of the Bureau. Processes of the Scheme 3. (1) Selection.- (a) The manufacturer shall identify that,- (i) specified requirements given in the standard or part of standard or essential requirements, as applicable, and relating to the product against which it intends to obtain a certificate of conformity; (ii) the machinery available in manufacturing premise and prepare a list in Form –I annexed to this Scheme and if any part of the manufacturing activity is outsourced, details of machinery used for that activity shall be indicated in a separate form;"
412,1,"(iii) the test equipment required to carry out testing in accordance with the Indian Standard and prepare a list of the available equipment in Form –II annexed to this Scheme. (iv) test facility outside the factory where tests, which the manufacturer cannot perform in- house, can be carried out and inform the same to the Bureau. (b) final decision for relaxation of in-house test facility in case of clause (iv) of sub-paragraph (1) shall be taken by the Bureau; (c) the minimum number of sample(s) required for testing shall be ascertained by the manufacturer keeping in view the nature of the product, intended scope of the certificate of conformity or in accordance with the sampling guidelines: Provided that if the sampling guidelines are available on the website of Bureau, it shall be followed by the manufacturer. (d) the manufacturer shall prepare an inspection and testing plan in Form –III annexed to this Scheme which it proposes to implement in its day to day production so as to ensure that the final product conform to the specified requirement; (e) the manufacturer shall ensure that the product has been tested for conformity against the specified requirements, and shall prepare test report in Form –IV annexed to this Scheme; (f) the manufacturer may apply for grant of certificate of conformity in Form –V annexed to this Scheme and the Bureau shall follow any one of the following procedure or any combination thereof, for grant of certificate of conformity, namely:- (i) (I) the applicant shall submit complete test report of the product which is issued from third party laboratory against specified requirement given in standard or part of standard or essential requirement along with the application; (II) in case of non-availability of test facilities in any third party laboratory for some of the specified requirement, test report of such requirement tested in the factory may be considered; (III) the Bureau shall arrange a factory visit for verification of production process and drawal of verification sample for third party laboratory testing; (IV) the certificate of conformity shall be granted without waiting for the test report of the verification sample; (V) review of the certificate of conformity shall be made on receipt of the test report;"
413,1,"(ii) (I) the Bureau shall arrange a visit to factory for verification of production process and testing of the product in the factory; (II) the certificate of conformity shall be granted based on the testing of the samples in the factory; (g) in case of foreign manufacturers, an authorised Indian representative based in India shall be nominated in Form-VI annexed to this Scheme. (2) Determination.- (a) The Bureau on receipt of an application shall examine that all the required documents have been submitted with the application. (b) if the application under clause (a) is complete, the Bureau shall finalise the date of the factory visit in consultation with the applicant; (c) during factory visit the following activities shall be carried out by the Bureau, namely:- (i) verification of documents submitted by the manufacturer; (ii) discussion on the adequacy of the Inspection and testing plan; (iii) verification of the plant layout and manufacturing process with levels of control exercised at various stages as proposed in the inspection and testing plan; (iv) verification of available infrastructure including manufacturing machinery and test equipment, competence of person(s) in-charge of quality control, storage facilities and hygienic conditions, if applicable; (v) verification of test equipment calibration status; (vi) testing for specified requirements given in standard(s) or part of standard or essential requirements. (vii) drawal of sample for third party laboratory testing, in case of sub-clause (i) of clause (e) of sub-paragraph (1) or otherwise, if required. (d) when certificate of conformity is to be granted as per sub-clause (i) of clause (e) of sub- paragraph (1), such requirements shall be tested for which test facilities are not available in any third party laboratory; (e) if certificate of conformity is to be granted as per sub-clause (ii) of clause (e) of sub-paragraph (1), complete factory testing shall be carried out; (f) any inadequacy observed during the preliminary inspection shall be communicated in writing to the manufacturer in Form –VII annexed to this Scheme."
414,1,"(3) Review.- (a) The report of the factory visit shall be reviewed on the basis of the activities specified under clause (c) of sub-paragraph (2) of paragraph 3; (b) the test results of the product shall be reviewed for their correctness and conformance to the specified requirement given in standard or part of standard or essential requirement. (4) Decision.- The decision on grant of certificate of conformity shall be taken when the Bureau is satisfied that the manufacturer has necessary infrastructure for manufacturing quality products on a continuous basis and the test results indicate conformity of the product to the specified requirements. (5) Attestation.- (a) The Bureau shall grant a certificate of conformity in Form – VIII annexed to this Scheme, indicating the scope of the certificate of conformity, certificate of conformity number, address of the manufacturer and validity of certificate of conformity; (b) in case of foreign manufacturers, the Bureau shall issue the agreement for grant of certificate of conformity, and indemnity bond, duly executed on a non-judicial stamp paper of rupees one hundred submitted by the foreign manufacturer or his authorised Indian representative, as the case may be; (c) a performance bank guarantee (PBG) for US Dollars ten thousand issued by any bank having Reserve Bank of India approved branch in India shall be submitted by the foreign manufacturer. (6) Surveillance. - (a) The Bureau may carry out inspection at the premises of holder of certificate of conformity either with or without prior intimation; (b) the need for carrying out the inspection shall be decided keeping in view the risk associated with the product and any variation observed during such inspection shall be communicated to the holder of certificate of conformity in Form –VII annexed to this Scheme; (c) the Bureau may draw samples during inspection for testing; (d) the Bureau may draw samples from market and send the samples for testing to a third party laboratory along with the test request and in case drawal of market sample is not possible due to any reason, samples may be drawn from the despatch point; (e) when sampling is not possible even from despatch point, feedback preferably from organised buyers shall be taken. Complaint 4. (1) The Bureau shall acknowledge and investigate any complaint received regarding quality of the product covered under a certificate of conformity. (2) The actions for closure of complaint shall be completed within ninety days, excluding the testing time, where testing of the product is involved."
415,1,"Fee 5. (1) The application fee and renewal application fee shall be rupees one thousand each. (2) The annual certificate of conformity fee for the use of certificate of conformity shall be paid in advance which shall be rupees fifty thousand for large scale industries per year: Provided that a concession of twenty percent shall be given to micro small and medium enterprises. Explanation.- For the purpose of this proviso, the expression micro small and medium enterprises shall have the meaning assigned to it in the Micro Small Medium Enterprises Development Act, 2006 (27 of 2006). (3) The annual certificate of conformity fee shall not be refunded if certificate of conformity is cancelled. (4) In case of extension of scope, an amount of rupees five thousand shall be chargeable per endorsement. (5) For any inspection other than surveillance inspection or inspection carried out for complaint investigation, an inspection fee rupees seven thousand per day shall be levied from the applicant; (6) The cost of the samples and the testing fee of samples drawn for surveillance or complaint investigation, shall be borne by the applicant or the holder of certificate of conformity. Labelling and marking requirements 6. (1) Each product or the package, as the case may be, shall be marked with certificate of conformity number. (2) The product details, as per the requirement of the standard, which may include variety, lot or batch number, date or week of manufacturing, complete address of manufacturer and shall be marked on either the product or the packaging or contained in a label attached to the product. (3) The marking details shall contain reference to the website of the Bureau so that consumer may verify the authenticity of the product. (4) If the certificate of conformity number cannot be applied on the product or the packaging physically, it shall be given on the test certificate. (5) For any specific product, additional labelling and marking requirements may be specified by the Bureau to which the holder of certificate of conformity shall comply with. Conditions of certificate of conformity 7. The conditions of certificate of conformity shall be as provided in regulation 14 of these regulations."
416,1,"Validity of certificate of conformity 8. (1) The certificate of conformity shall be granted initially for not less than one year and up to two years. (2) The certificate of conformity may be renewed for a further period of not less than one year and up to five years. Renewal of certificate of conformity 9. (1) An application for renewal of certificate of conformity shall be made before three months of expiration of certificate of conformity to the Bureau in Form –IX annexed to this Scheme. (2) The Bureau shall renew the certificate of conformity in Form –X annexed to this Scheme. (3) The renewal of certificate of conformity shall be done in accordance with the regulation 16 of these regulations. Change in scope of certificate of conformity 10. (1) An application for change in scope of certificate of conformity shall be made to the Bureau in Form –XI along with fee prescribed in sub-paragraph (4) of paragraph 5. (2) For extension in scope of certificate of conformity, application shall be made either along with a complete test report of the product issued by a third party laboratory or along with a request to Bureau to draw the samples for testing. (3) The Bureau shall change the scope of certificate of conformity in Form –XII. Suspension 11. (1) The holder of certificate of conformity on its own shall suspend its use under intimation to the Bureau if, at any time, there is difficulty in maintaining the conformity of the product to the specified requirements covered under certificate of conformity or any test equipment goes out of order or due to natural calamities such as flood, fire, earthquake, lock out declared by the management, closure of operations directed by a competent court or statutory authority. (2) The revocation of suspension may be done as soon as the deficiencies are removed and information shall be sent to the Bureau immediately but not later than seven days from the date of revocation. (3) The holder of certificate of conformity on its own shall suspend its use under intimation to the Bureau on relocation of manufacturing unit to a new premises. (4) The revocation of suspension may be done by the Bureau after verification of the old premises and verification of production process at new premises."
417,1,"(5) (a) The Bureau may suspend the certificate of conformity and direct the holder of certificate of conformity to stop its use if, at any time, there is sufficient evidence that the product may not be conforming to the specified requirements covered under the certificate of conformity and such evidence is not limited to, but may include one or more of the following, namely:- (i) consecutive test reports indicating non-conformity of the product; (ii) major deviation observed in the implementation of manufacturer`s inspection and testing plan; (iii) major modification(s) in the manufacturing process without prior evaluation of the Bureau; (iv) relocation of manufacturing unit to a new address without intimation; (v) closure of manufacturing unit for more than six months without intimation; (vi) non-compliance of any instruction issued by the Bureau from time to time. (b) The holder of certificate of conformity, whose certificate of conformity has been put under suspension, shall stop using the same, dispatching the product covered under the certificate of conformity and shall send confirmation in this regard to the Bureau immediately. (c) The Bureau may arrange a visit to the factory to verify the corrective actions and may allow revocation of suspension after satisfying itself that the holder of certificate – (i) has taken necessary corrective actions; and (ii) has provided sufficient evidence of conformity of the product to the specified requirements. (6) The Bureau may suspend the certificate of conformity after issuing a notice of twenty one days and direct its holder to stop use of the certificate of conformity when requisite fee is not paid by the applicant. (7) The Bureau may revoke the suspension issued under sub-paragraph (6) on receipt of the dues. Cancellation of certificate of conformity 12. The Bureau shall cancel the certificate of conformity in accordance with regulation 19 of these regulations."
418,1,"Form - I (Refer sub-clause (ii) of clause (a) of sub-paragraph (1) of paragraph 3 of Scheme IV) DECLARATION REGARDING MANUFACTURING MACHINERY No entry to be crossed 1. Application/Certificate of Conformity No. 2. Name/Address Sr. Machinery Make/ Production capacity per Number Remarks No. Identification No. day, if applicable Note: Attach extra sheet, if required I hereby declare that the machinery details of which I have verified the availability of the above given above are available with us mentioned machinery during my inspection. I also declare that I will send prior intimation to Bureau of Indian Standards whenever any machinery Signature of BIS I.O .______________ is not available due to any reason. Sig. of Bureau of Indian Standards Certification Signature of Firm’s Representative Officer ___________________________ __________________ Name Name Designation Designation Date of verification Date *If any part of the manufacturing activity is outsourced, details of machinery used for outsourced activity shall be indicated in a separate form along with complete address of the outsourced premises."
419,1,"Form - II (Refer sub-clause (iii) of clause (a) of sub-paragraph (1) of paragraph 3 of Scheme IV) DECLARATION REGARDING TEST EQUIPMENT No entry to be crossed 1..Application/Certificate of Conformity No. 2. Name/Address Sr. Test Least Count and Valid Tests Used in Remarks No. Equipment/Chemicals and Range (Where Calibration with Clause (Indicate Identification Numbers applicable) (Where Reference number of (Where applicable) required) Equipment) Yes/No Note: Attach extra sheet, if required I hereby declare that the testing equipment details I have verified the availability of the above mentioned of which given above are available with us testing equipment during my inspection. I also declare that I will send prior intimation to Bureau of Indian Standards whenever any testing Signature of BIS I.O .______________ equipment is not available due to any reason. Sig. of Bureau of Indian Standards Certification Signature of Firm’s Representative Officer ___________________________ __________________ Name Name Designation Designation Date of verification Date"
420,1,"Form - III (Refer clause (d) of sub-paragraph (1) of paragraph 3 of Scheme IV) Scheme of Inspection and Testing (SIT) Name of Applicant/Holder of certificate: M/s .................................................................................... Application/Certificate of Conformity No. Address of Applicant/Holder of certificate........................................................................................ Essential Requirement(s)............................................... SIT No. .................................................. Product........................................................................................................ Test details Levels of control* Remarks Sr. Requirement Test method No. of Lot size Frequency No. samples Clause Reference Note: Attach extra sheet, if required * Levels of control means inspection and tests mentioned in above table shall be carried out on all quantities of product intended to be covered under Bureau of Indian Standards product certification Scheme - IV and appropriate records shall be maintained Seal of Firm Signature Name Designation Date"
421,1,"Form - IV (Refer clause (e) of sub-paragraph (1) of paragraph 3 of Scheme IV) Test Report Name of Applicant/Holder of certificate: M/s Application/Certificate of Conformity No. Certificate of Conformity valid upto Address of Applicant/Holder of certificate Product Grade/Type/Variety/Class etc. Declared values, if any Batch/Lot No. .................................................... Sr. No. .......................................... Date of Manufacturing .......................... Any other information .............................. Date of start of testing .............................. Date of completion of testing ........................................ Sr. Tests Clause/ Essential Reference Specified Observation(s) Remarks No. requirement, as Requirement applicable Note: Attach extra sheet, if required The above mentioned sample manufactured and tested at our premises is conforming/non-conforming to standard(s)/ requirements of Standard(s) ........................................................ Seal of Firm Signature Name Designation Date"
424,1,"Form - VI (Refer clause (g) of sub-paragraph (1) of paragraph 3 of Scheme IV) Form for nomination by manufacturer To The Director General, Bureau of Indian Standard, 9, Bahadur Shah Zafar Marg, New Delhi-110 002. Subject: Nomination of Authorized Indian Representative Dear Sir/Madam, In terms of the clause (g) of sub-paragraph (1) of paragraph 3 of Scheme IV of BIS (Conformity Assessment) Regulations, 2018, we, M/s__________________, the manufacturer, do hereby nominate and appoint Mr./Ms._______________________, son / daughter of Mr.____________________________, resident of ________________________________________________________, INDIA, as our Authorized Indian representative. Mr./Ms. __________________________, would be the person responsible for and on our behalf under the clause (g) of sub-paragraph (1) of paragraph 3 of Scheme IV of BIS (Conformity Assessment) Regulations, 2018 for compliance of terms and conditions of certificate of conformity and also provisions of the BIS Act 2016, Rules and Regulations. The form also contains his / her signatures in token of his / her acceptance, consent and confirmation of the terms and conditions of the certificate of conformity. Please be advised that the nomination in favour of the authorized India representative shall continue for the purpose of this certificate of conformity till such time that some other person is appointed in his / her place in accordance with the terms of clause (g) of sub-paragraph (1) of paragraph 3 of Scheme IV of BIS (Conformity Assessment) Regulations, 2018. Yours faithfully, Signature of Authorized Indian Representative: Signature: Name: Name: Designation: Designation: Contact details: - C ontact details:- Mob. No.: M ob. No.: E mail: Email: Complete postal Address: Date: Seal:"
425,1,Form - VII (Refer clause (d) of sub-paragraph (2) of paragraph 3 of Scheme IV) Bureau of Indian Standards _____________ Branch Office (Discrepancy-cum-Advisory Report) Name of Applicant/Holder of Certificate: M/s Application/Certificate of Conformity No. Nature of visit Certificate of Conformity valid upto (verification/surveillance/others) Product Date(s) of visit Sr. Discrepancies/Advices rendered Essential requirement(s) or any other No. reference Comments/ agreed action (by Applicant/Holder of certificate) I have fully explained the contents of i) I have fully understood the contents of this report this report ii) Confirmation of the actions on discrepancy-cum -advisory shall be made to Bureau of Indian Standards within ____days. Signature____________________ Signature__________________ Name Name Designation Designation (Bureau of Indian Standards Representative) (Firm’s representative) Note: It is advised that a copy of this report be enclosed by the firm in the certificate of conformity file for necessary follow up actions and future reference.
426,1,"Form - VIII (Refer clause (a) of sub-paragraph (5) of paragraph 3 of Scheme IV) Bureau of Indian Standards Certificate of Conformity Certificate of Conformity No.__________________ By virtue of the power conferred on it by the Bureau of Indian Standards Act, 2016 (11 of 2016) the Bureau hereby grants to M/s (hereinafter called 'the Holder of Certificate) this Certificate of Conformity for the product set out in the first column of the Schedule hereto, upon or in respect of the scope set out in the second column of the said Schedule which is manufactured in accordance with/conforms to the specified requirement(s) referred to in the second column of the said Schedule as from time to time amended or revised. 2. This Certificate of Conformity carries obligations on part of the holder of certificate as conditions of Certificate of Conformity which are given in Annexure attached herewith. This certificate shall be valid for the Name, Factory Address and period as mentioned in the Schedule and may be renewed as prescribed in the scheme."
427,1,"SCHEDULE (Certificate of conformity No___________________) Name Factory Address Validity from ................................................ to .................................................... Product Scope of certificate of conformity (1) (2) Signed, Sealed and Dated this ..................... day of ................... month of year ............................ for Bureau of Indian Standards Name and signature of designated authority"
428,1,"Annexure ( Certificate of Conformity No._________________) Conditions of the certificate of Conformity (1) The holder of certificate of conformity shall be responsible for the conformity of the goods, article, process, system or service to specified requirements in relation to which certificate of conformity is issued. (2) The holder of certificate of conformity shall not use the certificate of conformity in relation to goods, articles, process, system or service which are non-conforming or outside the scope of the certificate of conformity. (3) Certificate of conformity shall not be used in relation to any goods, article, process, system or service during deferment or suspension, or, after expiry or cancellation of the certificate of conformity. (4) The holder of certificate of conformity shall comply with the provisions of the conformity assessment scheme under which certificate of conformity is granted, including labelling and marking requirements. (5) The holder of certificate of conformity shall maintain records as specified by the Bureau from time to time. (6) The holder of certificate of conformity shall provide the Bureau all assistance in connection with carrying out inspection or audit at its premises. (7) The holder of certificate of conformity shall provide information relating to production covered under certificate of conformity as and when it is required by the Bureau. (8) If the certificate of conformity is granted in relation to goods or articles, the holder of certificate of conformity shall provide the list of consignees, distributors, dealers or retailers to whom goods or articles under certificate of conformity is supplied. (9) The certificate of conformity shall not be transferred to any person without prior approval of the Bureau. (10) If a complaint regarding quality of any goods, article, process, system or service covered under certificate of conformity is established, the holder of certificate of conformity shall take suitable corrective actions so as to eliminate recurrence of such complaints in future. (11) The Bureau shall have the right to amend any of the conditions of certificate of conformity by giving a notice of at least one month to the holder of certificate of conformity."
429,1,"Form - IX (Refer sub-paragraph (1) of paragraph 9 of Scheme IV) Application for renewal of certificate of conformity Head ................... Branch Office Bureau of Indian Standards Dear Sir/Madam, I/we, carrying on business at ............................................................................................. ......................................................................................................................... (Full factory and office address) apply for renewal of Certificate of Conformity No. .............................granted by the Bureau under Bureau of Indian Standards Act, 2016, rules and regulations framed thereunder, as amended from time to time, for a further period from ............................. to ................................, the conditions being the same as stipulated in the aforesaid certificate and amended from time to time. 2. Details of production of goods effected under the certificate are given in the report of performance placed overleaf duly authenticated by CEO/authorised signatory of our company. 3. I/We are enclosing herewith Receipt No.___________dated ________________ for ₹___________ towards the following dues: i) Renewal application fee ₹ ii) Annual certificate of conformity fee ₹ per year rate iii) Previous dues/Other fee (as per Bureau of Indian Standards notice) if any. iv) Total amount ₹ Signature Date Name Designation Seal of Firm For and on behalf of"
430,1,"Report of Performance (Period to be covered by the Report being ...................................... to …….......................................) Name of Product ................................... Certificate of Conformity No. - 1. Total production of the article(s) 2. Production covered under the certificate of conformity and its approximate value 2.1 Quantity ________ 2.2 Value(₹) ________ 3. Quantity not covered under certificate of conformity, if any, and the reasons for such non-coverage 4. Names and addresses of all purchasers of goods covered under certificate of conformity including Central Government/State Government Ministry/Department/ undertaking etc. (if applicable) 5. Month-wise production statement for the period mentioned Note : Attach separate sheet, if required"
431,1,"Form - X (Refer sub-paragraph (2) of paragraph 9 of Scheme IV) Attachment to Certificate of Conformity (CoC) No. ............................. CoC No.- Name of the holder of certificate with the Factory Name of the Product Address Endorsement No. ...... Dated .... Whereas, the certificate was valid upto …………………….. , *And, whereas the renewal was deferred till …………… and holder of certificate was not allowed to use the certificate from ………………. to …………………. (*Strike out, if not applicable), Now, consequent upon renewal, the validity of the certificate given in schedule of the original certificate/ endorsement No. ….. has been extended from …………………. to ………………… Other conditions of the certificate remain the same. Signature of designated authority (Name of designated authority)"
432,1,"Form - XI (Refer sub-paragraph (1) of paragraph 10 of Scheme IV) Application for change in scope of certificate of conformity Head ................... Branch Office Bureau of Indian Standards Dear Sir/Madam, I/we, carrying on business at ............................................................................................. ......................................................................................................................... (Full factory and office address) apply for inclusion of new varieties/requirements (as applicable) mentioned as detailed below in Certificate of Conformity No. ...................... granted by the Bureau of Indian Standards. 2. Product Title Existing scope of certificate of conformity Extension/Reduction desired in scope of certificate of conformity 3. Test report(s), enclosed Yes/ No/ Not Applicable 4. List of additional manufacturing machinery and/or test equipment’s required, if any 5. I/We have made the payment of ₹___________ vide Receipt No.___________dated ________________ towards the above application. Signature Date Name Seal of Firm Designation For and on behalf of Note : Attach separate sheet, if required"
433,1,"Form - XII (Refer sub-paragraph (3) of paragraph 10 of Scheme IV) Attachment to Certificate of Conformity (CoC) No. ............................. CoC No.- Name of the holder of certificate with the factory address Name of the Product Endorsement No. ...... Dated .... The following addition/deletion in the scope of certificate of conformity has (have) been approved by the Bureau with effect from ............................... Consequent upon the above changes, the revised scope of the certificate of conformity in column (2) of the table in schedule of the certificate of conformity is amended as follows: Other conditions of the certificate remain the same. Signature of designated authority (Name of designated authority)"
434,1,"Scheme - V Conformity assessment scheme for Grant of certificate of conformity for a batch or lot of goods and articles as per any standard (based on scheme Type ‘B’ as per Schedule-I) Scope 1. (1) Under this Scheme which is based on Type ‘B’, certificate of conformity may be granted by the Bureau to a person for batch or lot of goods or articles, hereinafter referred to as products, conforming to specified requirements given in standard or part of standard or essential requirements, as applicable. (2) The grant of certificate of conformity shall be done in accordance with the processes provided under paragraph 3 of this scheme. Definitions 2. (1) “third party laboratory” means a laboratory established, maintained or recognised by the Bureau or Government laboratories empaneled by the Bureau or any other laboratory decided by the Executive Committee of the Bureau. Processes of the scheme 3. (1) Selection.- (a) The person shall identify that,- (i) the quantity of the product or size of the batch or lot and specified requirement (s) applicable to such product against which it intends to obtain a certificate of conformity; (ii) the site where the batch or lot is to be offered for inspection and availability of required resources for carrying out inspection at such site; (iii) the test certificate or reports issued by the manufacturer’s quality assurance department; (iv) whether a complete test report issued from a third party laboratory indicating conformity of the product to the specified requirement is available; (v) the laboratory where the product may be tested for specified requirements; (b) the application for grant of certificate of conformity shall be submitted in Form –I annexed to this Scheme either with the test report under sub-clause (iv) of clause (a) of sub-paragraph (1) or with a request to Bureau to draw the sample, during the visit to the site, from the lot or batch for its testing in a third party laboratory. (2) Determination.- (a) The Bureau on receipt of an application shall examine that all the required documents have been submitted with the application."
435,1,"(b) If a test report indicating conformity is enclosed with the application, the Bureau shall finalise the date of verification of the lot or batch of product in consultation with the applicant. (c) During verification visit, the Bureau shall verify the following on the product, namely:- (i) variety/grades/type/size; (ii) quantity/lot size; (iii) lot/batch number; (iv) manufacturer’s complete address; and (v) date or week of manufacturing. (d) If the application has been submitted without the test report of third party laboratory, the Bureau shall determine the name of the laboratory where specified requirements can be tested and the sample size required by the laboratory for complete testing. (3) Review.- (a) The verification report shall be reviewed for its completeness with respect to the parameters provided under sub-paragraph (2). (b) In case of drawal of sample by the Bureau, the test report received from third party laboratory shall be reviewed for its correctness and conformance to the specified requirements. (4) Decision.- The decision on grant of certificate of conformity shall be taken by the Bureau on the basis of findings of verification report and conformity of the product to the specified requirement. (5) Attestation.- (a) The Bureau shall grant a certificate of conformity in Form –II annexed to this Scheme indicating the scope of the certificate of conformity including the specified requirements and certificate of conformity number. (b) The certificate of conformity shall be a onetime certificate and renewal of certificate of conformity is not possible. Complaints 4. (1) The Bureau shall acknowledge and investigate any complaint received regarding quality of the product covered under a certificate of conformity. (2) The action for closure of complaint shall be completed within ninety days, excluding the testing time, where testing of the product is involved. Fee 5 (1) The application shall be accompanied by fee of rupees one thousand. (2) The inspection fee shall be chargeable in advance at the rate of rupees seven thousand per man-day."
436,1,"(3) The fee shall be one per cent of value of lot or batch subject to a minimum of rupees ten thousand for each lot or batch shall be payable to the Bureau. (4) If the certificate of conformity is cancelled, no fee shall be refunded. Labelling and marking requirements 6 (1) Each product or the package or both shall be marked with certificate of conformity number. (2) The product details, as per the requirement of the standard, which may include variety, lot or batch number, date or week of manufacturing and complete address of manufacturer shall be marked on either the product or the packaging or contained in a label attached to the product. (3) The marking details shall contain reference to the website of the Bureau so that consumer may verify the authenticity of the product. (4) If the certificate of conformity number cannot be applied on the product or the packaging physically, it can be given on the test certificate. (5) For any specific product, additional labelling and marking requirements may be specified by the Bureau to which the holder of certificate of conformity shall comply with. Conditions of certificate of conformity 7. The conditions of certificate of conformity shall be as provided in regulation 14 of these regulations. Cancellation of Certificate of conformity 8. The Bureau shall cancel the certificate of conformity in accordance with regulation 19 of these regulations."
439,1,"Form - II (Refer sub-paragraph (5) of paragraph 3 of Scheme V) Bureau of Indian Standards Certificate of Conformity Certificate of Conformity No. - By virtue of the power conferred on it by the Bureau of Indian Standards Act, 2016 (11 of 2016) the Bureau hereby grants to Mr./Ms./M/s (hereinafter called 'the Holder of Certificate) this Certificate of Conformity for the product set out in the first column of the Schedule hereto, upon or in respect of the scope set out in the second column of the said Schedule which is manufactured in accordance with/conforms to the specified requirement(s) referred to in the second column of the said Schedule as from time to time amended or revised. 2. This Certificate of Conformity carries obligations on part of the holder of certificate as conditions of Certificate of Conformity which are given in Annexure attached herewith. This certificate shall be valid only for the Name and Address as mentioned in the Schedule."
440,1,"Schedule (Certificate of Conformity No_______________) Name Address (1) (2) Product Scope of certificate of conformity Signed, Sealed and Dated this ..................... day of ................... month of year............................ for Bureau of Indian Standards Name and Signature of Designated authority"
441,1,"Annexure (Certificate of Conformity No.______________) Conditions of the certificate of conformity (1) The holder of certificate of conformity shall be responsible for the conformity of the goods, article, process, system or service to specified requirements in relation to which certificate of conformity is issued. (2) The holder of certificate of conformity shall not use the certificate of conformity in relation to goods, articles, process, system or service which are non-conforming or outside the scope of the certificate of conformity. (3) Certificate of conformity shall not be used in relation to any goods, article, process, system or service during deferment or suspension, or, after expiry or cancellation of the certificate of conformity. (4) The holder of certificate of conformity shall comply with the provisions of the conformity assessment scheme under which certificate of conformity is granted, including labelling and marking requirements. (5) The holder of certificate of conformity shall maintain records as specified by the Bureau from time to time. (6) The holder of certificate of conformity shall provide the Bureau all assistance in connection with carrying out inspection or audit at its premises. (7) The holder of certificate of conformity shall provide information relating to production covered under certificate of conformity as and when it is required by the Bureau. (8) If the certificate of conformity is granted in relation to goods or articles, the holder of certificate of conformity shall provide the list of consignees, distributors, dealers or retailers to whom goods or articles under certificate of conformity is supplied. (9) The certificate of conformity shall not be transferred to any person without prior approval of the Bureau. (10) If a complaint regarding quality of any goods, article, process, system or service covered under certificate of conformity is established, the holder of certificate of conformity shall take suitable corrective actions so as to eliminate recurrence of such complaints in future. (11) The Bureau shall have the right to amend any of the conditions of certificate of conformity by giving a notice of at least one month to the holder of certificate of conformity."
442,1,"Scheme - VI Conformity assessment scheme for Grant of certificate of conformity for services as per any standard (based on scheme Type ‘F’ as per Schedule-I) Scope 1. (1) Under this Scheme which is based on Type ‘F’, certificate of conformity may be granted by the Bureau to an organisation providing service to a person or an organisation on demonstration of conformity of service and provision of services to the specified requirements. (2) The grant of certificate of conformity and their operation shall be done in accordance with the processes provided under paragraph 3 of this scheme. Definition 2. “service” means the result generated by activity at the interface between an organisation and a customer and by organisation’s internal activities, to meet customer requirements. Processes of the Scheme 3. (1) Selection.-(a) The service provider shall identify that,- (i) the service and the applicable specified requirements against which it intends to obtain a certificate of conformity; (ii) the resources to be used in the delivery of services and provide the details to the Bureau; and (iii) the elements of the service delivery to be contracted or outsourced, if allowed in the specified requirements. (b) the service provider shall offer sufficient sample to the Bureau for successful evaluation of services and provision of services keeping in view intended scope of the certificate of conformity; (c) the service provider shall prepare a service manual which it proposes to implement for demonstration of conformity of service and provision of services to the specified requirements; (d) the service provider may apply for grant of certificate of conformity in Form–I annexed to this scheme along with necessary documents and fee; (e) the applicant shall be responsible for the conformity of service and provision of service to the specified requirement, for which the application is being made; (f) the Bureau may require evidence to be produced by the applicant that the service and provision of service in respect of which certificate of conformity has been applied for conform to the specified requirement."
443,1,"(g) the applicant, before making an application to the Bureau, shall have been in operation for at least three months, providing the same service for which the application is being made. (2) Evaluation.- (a) The Bureau may call for required documents or any supplementary information or any documentary evidence from the applicant in support of or to substantiate any statement made in the application, within such time as may be directed by the Bureau; (b) if the applicant is not providing the documents or supplementary information or any documentary evidence under clause (a), application shall be summarily rejected by the Bureau; (c) if the documents or information or evidence furnished by the applicant are found to be satisfactory, the application may be processed for grant of certificate of conformity; (d) for evaluation of the service and service provider, the Bureau shall arrange visit to the service provider to carry out necessary evaluation that can include the following activities, namely:- (i) verification of documents submitted by the service provider; (ii) discussion on the adequacy and appropriateness of the service manual; (iii) validation of the design of the service delivery process, if applicable; (iv) testing and evaluation of service delivery processes and service outputs; (v) assessment of the resources used in the delivery of services; (vi) interview and communication with the service personal and assessment of their competence; (vii) assessment of contractors, subcontractors, franchisees, where the service delivery is contracted or outsourced; (viii) assessing the management and control of documentation, including any necessary aspects to address the confidentiality and privacy requirements; (ix) on-site or remote visits, at the physical location at which the service is being provided, or at any virtual locations where the services are provided; (x) anonymous observation or witnessing of the service being delivered; and (xi) obtaining and assessing feedback on the service being delivered and customer experience. (e) any inadequacy or non-conformity observed during the evaluation process shall be communicated in writing to the service provider in Form –II annexed to this Scheme. (3) Review.- The evaluation report shall be reviewed with respect to clause (d) of sub-paragraph (2) of paragraph 3 for their correctness and conformance to the specified requirement."
444,1,"(4) Decision.- (a) Before taking the decision on grant of certificate of conformity, the Bureau shall invite public comments for a period of one month after successful review of evaluation activities and this may include collection of information from customers, including complaints; (b) the Bureau shall grant certificate of conformity after completing the public announcement period with no major customer complaints and resolving the feedback form the customers satisfactorily; (5) Attestation.- The Bureau shall grant a certificate of conformity in Form III annexed to this Scheme indicating the scope of the certificate of conformity, certificate number, address of the service provider, validity of certificate, details of the specified requirements to the manufacturer. (6) Surveillance.- (a) The Bureau may carry out surveillance evaluation of the certificate holder either with or without prior intimation; (b) the need for carrying out the surveillance evaluation shall be decided keeping in view the risk associated with the service provided and any variation observed during such evaluation shall be communicated to the licensee in Form –II annexed to this Scheme. Complaints 4. (1) Whenever any complaint regarding nonconformity of the service and provision of service to the specified requirement, the same shall be investigated and investigation at complainant end shall precede the investigation at the certificate holder. (2) In case the complaint is established, – (a) steps shall be taken to advise the certificate holder to arrange redressal; (b) certificate of conformity may be suspended and certificate holder may be advised to take corrective actions and resumption may be permitted after satisfactory verification of corrective action; (c) in case it is established that certificate holder has indulged in any of the activity leading to establishment of any of the conditions given in sub paragraph (1) of paragraph 12 of this Scheme, certificate of conformity may be cancelled. Fee 5. (1) The application for grant of certificate of conformity shall be accompanied by fee of rupees fifteen thousand. (2) The following fee shall be payable before grant of certificate of conformity or re- certification as prescribed by the Bureau from time to time, namely:- (a) evaluation visit fee of rupees twelve thousand per man-day; and (b) annual certificate of conformity fee of rupees fifty thousand per year."
445,1,"(3) If the certificate of conformity is cancelled, no fee shall be refunded. Labelling and marking requirements 6. (1) A service provider shall use certificate of conformity number only in conjunction with the certified service. (2) The certificate of conformity number may be used on sales literature or promotional material. Conditions of certificate of conformity 7. The conditions of certificate of conformity shall be as provided in regulation 14 of these regulations. Validity of certificate of conformity 8. (1) The certificate of conformity shall be granted for a period of three years and the period may be extended or reduced in case of revision of applicable specified requirements. (2) The certificate holder is normally re-certified for a period of three years and re-certification period may be extended or reduced depending on the recertification decision or revision of applicable specified requirements. (3) The validity period of the certificate may be reduced based on the request of applicant or certificate holder. Re-certification of certificate of conformity 9. (1) The certificate holder shall submit an application for re-certification in the prescribed Form- II annexed to this Scheme to facilitate completion of re-certification within five month of its validity. (2) The re-certification of the certificate shall be done, - (a) if the re-certification application is found to be complete; (b) on payment of fee as specified in sub-paragraph (2) of paragraph 5; and (c) if the Bureau is satisfied that the certificate holder has successfully demonstrated conformity of service and provision of services to the specified requirement. (3) The provisions under sub-paragraphs (1) to (6) of paragraph 3 of this Scheme shall also be applicable for re-certification. (4) Upon re-certification, surveillance evaluation shall be planned in accordance with the guidelines of this Scheme and shall be carried out. (5) The re-certification shall be done in accordance with the regulation 8 of these regulations."
446,1,"Change in scope of certificate of conformity 10. The scope of the certificate of conformity may be extended or reduced upon a request made by the certificate holder in this regard. Suspension 11. (1) If, at any time, the Bureau has sufficient evidence that the services and provision of services for which certificate of conformity has been granted, are not conforming to the specified requirement, the Bureau may suspend the certificate of conformity and direct the holder to stop its use and evidence is not limited to, but may include one or more of the following, namely:– (a) using certificate of conformity in a manner not permitted by the Bureau; (b) discontinuance of operation for more than three months; (c) corrective actions are not taken within the time frame specified by the Bureau; (d) relocation of premises, without prior intimation to the Bureau; (e) false declaration in relation to the certificate of conformity or indulged in falsification of records or unfair trade practices; (f) failure to cooperate with the Bureau or its authorised representative for any such evaluation as may be required during the operation of the certificate of conformity. (2) The decision taken by the Bureau under sub-paragraph (1) shall be communicated to the certificate holder through e-mail or any other suitable means of written communication along with reasons thereof. (3) The certificate of conformity has been placed under suspension, its holder shall take corrective actions and inform the same to the Bureau. (4) On receipt of information on action taken, a special evaluation visit, if required, may be carried out by the Bureau to verify such action. (5) The Bureau may revoke the suspension after satisfying itself that the certificate holder has taken corrective actions with sufficient evidence to the Bureau to establish conformity of the relevant specified requirements. (6) If the suspension of the certificate is due to non-payment of necessary fee, the Bureau may direct the holder against its use by issuing a notice of twenty-one days and suspension may be revoked on receipt of the dues. (7) The period of suspension under sub-paragraph (1) shall not exceed one year."
447,1,"Cancellation or refusal of re-certification of certificate of conformity 12. (1) The Bureau may cancel or refuse recertification, if - (a) the certificate holder has indulged in misuse of the certificate of conformity; (b) has made false declaration in relation to the certificate or indulged in falsification of records or unfair trade practices; (c) suspension of certificate exceeds more than one year; (d) the certificate holder has re-located the premises and has resumed the use of certificate at the new premises without approval of the Bureau; (e) the certificate holder has violated any conditions of the certificate. (2) Before cancellation or refusal of recertification, the Bureau shall give the certificate holder a written notice of not less than twenty one days through e-mail or any other suitable means of communication, informing its intention of cancellation or refusal of re-certification, along with the grounds, with provision for submitting his written explanation and for personal hearing to the certificate, if sought. (3) If the certificate is not under suspension, the notice shall contain instructions to certificate holder directing him to stop use of certificate. (4) In case of non-receipt of a written explanation within a period of twenty-one days from the date of issue of the notice, the Bureau may cancel or refuse to re-certify the certificate of conformity. (5) If an explanation is submitted, the Bureau may take into consideration the explanation so submitted and give a personal hearing, if sought, to the certificate holder or his authorised representative, as the case may be, before taking a decision in this regard. (6) The decision taken by the Bureau for cancellation or refusal of re-certification under sub- paragraphs (4) and (5) of this Scheme shall be communicated to the certificate holder through e-mail or any other suitable means of written communication along with the grounds. (7) When a specified requirement is withdrawn and not superseded by any other requirements, any certificate granted in respect thereof shall be deemed to have been cancelled from the date of withdrawal of such specified requirement and any certificate of conformity shall be surrendered to the Bureau by the certificate holder forthwith. (8) For certificate of conformity cancelled under sub-paragraph (7), the Bureau shall refund the part of the certificate fee if paid in advance, proportionate to the unexpired period of the certificate."
450,1,Form - II (Refer clause (e) of sub-paragraph (2) of paragraph 3 of Scheme VI) Bureau of Indian Standards _____________ Branch Office (Discrepancy-cum-Advisory Report) Name of Applicant/Holder of Certificate: M/s Application/Certificate of Conformity No. Nature of visit Certificate of Conformity valid upto (initial/surveillance evaluation/others) Service(s)/Provision of service(s) Date(s) of visit Sr. Discrepancies/Advices rendered Specified requirement(s) or any other No. reference Comments/ agreed action (by Applicant/Holder of certificate) I have fully explained the contents of (i) I have fully understood the contents of this report this report (ii) Confirmation of the actions on discrepancy-cum -advisory shall be made to Bureau of Indian Standards within ____days. Signature____________________ Signature__________________ Name Name Designation Designation (Bureau of Indian Standards Representative) (Firm’s representative) Note: It is advised that a copy of this report be enclosed by the firm in the certificate of conformity file for necessary follow up actions and future reference.
451,1,"Form - III (Refer sub-paragraph (5) of paragraph 3 of Scheme VI ) Bureau of Indian Standards Certificate of Conformity Certificate of Conformity No. By virtue of the power conferred on it by the Bureau of Indian Standards Act, 2016 (11 of 2016) the Bureau hereby grants to M/s (hereinafter called 'the holder of Certificate) this Certificate of Conformity for the service(s)/provision of service(s) set out in the first column of the Schedule hereto, upon or in respect of the scope set out in the second column of the said schedule which is provided in accordance with/conforms to the specified requirement(s) referred to in the second column of the said Schedule as from time to time amended or revised. 2. This Certificate of Conformity carries obligations on part of the holder of certificate as conditions of Certificate of Conformity which are given in Annexure attached herewith. This certificate shall be valid for the Name, Address and period as mentioned in the Schedule and may be recertified as prescribed in the scheme."
452,1,"Schedule (Certificate of Conformity No__________________) Name Address Validity from ................................................ to .................................................... Service(s)/Provision of service(s) Scope of certificate of conformity (1) (2) Signed, Sealed and Dated this ..................... day of ................... month of year ............................ for Bureau of Indian Standards Name and signature of designated authority"
453,1,"Annexure (Certificate of Conformity No._____________________) Conditions of the Certificate of Conformity (1) The holder of certificate of conformity shall be responsible for the conformity of the goods, article, process, system or service to specified requirements in relation to which certificate of conformity is issued. (2) The holder of certificate of conformity shall not use the certificate of conformity in relation to goods, articles, process, system or service which are non-conforming or outside the scope of the certificate of conformity. (3) The certificate of conformity shall not be used in relation to any goods, article, process, system or service during deferment or suspension, or, after expiry or cancellation of the certificate of conformity. (4) The holder of certificate of conformity shall comply with the provisions of the conformity assessment scheme under which certificate of conformity is granted, including labelling and marking requirements. (5) The holder of certificate of conformity shall maintain records as specified by the Bureau from time to time. (6) The holder of certificate of conformity shall provide the Bureau all assistance in connection with carrying out inspection or audit or evaluation at its premises. (7) The holder of certificate of conformity shall provide information relating to services covered under certificate of conformity as and when it is required by the Bureau. (8) If the certificate of conformity is granted in relation to goods or articles, the holder of certificate of conformity shall provide the list of consignees, distributors, dealers or retailers to whom goods or articles under certificate of conformity is supplied. (9) The certificate of conformity shall not be transferred to any person without prior approval of the Bureau. (10) If a complaint regarding quality of any goods, article, process, system or service covered under certificate of conformity is established, the holder of certificate of conformity shall take suitable corrective actions so as to eliminate recurrence of such complaints in future. (11) The Bureau shall have the right to amend any of the conditions of certificate of conformity by giving a notice of at least one month to the holder of certificate of conformity."
454,1,"Scheme - VII Conformity assessment scheme for grant of certificate of conformity for type approval of goods and articles (based on scheme Type A as per Schedule-I) Scope 1. (1) Under this Scheme which is based on Type A, certificate of conformity may be granted by the Bureau to a person for type approval of goods or articles, hereinafter called products, based on design review or type testing. (2) The right to use certificate may indicate that products manufactured on an individual basis or under continuous production with similar material, design and process under manufacturer’s own quality assurance system meet the specified requirements indicated in the certificate. Definitions 2. (1) ‘third party laboratory’ means a laboratory established, maintained or recognised by the Bureau or government laboratories empanelled by the Bureau or any laboratory decided by the Executive Committee of the Bureau. Processes of the scheme 3. (1) Selection.- (a) The person shall identify the sample and the specified requirement applicable to the product against which it intends to obtain a certificate of conformity and the following details pertaining to the sample shall be submitted in Form – I annexed to this Scheme, namely:- (i) variety/grades/type/size; (ii) photograph (s) for identification of the sample(s) tested; (iii) manufacturer’s complete address; (iv) date (s) of manufacturing; (v) design; (vi) description of manufacturing process; and (vii) raw material. (b) the person shall submit test report for the specified requirement as provided in clause (a) of sub-paragraph (1) of the product which is issued from a third party laboratory along with an application. (2) Determination.- (a) The Bureau on receipt of the application shall examine the completeness of the information given in the application; (b) when the application is complete, the Bureau shall examine the conformity of the product to the specified requirement."
455,1,"(3) Review.- The test report and the details of the sample shall be reviewed for the correctness and conformance to the specified requirement. (4) Decision.- The decision on grant of certificate of conformity shall be taken by the Bureau based on the findings of the review and conformity of the product to the specified requirement. (5) Attestation.- (a) The Bureau shall grant the certificate of conformity to a person in Form –II annexed to this Scheme; (b) in case of foreign manufacturers, an agreement for grant of certificate of conformity, and indemnity bond duly executed on a non-judicial stamp paper of rupees one hundred submitted by the foreign manufacturer or his authorised Indian representative, as the case may be. (c) the foreign manufacturer shall submit a performance bank guarantee for US Dollars ten thousand issued by any Bank having its branch in India approved by the Reserve Bank of India. Complaint 4. (1) The Bureau shall acknowledge and investigate any complaint received regarding quality of the product covered under a certificate of conformity. (2) The action for closure of complaint shall be completed within ninety days, excluding the testing time, where testing of the product is involved. Fee 5. (1) The application fee and renewal application fee shall be rupees one thousand each. (2) The annual certificate of conformity fee for the use of certificate of conformity shall be rupees fifty thousand for large scale industries per year and twenty percent concession for micro small and medium enterprises, which shall be paid in advance. Explanation.- For the purposes of sub-paragraph (2), the expression micro, small and medium enterprises shall have the same meaning assigned to it in the Micro, Small and Medium Enterprises Development Act, 2006 (27 of 2006). (3) The annual certificate of conformity fee shall not be refunded if certificate of conformity is cancelled. Labelling and marking requirements 6. (1) Each product or the package or both shall be marked with certificate of conformity number. (2) The product details, as per the requirement of the standard, which may include variety, lot or batch number, date or week of manufacturing, complete address of manufacturer shall be marked on either the product or the packaging or contained in a label attached to the product."
456,1,"(3) The marking details shall contain reference to the website of the Bureau so that consumer may, verify the authenticity of the product. (4) If the certificate of conformity number cannot be applied on the product or the packaging physically, it shall be given on the test certificate. (5) For any specific product, additional labelling and marking requirements may be specified by the Bureau to which the holder of certificate of conformity shall comply with. Conditions of certificate of conformity 7. (1) The conditions of certificate of conformity shall be as provided in regulation 14 of these regulations. Validity of certificate of conformity 8. (1) The certificate of conformity shall be granted initially for not less than one year and upto two years. (2) The certificate of conformity may be renewed for a further period of not less than one year and upto five years. (3) Notwithstanding the fact that the certificate of conformity has been renewed, it shall be deemed cancelled as soon as the specified requirement are amended or revised. Renewal of certificate of conformity 9. (1) An application for renewal of certificate of conformity shall be made before three months of expiration of certificate of conformity to the Bureau in Form – III annexed to this Scheme. (2) The Bureau shall renew the certificate of conformity in Form –IV annexed to this Scheme. (3) The renewal of certificate of conformity shall be done in accordance with regulation 16 of these regulations. Suspension 10. (1) (a) The holder of certificate of conformity on its own shall suspend its use under intimation to the Bureau if, at any time, there is difficulty in maintaining the conformity of the product to the specified requirements covered under certificate of conformity or any test equipment goes out of order or due to natural calamities such as flood, fire, earthquake, a lock out declared by the management, or, closure of operations directed by a competent court or statutory authority; (b) the revocation of suspension may be done as soon as the deficiencies are removed and information shall be sent to the Bureau immediately but not later than seven days of such revocation; (c) the holder of certificate of conformity on its own shall suspend its use under intimation to the Bureau on relocation of manufacturing unit to a new premises. (2) (a) The Bureau may suspend the certificate of conformity and direct the holder of certificate"
457,1,"of conformity to stop its use if, at any time, there is sufficient evidence that the product may not be conforming to the specified requirements covered under the certificate of conformity and evidence is not limited to, but may include one or more of the following, namely:- (i) modification in the manufacturing process, design and raw material; and (ii) non-compliance of any instruction issued by the Bureau from time to time. (b) the holder of certificate of conformity, whose certificate of conformity has been put under suspension, shall stop using the same and he shall also stop dispatch of the product covered under the certificate of conformity; (c) a confirmation with regard to the action taken under clause (a) shall be sent to the Bureau immediately followed by confirmation of having taken corrective actions; (d) the Bureau may allow revocation of suspension after satisfying itself that the holder of certificate has taken necessary corrective actions. (3) The Bureau may suspend the certificate of conformity after issuing a notice of twenty one days and direct its holder to stop use of the certificate of conformity when requisite fee is not paid and the suspension may be revoked on payment of dues by the certificate holder. Cancellation of certificate of conformity 11. The Bureau shall cancel the certificate of conformity in accordance with regulation 19 of these regulations."
460,1,"Form - II (Refer sub-paragraph (5) of paragraph 3 of Scheme VII) Bureau of Indian Standards Certificate of Conformity Certificate of Conformity No._______________ By virtue of the power conferred on it by the Bureau of Indian Standards Act, 2016 (11 of 2016) the Bureau hereby grants to M/s (hereinafter called 'the Holder of Certificate) this Certificate of Conformity for the product set out in the first column of the Schedule hereto, upon or in respect of the scope set out in the second column of the said Schedule which is manufactured in accordance with/conforms to the specified requirement(s) referred to in the second column of the said Schedule as from time to time amended or revised. 2. This Certificate of Conformity carries obligations on part of the holder of certificate as conditions of Certificate of Conformity which are given in Annexure attached herewith. This certificate shall be valid for the Name, Factory Address and period as mentioned in the Schedule and may be renewed as specified in the scheme."
461,1,"Schedule (Certificate of conformity No______________) Name Factory Address Validity from ................................................ to .................................................... This certificate of conformity is granted on account of examination of specimen sample (s) of the product submitted by the manufacturer to M/s …………………………………………………………, the attested results of which are enclosed. The attested design, manufacturing process, raw materials and photograph (s) of the said sample (s) are also enclosed. Product Scope of certificate of conformity (1) (2) Signed, Sealed and Dated this ..................... day of ................... month of year ............................ for Bureau of Indian Standards Name and signature of designated authority"
462,1,"Annexure (Certificate of Conformity No.______________________) Conditions of the Certificate of Conformity (1) The holder of certificate of conformity shall be responsible for the conformity of the goods, article, process, system or service to specified requirements in relation to which certificate of conformity is issued. (2) The holder of certificate of conformity shall not use the certificate of conformity in relation to goods, articles, process, system or service which are non-conforming or outside the scope of the certificate of conformity. (3) The certificate of conformity shall not be used in relation to any goods, article, process, system or service during deferment or suspension, or, after expiry or cancellation of the certificate of conformity. (4) The holder of certificate of conformity shall comply with the provisions of the conformity assessment scheme under which certificate of conformity is granted, including labelling and marking requirements. (5) The holder of certificate of conformity shall maintain records as specified by the Bureau from time to time. (6) The holder of certificate of conformity shall provide the Bureau all assistance in connection with carrying out inspection or audit at its premises. (7) The holder of certificate of conformity shall provide information relating to production covered under certificate of conformity as and when it is required by the Bureau. (8) If the certificate of conformity is granted in relation to goods or articles, the holder of certificate of conformity shall provide the list of consignees, distributors, dealers or retailers to whom goods or articles under certificate of conformity is supplied. (9) The certificate of conformity shall not be transferred to any person without prior approval of the Bureau. (10) If a complaint regarding quality of any goods, article, process, system or service covered under certificate of conformity is established, the holder of certificate of conformity shall take suitable corrective actions so as to eliminate recurrence of such complaints in future. (11) The Bureau shall have the right to amend any of the conditions of certificate of conformity by giving a notice of at least one month to the holder of certificate of conformity."
463,1,"Form - III (Refer sub-paragraph (1) of paragraph 9 of Scheme VII) Application for renewal of certificate of conformity Head ................... Branch Office Bureau of Indian Standards Dear Sir/Madam, I/we, carrying on business at ............................................................................................. ......................................................................................................................... (Full factory and office address) apply for renewal of Certificate of Conformity No. .............................granted by the Bureau under Bureau of Indian Standards Act, 2016, and the rules and regulations framed thereunder, as amended from time to time, for a further period from ............................. to ................................, the conditions being the same as stipulated in the aforesaid certificate and amended from time to time. 2. Details of production of goods effected under the certificate are given in the report of performance placed overleaf duly authenticated by CEO/authorised signatory of our company. 3. I/We are enclosing herewith Receipt No.___________dated ________________ for ₹___________ towards the following dues: i) Renewal application fee ₹ ii) Annual certificate of conformity fee ₹ per year rate iii) Previous dues/Other fee (as per Bureau of Indian Standards notice) if any. iv) Total amount ₹ Signature Date Name Designation Seal of Firm For and on behalf of"
464,1,"Report of Performance (Period to be covered by the Report being ...................................... to …….......................................) a Name of Product ................................... Certificate of Conformity No. - 1. Total production of the article(s) 2. Production covered under certificate of conformity and its approximate value 2.1 Quantity ________ 2.2 Value(₹) ________ 3. Quantity not covered under certificate of conformity, if any, and the reasons for such non-coverage 4. Names and addresses of all purchasers of goods covered under certificate of conformity including Union/State Government Ministry/Department/ Undertaking etc. (if applicable) 5. Month-wise Production statement for the period mentioned Note: Attach separate sheet, if required"
465,1,"Form - IV (Refer sub-paragraph (2) of paragraph 9 of Scheme VII) Attachment to Certificate of Conformity (CoC) No. ............................. CoC No.- Name of the holder of certificate with the Factory Name of the Product Address Endorsement No. ...... Dated .... Whereas, the certificate was valid up to …………………….. , *And, whereas the renewal was deferred till …………… and holder of certificate was not allowed to use the certificate from ………………. to …………………. (*Strike out, if not applicable), Now, consequent upon renewal, the validity of the certificate given in schedule of the original certificate/ endorsement No. ….. has been extended from …………………. to ………………… Other conditions of the certificate remain the same. Signature of designated authority (Name of designated authority) ( H. L. Upendar ) Scientist G & DDG (CA & PP&C), Bureau of Indian Standards # Substituted vide Gazette notification No. F. No. BS/11/11/2018 dated 12 October 2018"
