Serial No,Indian Standard Number,Unit,Large Scale Enterprise Rate,MSME Rate,Slab 1 Unit Rate,Slab 1 Quantity,Slab 2 Unit Rate,Slab 2 Quantity,Slab 3 Unit Rate,Effective Date,Source Row
1760,,IS 18837 : 2024 1 Litre,117000.0,94000.0,0.9,All,0.0,,0.0,20260121,"1760 IS 18837 : 2024 1 Litre ₹ 1,17,000.00 ₹ 94,000.00 ₹ 0.90 All ₹ 0.00 0 ₹ 0.00 20260121"
1761,,IS 1809 : 2024 1 MT,198000.0,159000.0,33.0,All,0.0,,0.0,20260121,"1761 IS 1809 : 2024 1 MT ₹ 1,98,000.00 ₹ 1,59,000.00 ₹ 33.00 All ₹ 0.00 0 ₹ 0.00 20260121"
1762,,IS 4712 : 1984 1 MT,117000.0,94000.0,58.5,All,0.0,,0.0,20260121,"1762 IS 4712 : 1984 1 MT ₹ 1,17,000.00 ₹ 94,000.00 ₹ 58.50 All ₹ 0.00 0 ₹ 0.00 20260121"
1763,,IS 12370 (Part 2) : 2023/ ISO 4126-2: 2018 1 Set,65000.0,52000.0,1.3,All,0.0,,0.0,20260121,"1763 IS 12370 (Part 2) : 2023/ ISO 4126-2: 2018 1 Set ₹ 65,000.00 ₹ 52,000.00 ₹ 1.30 All ₹ 0.00 0 ₹ 0.00 20260121"
1764,,IS 10555 (Part 5) : 2013 1000 Pieces,318000.0,255000.0,8.0,All,0.0,,0.0,20260121,"1764 IS 10555 (Part 5) : 2013 1000 Pieces ₹ 3,18,000.00 ₹ 2,55,000.00 ₹ 8.00 All ₹ 0.00 0 ₹ 0.00 20260121"
1765,,IS 9202 : 2020 100 Pieces,290000.0,232000.0,38.0,All,0.0,,0.0,20260121,"1765 IS 9202 : 2020 100 Pieces ₹ 2,90,000.00 ₹ 2,32,000.00 ₹ 38.00 All ₹ 0.00 0 ₹ 0.00 20260121"
1766,,IS 2762 : 2009 1 MT,186000.0,149000.0,34.1,All,0.0,,0.0,20260121,"1766 IS 2762 : 2009 1 MT ₹ 1,86,000.00 ₹ 1,49,000.00 ₹ 34.10 All ₹ 0.00 0 ₹ 0.00 20260121"
1767,IS 19089 : 2025 One Apparat,,93000.0,75000.0,120.0,All,0.0,,0.0,20260218,"1767 IS 19089 : 2025 One Apparat ₹ 93,000.00 ₹ 75,000.00 ₹ 120.00 All ₹ 0.00 0 ₹ 0.00 20260218 [भाग III—खण् ड 4] भारत का रािपत्र : असाधारण 5 us"
1768,,IS 260 : 2024 1 MT,56000.0,45000.0,3.15,All,0.0,,0.0,20260218,"1768 IS 260 : 2024 1 MT ₹ 56,000.00 ₹ 45,000.00 ₹ 3.15 All ₹ 0.00 0 ₹ 0.00 20260218"
1769,,IS 16012 : 2012 1 MT,142000.0,114000.0,142.0,All,0.0,,0.0,20260218,"1769 IS 16012 : 2012 1 MT ₹ 1,42,000.00 ₹ 1,14,000.00 ₹ 142.00 All ₹ 0.00 0 ₹ 0.00 20260218"
1770,,IS 13702 : 1993 1 MT,72000.0,58000.0,11.55,All,0.0,,0.0,20260218,"1770 IS 13702 : 1993 1 MT ₹ 72,000.00 ₹ 58,000.00 ₹ 11.55 All ₹ 0.00 0 ₹ 0.00 20260218"
1771,,IS 16468 : 2016 1 MT,140000.0,112000.0,19.0,All,0.0,,0.0,20260218,"1771 IS 16468 : 2016 1 MT ₹ 1,40,000.00 ₹ 1,12,000.00 ₹ 19.00 All ₹ 0.00 0 ₹ 0.00 20260218"
1772,,IS 19267 : 2025 1 sqm,104000.0,84000.0,0.2,All,0.0,,0.0,20260218,"1772 IS 19267 : 2025 1 sqm ₹ 1,04,000.00 ₹ 84,000.00 ₹ 0.20 All ₹ 0.00 0 ₹ 0.00 20260218"
1773,,IS 6455 : 2020 100 pc,168000.0,135000.0,1.4,All,0.0,,0.0,20260218,"1773 IS 6455 : 2020 100 pc ₹ 1,68,000.00 ₹ 1,35,000.00 ₹ 1.40 All ₹ 0.00 0 ₹ 0.00 20260218"
1774,,IS 10654 : 2018 1000 Pc,278000.0,223000.0,0.2,All,0.0,,0.0,20260218,"1774 IS 10654 : 2018 1000 Pc ₹ 2,78,000.00 ₹ 2,23,000.00 ₹ 0.20 All ₹ 0.00 0 ₹ 0.00 20260218"
1775,,IS 4378 (Part 1) : 2017/ ISO 5749 : 2004 100 Pc,87000.0,70000.0,7.25,All,0.0,,0.0,20260218,"1775 IS 4378 (Part 1) : 2017/ ISO 5749 : 2004 100 Pc ₹ 87,000.00 ₹ 70,000.00 ₹ 7.25 All ₹ 0.00 0 ₹ 0.00 20260218"
1776,,IS 1930 : 2003/ ISO 2729 : 1995 100 Pc,125000.0,100000.0,12.5,All,0.0,,0.0,20260218,"1776 IS 1930 : 2003/ ISO 2729 : 1995 100 Pc ₹ 1,25,000.00 ₹ 1,00,000.00 ₹ 12.50 All ₹ 0.00 0 ₹ 0.00 20260218"
1777,,IS 4665-2-3 : 2023/IEC 60745- 2-3: 2006 1 Piece,299000.0,240000.0,3.0,All,0.0,,0.0,20260218,"1777 IS 4665-2-3 : 2023/IEC 60745- 2-3: 2006 1 Piece ₹ 2,99,000.00 ₹ 2,40,000.00 ₹ 3.00 All ₹ 0.00 0 ₹ 0.00 20260218"
1778,,IS 4665-2-6: 2023/IEC 60745- 2-6: 2003 1 Piece,311000.0,249000.0,2.6,All,0.0,,0.0,20260218,"1778 IS 4665-2-6: 2023/IEC 60745- 2-6: 2003 1 Piece ₹ 3,11,000.00 ₹ 2,49,000.00 ₹ 2.60 All ₹ 0.00 0 ₹ 0.00 20260218"
1779,,IS 18158 : 2023 1 SQM,216000.0,173000.0,0.3,All,0.0,,0.0,20260309,"1779 IS 18158 : 2023 1 SQM ₹ 2,16,000.00 ₹ 1,73,000.00 ₹ 0.30 All ₹ 0.00 0 ₹ 0.00 20260309"
1780,,IS 18874: 2024/ IEC 60404-8-8 : 2017 1 MT,65000.0,52000.0,11.5,All,0.0,,0.0,20260309,"1780 IS 18874: 2024/ IEC 60404-8-8 : 2017 1 MT ₹ 65,000.00 ₹ 52,000.00 ₹ 11.50 All ₹ 0.00 0 ₹ 0.00 20260309"
1781,,IS 2603: 1983 1 MT,90000.0,72000.0,36.6,All,0.0,,0.0,20260309,"1781 IS 2603: 1983 1 MT ₹ 90,000.00 ₹ 72,000.00 ₹ 36.60 All ₹ 0.00 0 ₹ 0.00 20260309"
1782,,IS 19382 : 2025 1000 Pieces,51000.0,41000.0,0.5,All,0.0,,0.0,20260309,"1782 IS 19382 : 2025 1000 Pieces ₹ 51,000.00 ₹ 41,000.00 ₹ 0.50 All ₹ 0.00 0 ₹ 0.00 20260309"
1783,,IS 17585 : 2021 1 Piece,198000.0,159000.0,0.1,All,0.0,,0.0,20260309,"1783 IS 17585 : 2021 1 Piece ₹ 1,98,000.00 ₹ 1,59,000.00 ₹ 0.10 All ₹ 0.00 0 ₹ 0.00 20260309"
1784,,IS 17806 : 2022/ ISO 7465 : 2007 1 MT,157000.0,126000.0,17.45,All,0.0,,0.0,20260309,"1784 IS 17806 : 2022/ ISO 7465 : 2007 1 MT ₹ 1,57,000.00 ₹ 1,26,000.00 ₹ 17.45 All ₹ 0.00 0 ₹ 0.00 20260309"
1785,IS 10245 (Part 4) : 1982 One Breathi ng Apparat us,,51000.0,41000.0,35.6,All,0.0,,0.0,20260421,"1785 IS 10245 (Part 4) : 1982 One Breathi ng Apparat us ₹ 51,000.00 ₹ 41,000.00 ₹ 35.60 All ₹ 0.00 0 ₹ 0.00 20260421"
1786,,IS 19084 : 2024 100 Pcs,86000.0,69000.0,0.4,All,0.0,,0.0,20260421,"1786 IS 19084 : 2024 100 Pcs ₹ 86,000.00 ₹ 69,000.00 ₹ 0.40 All ₹ 0.00 0 ₹ 0.00 20260421"
1787,,IS 740 : 1977 1 MT,68000.0,55000.0,34.3,All,0.0,,0.0,20260421,"1787 IS 740 : 1977 1 MT ₹ 68,000.00 ₹ 55,000.00 ₹ 34.30 All ₹ 0.00 0 ₹ 0.00 20260421"
1788,,IS 6457 : 2024 1 Pc,247000.0,198000.0,12.35,All,0.0,,0.0,20260421,"1788 IS 6457 : 2024 1 Pc ₹ 2,47,000.00 ₹ 1,98,000.00 ₹ 12.35 All ₹ 0.00 0 ₹ 0.00 20260421"
1789,,IS 4665 (Part 2/ Sec 5): 2023 IEC 60745-2- 5 : 2010 1 Piece,294000.0,236000.0,2.6,All,0.0,,0.0,20260421,"1789 IS 4665 (Part 2/ Sec 5): 2023 IEC 60745-2- 5 : 2010 1 Piece ₹ 2,94,000.00 ₹ 2,36,000.00 ₹ 2.60 All ₹ 0.00 0 ₹ 0.00 20260421"
1790,,IS 8856 (Part 1): 2025 1 MT,119000.0,96000.0,26.0,All,0.0,,0.0,20260421,"1790 IS 8856 (Part 1): 2025 1 MT ₹ 1,19,000.00 ₹ 96,000.00 ₹ 26.00 All ₹ 0.00 0 ₹ 0.00 20260421"
1791,,IS 17908 : 2023 1 MT,156000.0,125000.0,4.75,All,0.0,,0.0,20260421,"1791 IS 17908 : 2023 1 MT ₹ 1,56,000.00 ₹ 1,25,000.00 ₹ 4.75 All ₹ 0.00 0 ₹ 0.00 20260421"
1792,,IS 3964 : 1980 1 MT,126000.0,101000.0,5.8,All,0.0,,0.0,20260421,"1792 IS 3964 : 1980 1 MT ₹ 1,26,000.00 ₹ 1,01,000.00 ₹ 5.80 All ₹ 0.00 0 ₹ 0.00 20260421"
1793,,IS 926 : 1985 1 Piece,120000.0,96000.0,0.25,All,0.0,,0.0,20260421,"1793 IS 926 : 1985 1 Piece ₹ 1,20,000.00 ₹ 96,000.00 ₹ 0.25 All ₹ 0.00 0 ₹ 0.00 20260421"
1794,,IS 5326 : 2025 1 Piece,268000.0,215000.0,1.3,All,0.0,,0.0,20260421,"1794 IS 5326 : 2025 1 Piece ₹ 2,68,000.00 ₹ 2,15,000.00 ₹ 1.30 All ₹ 0.00 0 ₹ 0.00 20260421"
1795,,IS 1867 : 2023 100 Pieces,110000.0,88000.0,16.95,All,0.0,,0.0,20260521,"1795 IS 1867 : 2023 100 Pieces ₹ 1,10,000.00 ₹ 88,000.00 ₹ 16.95 All ₹ 0.00 0 ₹ 0.00 20260521"
1796,,IS 6307 : 2023 1 MT,170000.0,136000.0,35.45,All,0.0,,0.0,20260521,"1796 IS 6307 : 2023 1 MT ₹ 1,70,000.00 ₹ 1,36,000.00 ₹ 35.45 All ₹ 0.00 0 ₹ 0.00 20260521"
1797,,IS 19210 : 2025 1 MT,180000.0,144000.0,7.8,All,0.0,,0.0,20260521,"1797 IS 19210 : 2025 1 MT ₹ 1,80,000.00 ₹ 1,44,000.00 ₹ 7.80 All ₹ 0.00 0 ₹ 0.00 20260521"
1798,,IS 17440 : 2020 1 MT,152000.0,122000.0,6.25,All,0.0,,0.0,20260521,"1798 IS 17440 : 2020 1 MT ₹ 1,52,000.00 ₹ 1,22,000.00 ₹ 6.25 All ₹ 0.00 0 ₹ 0.00 20260521"
1799,,IS 18480 : 2025 1 MT,145000.0,116000.0,26.0,All,0.0,,0.0,20260521,"1799 IS 18480 : 2025 1 MT ₹ 1,45,000.00 ₹ 1,16,000.00 ₹ 26.00 All ₹ 0.00 0 ₹ 0.00 20260521"
1800,,IS 18841 : 2024 100 Pieces,79000.0,64000.0,7.9,All,0.0,,0.0,20260521,"1800 IS 18841 : 2024 100 Pieces ₹ 79,000.00 ₹ 64,000.00 ₹ 7.90 All ₹ 0.00 0 ₹ 0.00 20260521 6 THE GAZETTE OF INDIA : EXTRAORDINARY [PART III—SEC.4]"
1801,,IS 17524 :2021 1000 Pieces,118000.0,95000.0,1.85,All,0.0,,0.0,20260521,"1801 IS 17524 :2021 1000 Pieces ₹ 1,18,000.00 ₹ 95,000.00 ₹ 1.85 All ₹ 0.00 0 ₹ 0.00 20260521"
1802,,IS 2095 (Part 2) : 2022 1 Sqm,223000.0,179000.0,0.6,All,0.0,,0.0,20251211,"1802 IS 2095 (Part 2) : 2022 1 Sqm ₹ 2,23,000.00 ₹ 1,79,000.00 ₹ 0.60 All ₹ 0.00 0 ₹ 0.00 20260521 Note: The principal notification was published in the Gazette of India, Extraordinary, Part III, Sec4, vide CMD-2/G-18 dated 05th August 2021 and subsequently amended vide CMD-2/G-18, dated 21st September, 2021, CMD-2/G-18 dated 13th October, 2021, CMD-2/G-18 dated 17th December, 2021, CMD-2/G-18 dated 22nd February, 2022, CMD-2/G-18 dated 03rd March, 2022, CMD-2/G-18 dated 29th March, 2022, CMD-2/G-18 dated 28th April, 2022, CMD-2/G-18 dated 24th June, 2022, CMD-2/G-18 dated 01st September, 2022, CMD-2/G-18 dated 19th December, 2022, CMD-2/G-18 dated 03rd February, 2023, CMD-2/G-18 dated 12th June, 2023, CMD-2/G-18 dated 21st June, 2023, CMD-2/G-18 dated 23rd August, 2023, CMD-2/G-18 dated 04th December, 2023, CMD-2/G-18 dated 13th February, 2024, CMD-2/G-18 dated 7th March, 2024, CMD-2/G-18 dated 19th July, 2024, CMD-2/G-18 dated 07th October, 2024, CMD-2/G-18 dated 30th December, 2024, CMD-2/G-18 dated 13th June, 2025 and CMD-2/G-18 dated 02nd January, 2026. H. J. S. PASRICHA, Scientist G & Dy. Director General (Certification) [ADVT.-III/4/Exty./168/2026-27] Uploaded by Dte. of Printing at Government of India Press, Ring Road, Mayapuri, New Delhi-110064 and Published by the Controller of Publications, Delhi-110054. 144 GI/2026 (1) रजिस्ट्री सं. डी.एल.- 33004/99 REGD. No. D. L.-33004/99 xxxGIDHxxx xxxGIDExxx असाधारण EXTRAORDINARY भाग III—खण् ड 4 PART III—Section 4 प्राजधकार से प्रकाजित PUBLISHED BY AUTHORITY भारतीय मानक ब् यूरो (उपभोक् ता मामले जिभाग) अजधसूचना नई दिल्ली, 2 िनिरी, 2026 सीएमडी-2/िी-18. —भारतीय मानक ब्यूरो (अनुरूपता मूल्यांकन) जिजनयम, 2018 की अनुसूची-II की स्ट् कीम-I के पैराग्राफ-5 के उप-पैराग्राफ 2 और ब्यूरो संख्या सीएमडी-2/ G-18 दिनांक 05 अगस्ट्त, 2021 की अजधसूचना भारत के रािपत्र, असाधारण, भाग III, खंड 4 में प्रकाजित, के अनुसरण में, ब्यूरो एतद्द्वारा उक्त अजधसूचना में जनम्नजलजखत संिोधन करता है, अर्ात्:- क) ब्यूरो संख्या सीएमडी -2 / िी -18 दिनांक 05 अगस्ट्त 2021 की अजधसूचना की ""अनुसूची"" में – ख) क्रमांक 899 और उससे संबंजधत प्रजिजियों के स्ट्र्ान पर, जनम्नजलजखत क्रमांक और प्रजिजियों को प्रजतस्ट्र्ाजपत दकया िाएगा, अर्ात्:- 899 आईएस 14756: 2024 1 टन ₹ 95,000.00 ₹ 76,000.00 ₹ 38.4 सभी ₹ 0.00 0 ₹ 0.00 अजधसूचना के एक माह से सं. 17] नई दिल्ली, बुधिार, िनिरी 7, 2026/पौष 17, 1947 No. 17] NEW DELHI, WEDNESDAY, JANUARY 7, 2026/PAUSHA 17, 1947 सी.जी.-डी.एल.-अ.-08012026-269200 CG-DL-E-08012026-269200 2 THE GAZETTE OF INDIA : EXTRAORDINARY [PART III—SEC.4] i) क्रमांक 1709 के बाि, उससे संबंजधत प्रजिजियां, जनम्नजलजखत क्रमांक और प्रजिजियां अंत:स्ट्र्ाजपत की िाएंगी, अर्ात्:- क्रमांक. भारतीय मानक संख्या इकाई बडे स्ट् तर के उद्यम माइक्रो छोटे मझौले उद्यम यूजनट िर स्ट्लैब-1 स्ट्लैब-1 मात्रा पर मान्य यूजनट िर स्ट्लैब-2 यूजनट -2 मात्रा पर लागू िेष मात्रा के जलए स्ट्लैब -3 यूजनट िरें प्रभािी जतजर् 1710 आईएस 1628 : 1986 1 लीटर ₹ 1,64,000.00 ₹ 1,32,000.00 ₹ 0.16 सभी ₹ 0.00 0 ₹ 0.00 20250710 1711 आईएस 1115 : 1986 1 लीटर ₹ 1,64,000.00 ₹ 1,32,000.00 ₹ 0.20 सभी ₹ 0.00 0 ₹ 0.00 20250710 1712 आईएस 15356:2025 1 मीट्ररक टन ₹ 51,000.00 ₹ 41,000.00 ₹ 7.10 सभी ₹ 0.00 0 ₹ 0.00 20250710 1713 आईएस 230 : 2025 1 मीट्ररक टन ₹ 51,000.00 ₹ 41,000.00 ₹ 9.00 सभी ₹ 0.00 0 ₹ 0.00 20250710 1714 आईएस 8540 : 1986 1 लीटर ₹ 92,000.00 ₹ 74,000.00 ₹ 0.15 सभी ₹ 0.00 0 ₹ 0.00 20250710 1715 आईएस 17753:2021 1 मीट्ररक टन ₹ 2,88,000.00 ₹ 2,31,000.00 ₹ 13.15 सभी ₹ 0.00 0 ₹ 0.00 20250710 1716 आईएस 333 : 2023 1 मीट्ररक टन ₹ 69,000.00 ₹ 56,000.00 ₹ 17.20 सभी ₹ 0.00 0 ₹ 0.00 20250710 1717 आईएस 4717 : 2020 100 िगा मीटर ₹ 72,000.00 ₹ 58,000.00 ₹ 0.85 सभी ₹ 0.00 0 ₹ 0.00 20250710 1718 आईएस 4739 : 2023 100 िगा मीटर ₹ 75,000.00 ₹ 60,000.00 ₹ 12.40 सभी ₹ 0.00 0 ₹ 0.00 20250710 1719 आईएस 18930:2024 1 सेट ₹ 2,47,000.00 ₹ 1,98,000.00 ₹ 0.15 सभी ₹ 0.00 0 ₹ 0.00 20250710 1720 आईएस 16542:2016 1 पीस ₹ 57,000.00 ₹ 46,000.00 ₹ 7.15 सभी ₹ 0.00 0 ₹ 0.00 20250710 1721 आईएस 4021 : 1995 1 पीस ₹ 1,02,000.00 ₹ 82,000.00 ₹ 3.40 सभी ₹ 0.00 0 ₹ 0.00 20250710 1722 आईएस 15388:2003 1 मीट्ररक टन ₹ 1,04,000.00 ₹ 84,000.00 ₹ 3.00 सभी ₹ 0.00 0 ₹ 0.00 20250710 1723 आईएस 17725:2022 1 मीट्ररक टन ₹ 56,000.00 ₹ 45,000.00 ₹ 7.50 सभी ₹ 0.00 0 ₹ 0.00 20250710 1724 आईएस 17786:2020 100 पीस ₹ 74,000.00 ₹ 60,000.00 ₹ 1.25 सभी ₹ 0.00 0 ₹ 0.00 20250710 1725 आईएस 1961 : 1968 1000 पीस ₹ 1,17,000.00 ₹ 94,000.00 ₹ 6.40 सभी ₹ 0.00 0 ₹ 0.00 20250710 1726 आईएस 2083 : 2024 100 पीस ₹ 2,87,000.00 ₹ 2,30,000.00 ₹ 12.95 सभी ₹ 0.00 0 ₹ 0.00 20250710 1727 आईएस 3039 : 2024 1 मीट्ररक टन₹ 1,13,000.00 ₹ 91,000.00 ₹ 4.00 सभी ₹ 0.00 0 ₹ 0.00 20250728 1728 आईएस 17399: 2020 1 मीट्ररक टन₹ 1,32,000.00 ₹ 1,06,000.00 ₹ 55.00 सभी ₹ 0.00 0 ₹ 0.00 20250728 1729 आईएस 13450 (भाग 2/ खंड 24) : 2019 / आईईसी 60601-2-24 : 2012 1 पीस ₹ 3,31,000.00 ₹ 2,65,000.00 ₹ 24.00 सभी ₹ 0.00 0 ₹ 0.00 20250728 1730 आईएस 18166: 2025 1 टन ₹ 1,62,000.00 ₹ 1,30,000.00 ₹ 200.00 सभी ₹ 0.00 0 ₹ 0.00 20250728 1731 आईएस 8702 : 2015 1 मीट्ररक टन ₹ 96,000.00 ₹ 77,000.00 ₹ 43.75 सभी ₹ 0.00 0 ₹ 0.00 20250826 1732 आईएस 26 : 2024 1 मीट्ररक टन ₹ 79,000.00 ₹ 64,000.00 ₹ 19.75 सभी ₹ 0.00 0 ₹ 0.00 20250826 1733 आईएस 1388 (भाग 1) : 2019 1 पीस ₹ 96,000.00 ₹ 77,000.00 ₹ 0.50 सभी ₹ 0.00 0 ₹ 0.00 20250826 1734 आईएस 6106 : 1971 1 पीस ₹ 51,000.00 ₹ 41,000.00 ₹ 103.7 सभी ₹ 0.00 0 ₹ 0.00 20250826 1735 आईएस 15340: 2019 100 िगा मीटर ₹ 62,000.00 ₹ 50,000.00 ₹ 0.50 सभी ₹ 0.00 0 ₹ 0.00 20250929 1736 आईएस 9685 : 2002 1 टन ₹ 71,000.00 ₹ 57,000.00 ₹ 184.90 सभी ₹ 0.00 0 ₹ 0.00 20250929 1737 आईएस 249 : 2022 1 मीट्ररक टन ₹ 54,000.00 ₹ 44,000.00 ₹ 11.85 सभी ₹ 0.00 0 ₹ 0.00 20250929 1738 आईएस 330 : 2023 1 मीट्ररक टन ₹ 99,000.00 ₹ 80,000.00 ₹ 23.95 सभी ₹ 0.00 0 ₹ 0.00 20250929 1739 आईएस 1540 (भाग 2) 1 मीट्ररक टन ₹ 68,000.00 ₹ 55,000.00 ₹ 7.60 सभी ₹ 0.00 0 ₹ 0.00 20250929 [भाग III—खण् ड 4] भारत का रािपत्र : असाधारण 3 : 1990 1740 आईएस 2782 : 2023 1 मीट्ररक टन ₹ 98,000.00 ₹ 79,000.00 ₹ 136.15 सभी ₹ 0.00 0 ₹ 0.00 20250929 1741 आईएस 18256: 2023 1 मीट्ररक टन₹ 2,46,000.00 ₹ 1,97,000.00 ₹ 9.50 सभी ₹ 0.00 0 ₹ 0.00 20250929 1742 आईएस 2191 (भाग 1) : 2022 1 िगा मीटर ₹ 1,97,000.00 ₹ 1,58,000.00 ₹ 2.00 सभी ₹ 0.00 0 ₹ 0.00 20250929 1743 आईएस 19315: 2025 1 पीस ₹ 1,18,000.00 ₹ 95,000.00 ₹ 0.70 सभी ₹ 0.00 0 ₹ 0.00 20250929 1744 आईएस 8143 : 2023 1 पीस ₹ 1,83,000.00 ₹ 1,47,000.00 ₹ 3.05 सभी ₹ 0.00 0 ₹ 0.00 20250929 1745 आईएस 14569: 1999 100 पीस ₹ 61,000.00 ₹ 49,000.00 ₹ 0.30 सभी ₹ 0.00 0 ₹ 0.00 20250929 1746 आईएस 13730 (भाग 34) : 2000 1 मीट्ररक टन ₹ 76,000.00 ₹ 61,000.00 ₹ 80.00 सभी ₹ 0.00 0 ₹ 0.00 20250929 1747 आईएस 14810: 2000 1 मीट्ररक टन ₹ 1,12,000.00 ₹ 90,000.00 ₹ 85.00 सभी ₹ 0.00 0 ₹ 0.00 20251027 1748 आईएस 9051 : 2023 1 पीस ₹ 1,59,000.00 ₹ 1,28,000.00 ₹ 0.60 सभी ₹ 0.00 0 ₹ 0.00 20251027 1749 आईएस 2442 : 2023 1 पीस ₹ 1,71,000.00 ₹ 1,37,000.00 ₹ 0.40 सभी ₹ 0.00 0 ₹ 0.00 20251027 1750 आईएस 64 : 2023 1 मीट्ररक टन ₹ 65,000.00 ₹ 52,000.00 ₹ 3.30 सभी ₹ 0.00 0 ₹ 0.00 20251027 1751 आईएस 18735 (भाग 1) : 2023 1 पीस ₹ 3,47,000.00 ₹ 2,78,000.00 ₹ 14.00 सभी ₹ 0.00 0 ₹ 0.00 20251027 1752 आईएस 18471: 2025 1 मीट्ररक टन₹ 1,38,000.00 ₹ 1,11,000.00 ₹ 26.00 सभी ₹ 0.00 0 ₹ 0.00 20251113 1753 आईएस 16301: 2017 100 पीस ₹ 95,000.00 ₹ 76,000.00 ₹ 6.35 सभी ₹ 0.00 0 ₹ 0.00 20251113 1754 आईएस 17636: 2021 1 पीस ₹ 1,61,000.00 ₹ 1,29,000.00 ₹ 4.45 सभी ₹ 0.00 0 ₹ 0.00 20251113 1755 आईएस 13450 (भाग 2/ खंड 50) : 2022 / आईईसी 60601-2-50 : 2020 1 पीस ₹ 3,35,000.00 ₹ 2,68,000.00 ₹ 36.00 सभी ₹ 0.00 0 ₹ 0.00 20251113 1756 आईएस 1573 : 1986 1 मीट्ररक टन₹ 1,19,000.00 ₹ 96,000.00 ₹ 6.45 सभी ₹ 0.00 0 ₹ 0.00 20251211 1757 आईएस 14738: 2017 1 मीट्ररक टन₹ 1,59,000.00 ₹ 1,28,000.00 ₹ 88.35 सभी ₹ 0.00 0 ₹ 0.00 20251211 1758 आईएस 16718: 2021 1 मीट्ररक टन₹ 1,23,000.00 ₹ 99,000.00 ₹ 109.85 सभी ₹ 0.00 0 ₹ 0.00 20251211 1759 आईएस 4665-2-1: 2023/ आईईसी 60745-2-1: 2006 1 पीस ₹ 2,22,000.00 ₹ 1,78,000.00 ₹ 3.00 सभी ₹ 0.00 0 ₹ 0.00 20251211 एच िे एस पसरीचा,िैज्ञाजनक - िी और उप महाजनिेिक (प्रमाणन) [जिज्ञापन-III/4/असा./589/2025-26] नोट: मुख्य अजधसूचना भारत के रािपत्र, असाधारण, भाग III, खंड 4 में सीएमडी-2/िी-18 दिनांक 05 अगस्ट्त 2021 द्वारा प्रकाजित की गई और तत्तपश्चात सी एम डी -2/िी -18 दिनांक 21 जसतंबर 2021, सी एम डी -2/िी -18 दिनांक 13 अक्टूबर 2021, सी एम डी -2/िी -18 दिनांक 17 दिसंबर 2021, सी एम डी -2/िी -18 दिनांक 22 फरिरी 2022, सी एम डी -2/िी -18 दिनांक 03 माचा 2022, सी एम डी -2/िी -18 दिनांक 29 माचा 2022, सी एम डी -2/िी -18 दिनांक 28 अप्रैल 2022, सी एम डी -2/िी -18 दिनांक 24 िून 2022, सी एम डी -2/िी -18 दिनांक 01 जसतंबर 2022, सी एम डी -2/िी -18 दिनांक 19 दिसंबर 2022, सी एम डी -2/िी -18 दिनांक 03 फरिरी 2023, सी एम डी -2/िी -18 दिनांक 12 िून 2023, सी एम डी -2/िी -18 दिनांक 21 िून 2023, सी एम डी -2/िी -18 दिनांक 23 अगस्ट्त 2023, सी एम डी -2/िी -18 दिनांक 04 दिसंबर 2023, सी एम डी -2/िी -18 दिनांक 13 फरिरी 2024, सी एम डी -2/िी -18 दिनांक 07 माचा 2024, सी एम डी -2/िी -18 दिनांक 19 िुलाई 2024, सी एम डी -2/िी -18 दिनांक 07 अक्टूबर 2024, सी एम डी -2/िी -18 दिनांक 30 दिसंबर 2024 और सी एम डी -2/िी -18 दिनांक 13 िून 2025 की अजधसूचनाओं द्वारा संिोजधत की गई है। 4 THE GAZETTE OF INDIA : EXTRAORDINARY [PART III—SEC.4] BUREAU OF INDIAN STANDARDS (Department of Consumer Affairs) NOTIFICATION New Delhi, the 2nd January, 2026 CMD-2/G-18. - In pursuance of sub-paragraph 2 of paragraph-5 of Scheme-I of Schedule-II of Bureau of Indian Standards (Conformity Assessment) Regulations, 2018 and the notification of the Bureau number CMD-2/G- 18 dated 05th August, 2021, the Bureau hereby makes the following amendments in the said notification, namely:- a) In the “SCHEDULE” of the notification of the Bureau number CMD-2/G-18 dated 05th August 2021 – i) for serial number 899 and the entries relating thereto, the following serial number and entries shall be substituted namely:-"
1710,,IS 1628 : 1986 1 Litre,164000.0,132000.0,0.16,All,0.0,,0.0,20250710,"1710 IS 1628 : 1986 1 Litre ₹ 1,64,000.00 ₹ 1,32,000.00 ₹ 0.16 All ₹ 0.00 0 ₹ 0.00 20250710"
1711,,IS 1115 : 1986 1 Litre,164000.0,132000.0,0.2,All,0.0,,0.0,20250710,"1711 IS 1115 : 1986 1 Litre ₹ 1,64,000.00 ₹ 1,32,000.00 ₹ 0.20 All ₹ 0.00 0 ₹ 0.00 20250710"
1712,,IS 15356:2025 1 MT,51000.0,41000.0,7.1,All,0.0,,0.0,20250710,"1712 IS 15356:2025 1 MT ₹ 51,000.00 ₹ 41,000.00 ₹ 7.10 All ₹ 0.00 0 ₹ 0.00 20250710"
1713,,IS 230 : 2025 1 MT,51000.0,41000.0,9.0,All,0.0,,0.0,20250710,"1713 IS 230 : 2025 1 MT ₹ 51,000.00 ₹ 41,000.00 ₹ 9.00 All ₹ 0.00 0 ₹ 0.00 20250710"
1714,,IS 8540 : 1986 1 Litre,92000.0,74000.0,0.15,All,0.0,,0.0,20250710,"1714 IS 8540 : 1986 1 Litre ₹ 92,000.00 ₹ 74,000.00 ₹ 0.15 All ₹ 0.00 0 ₹ 0.00 20250710"
1715,,IS 17753:2021 1 MT,288000.0,231000.0,13.15,All,0.0,,0.0,20250710,"1715 IS 17753:2021 1 MT ₹ 2,88,000.00 ₹ 2,31,000.00 ₹ 13.15 All ₹ 0.00 0 ₹ 0.00 20250710"
1716,,IS 333 : 2023 1 MT,69000.0,56000.0,17.2,All,0.0,,0.0,20250710,"1716 IS 333 : 2023 1 MT ₹ 69,000.00 ₹ 56,000.00 ₹ 17.20 All ₹ 0.00 0 ₹ 0.00 20250710"
1717,,IS 4717 : 2020 100 Sqm,72000.0,58000.0,0.85,All,0.0,,0.0,20250710,"1717 IS 4717 : 2020 100 Sqm ₹ 72,000.00 ₹ 58,000.00 ₹ 0.85 All ₹ 0.00 0 ₹ 0.00 20250710"
1718,,IS 4739 : 2023 100 Sqm,75000.0,60000.0,12.4,All,0.0,,0.0,20250710,"1718 IS 4739 : 2023 100 Sqm ₹ 75,000.00 ₹ 60,000.00 ₹ 12.40 All ₹ 0.00 0 ₹ 0.00 20250710"
1719,,IS 18930:2024 1 Set,247000.0,198000.0,0.15,All,0.0,,0.0,20250710,"1719 IS 18930:2024 1 Set ₹ 2,47,000.00 ₹ 1,98,000.00 ₹ 0.15 All ₹ 0.00 0 ₹ 0.00 20250710"
1720,,IS 16542:2016 1 Piece,57000.0,46000.0,7.15,All,0.0,,0.0,20250710,"1720 IS 16542:2016 1 Piece ₹ 57,000.00 ₹ 46,000.00 ₹ 7.15 All ₹ 0.00 0 ₹ 0.00 20250710"
1721,,IS 4021 : 1995 1 Piece,102000.0,82000.0,3.4,All,0.0,,0.0,20250710,"1721 IS 4021 : 1995 1 Piece ₹ 1,02,000.00 ₹ 82,000.00 ₹ 3.40 All ₹ 0.00 0 ₹ 0.00 20250710"
1722,,IS 15388:2003 1 MT,104000.0,84000.0,3.0,All,0.0,,0.0,20250710,"1722 IS 15388:2003 1 MT ₹ 1,04,000.00 ₹ 84,000.00 ₹ 3.00 All ₹ 0.00 0 ₹ 0.00 20250710"
1723,,IS 17725:2022 1 MT,56000.0,45000.0,7.5,All,0.0,,0.0,20250710,"1723 IS 17725:2022 1 MT ₹ 56,000.00 ₹ 45,000.00 ₹ 7.50 All ₹ 0.00 0 ₹ 0.00 20250710"
1724,,IS 17786:2020 100 Pieces,74000.0,60000.0,1.25,All,0.0,,0.0,20250710,"1724 IS 17786:2020 100 Pieces ₹ 74,000.00 ₹ 60,000.00 ₹ 1.25 All ₹ 0.00 0 ₹ 0.00 20250710"
1725,,IS 1961 : 1968 1000 Pieces,117000.0,94000.0,6.4,All,0.0,,0.0,20250710,"1725 IS 1961 : 1968 1000 Pieces ₹ 1,17,000.00 ₹ 94,000.00 ₹ 6.40 All ₹ 0.00 0 ₹ 0.00 20250710"
1726,,IS 2083 : 2024 100 Pieces,287000.0,230000.0,12.95,All,0.0,,0.0,20250710,"1726 IS 2083 : 2024 100 Pieces ₹ 2,87,000.00 ₹ 2,30,000.00 ₹ 12.95 All ₹ 0.00 0 ₹ 0.00 20250710"
1727,,IS 3039 : 2024 1 MT,113000.0,91000.0,4.0,All,0.0,,0.0,20250728,"1727 IS 3039 : 2024 1 MT ₹ 1,13,000.00 ₹ 91,000.00 ₹ 4.00 All ₹ 0.00 0 ₹ 0.00 20250728"
1728,,IS 17399: 2020 1 MT,132000.0,106000.0,55.0,All,0.0,,0.0,20250728,"1728 IS 17399: 2020 1 MT ₹ 1,32,000.00 ₹ 1,06,000.00 ₹ 55.00 All ₹ 0.00 0 ₹ 0.00 20250728"
1729,,IS 13450 (Part 2/ Sec 24) : 2019 / IEC 60601-2-24 : 2012 1 Piece,331000.0,265000.0,24.0,All,0.0,,0.0,20250728,"1729 IS 13450 (Part 2/ Sec 24) : 2019 / IEC 60601-2-24 : 2012 1 Piece ₹ 3,31,000.00 ₹ 2,65,000.00 ₹ 24.00 All ₹ 0.00 0 ₹ 0.00 20250728"
1730,IS 18166: 2025 1 Tonne,,162000.0,130000.0,200.0,All,0.0,,0.0,20250728,"1730 IS 18166: 2025 1 Tonne ₹ 1,62,000.00 ₹ 1,30,000.00 ₹ 200.00 All ₹ 0.00 0 ₹ 0.00 20250728"
1731,,IS 8702 : 2015 1 MT,96000.0,77000.0,43.75,All,0.0,,0.0,20250826,"1731 IS 8702 : 2015 1 MT ₹ 96,000.00 ₹ 77,000.00 ₹ 43.75 All ₹ 0.00 0 ₹ 0.00 20250826"
1732,,IS 26 : 2024 1 MT,79000.0,64000.0,19.75,All,0.0,,0.0,20250826,"1732 IS 26 : 2024 1 MT ₹ 79,000.00 ₹ 64,000.00 ₹ 19.75 All ₹ 0.00 0 ₹ 0.00 20250826"
1733,,IS 1388 (Part 1) : 2019 1 Piece,96000.0,77000.0,0.5,All,0.0,,0.0,20250826,"1733 IS 1388 (Part 1) : 2019 1 Piece ₹ 96,000.00 ₹ 77,000.00 ₹ 0.50 All ₹ 0.00 0 ₹ 0.00 20250826"
1734,,IS 6106 : 1971 1 Pc,51000.0,41000.0,0.0,All,0.0,,,20250826,"1734 IS 6106 : 1971 1 Pc ₹ 51,000.00 ₹ 41,000.00 ₹ 103.7 All ₹ 0.00 0 ₹ 0.00 20250826"
1735,,IS 15340: 2019 100 Sqm,62000.0,50000.0,0.5,All,0.0,,0.0,20250929,"1735 IS 15340: 2019 100 Sqm ₹ 62,000.00 ₹ 50,000.00 ₹ 0.50 All ₹ 0.00 0 ₹ 0.00 20250929"
1736,IS 9685 : 2002 1 Tonne,,71000.0,57000.0,184.9,All,0.0,,0.0,20250929,"1736 IS 9685 : 2002 1 Tonne ₹ 71,000.00 ₹ 57,000.00 ₹ 184.90 All ₹ 0.00 0 ₹ 0.00 20250929"
1737,,IS 249 : 2022 1 MT,54000.0,44000.0,11.85,All,0.0,,0.0,20250929,"1737 IS 249 : 2022 1 MT ₹ 54,000.00 ₹ 44,000.00 ₹ 11.85 All ₹ 0.00 0 ₹ 0.00 20250929"
1738,,IS 330 : 2023 1 MT,99000.0,80000.0,23.95,All,0.0,,0.0,20250929,"1738 IS 330 : 2023 1 MT ₹ 99,000.00 ₹ 80,000.00 ₹ 23.95 All ₹ 0.00 0 ₹ 0.00 20250929 [भाग III—खण् ड 4] भारत का रािपत्र : असाधारण 5"
1739,,IS 1540 (Part 2) : 1990 1 MT,68000.0,55000.0,7.6,All,0.0,,0.0,20250929,"1739 IS 1540 (Part 2) : 1990 1 MT ₹ 68,000.00 ₹ 55,000.00 ₹ 7.60 All ₹ 0.00 0 ₹ 0.00 20250929"
1740,,IS 2782 : 2023 1 MT,98000.0,79000.0,136.15,All,0.0,,0.0,20250929,"1740 IS 2782 : 2023 1 MT ₹ 98,000.00 ₹ 79,000.00 ₹ 136.15 All ₹ 0.00 0 ₹ 0.00 20250929"
1741,,IS 18256: 2023 1 MT,246000.0,197000.0,9.5,All,0.0,,0.0,20250929,"1741 IS 18256: 2023 1 MT ₹ 2,46,000.00 ₹ 1,97,000.00 ₹ 9.50 All ₹ 0.00 0 ₹ 0.00 20250929"
1742,,IS 2191 (Part 1) : 2022 1 Sqm,197000.0,158000.0,2.0,All,0.0,,0.0,20250929,"1742 IS 2191 (Part 1) : 2022 1 Sqm ₹ 1,97,000.00 ₹ 1,58,000.00 ₹ 2.00 All ₹ 0.00 0 ₹ 0.00 20250929"
1743,,IS 19315: 2025 1 Piece,118000.0,95000.0,0.7,All,0.0,,0.0,20250929,"1743 IS 19315: 2025 1 Piece ₹ 1,18,000.00 ₹ 95,000.00 ₹ 0.70 All ₹ 0.00 0 ₹ 0.00 20250929"
1744,,IS 8143 : 2023 1 Piece,183000.0,147000.0,3.05,All,0.0,,0.0,20250929,"1744 IS 8143 : 2023 1 Piece ₹ 1,83,000.00 ₹ 1,47,000.00 ₹ 3.05 All ₹ 0.00 0 ₹ 0.00 20250929"
1745,,IS 14569: 1999 100 Pcs,61000.0,49000.0,0.3,All,0.0,,0.0,20250929,"1745 IS 14569: 1999 100 Pcs ₹ 61,000.00 ₹ 49,000.00 ₹ 0.30 All ₹ 0.00 0 ₹ 0.00 20250929"
1746,,IS 13730 (Part 34) : 2000 1 MT,76000.0,61000.0,80.0,All,0.0,,0.0,20250929,"1746 IS 13730 (Part 34) : 2000 1 MT ₹ 76,000.00 ₹ 61,000.00 ₹ 80.00 All ₹ 0.00 0 ₹ 0.00 20250929"
1747,,IS 14810: 2000 1 MT,112000.0,90000.0,85.0,All,0.0,,0.0,20251027,"1747 IS 14810: 2000 1 MT ₹ 1,12,000.00 ₹ 90,000.00 ₹ 85.00 All ₹ 0.00 0 ₹ 0.00 20251027"
1748,,IS 9051 : 2023 1 Piece,159000.0,128000.0,0.6,All,0.0,,0.0,20251027,"1748 IS 9051 : 2023 1 Piece ₹ 1,59,000.00 ₹ 1,28,000.00 ₹ 0.60 All ₹ 0.00 0 ₹ 0.00 20251027"
1749,,IS 2442 : 2023 1 Piece,171000.0,137000.0,0.4,All,0.0,,0.0,20251027,"1749 IS 2442 : 2023 1 Piece ₹ 1,71,000.00 ₹ 1,37,000.00 ₹ 0.40 All ₹ 0.00 0 ₹ 0.00 20251027"
1750,,IS 64 : 2023 1 MT,65000.0,52000.0,3.3,All,0.0,,0.0,20251027,"1750 IS 64 : 2023 1 MT ₹ 65,000.00 ₹ 52,000.00 ₹ 3.30 All ₹ 0.00 0 ₹ 0.00 20251027"
1751,,IS 18735 (Part 1) : 2023 1 Piece,347000.0,278000.0,14.0,All,0.0,,0.0,20251027,"1751 IS 18735 (Part 1) : 2023 1 Piece ₹ 3,47,000.00 ₹ 2,78,000.00 ₹ 14.00 All ₹ 0.00 0 ₹ 0.00 20251027"
1752,,IS 18471: 2025 1 MT,138000.0,111000.0,26.0,All,0.0,,0.0,20251113,"1752 IS 18471: 2025 1 MT ₹ 1,38,000.00 ₹ 1,11,000.00 ₹ 26.00 All ₹ 0.00 0 ₹ 0.00 20251113"
1753,,IS 16301: 2017 100 Pieces,95000.0,76000.0,6.35,All,0.0,,0.0,20251113,"1753 IS 16301: 2017 100 Pieces ₹ 95,000.00 ₹ 76,000.00 ₹ 6.35 All ₹ 0.00 0 ₹ 0.00 20251113"
1754,,IS 17636: 2021 1 Piece,161000.0,129000.0,4.45,All,0.0,,0.0,20251113,"1754 IS 17636: 2021 1 Piece ₹ 1,61,000.00 ₹ 1,29,000.00 ₹ 4.45 All ₹ 0.00 0 ₹ 0.00 20251113"
1755,,IS 13450 (Part 2/ Sec 50) : 2022 / IEC 60601-2-50 : 2020 1 Piece,335000.0,268000.0,36.0,All,0.0,,0.0,20251113,"1755 IS 13450 (Part 2/ Sec 50) : 2022 / IEC 60601-2-50 : 2020 1 Piece ₹ 3,35,000.00 ₹ 2,68,000.00 ₹ 36.00 All ₹ 0.00 0 ₹ 0.00 20251113"
1756,,IS 1573 : 1986 1 MT,119000.0,96000.0,6.45,All,0.0,,0.0,20251211,"1756 IS 1573 : 1986 1 MT ₹ 1,19,000.00 ₹ 96,000.00 ₹ 6.45 All ₹ 0.00 0 ₹ 0.00 20251211"
1757,,IS 14738: 2017 1 MT,159000.0,128000.0,88.35,All,0.0,,0.0,20251211,"1757 IS 14738: 2017 1 MT ₹ 1,59,000.00 ₹ 1,28,000.00 ₹ 88.35 All ₹ 0.00 0 ₹ 0.00 20251211"
1758,,IS 16718: 2021 1 MT,123000.0,99000.0,109.85,All,0.0,,0.0,20251211,"1758 IS 16718: 2021 1 MT ₹ 1,23,000.00 ₹ 99,000.00 ₹ 109.85 All ₹ 0.00 0 ₹ 0.00 20251211"
1759,,IS 4665-2-1: 2023/ IEC 60745-2-1: 2006 1 Piece,222000.0,178000.0,3.0,All,0.0,,0.0,20251211,"1759 IS 4665-2-1: 2023/ IEC 60745-2-1: 2006 1 Piece ₹ 2,22,000.00 ₹ 1,78,000.00 ₹ 3.00 All ₹ 0.00 0 ₹ 0.00 20251211 H J S PASRICHA, Scientist G & Dy. Director General (Certification) [ADVT.-III/4/Exty./589/2025-26] Note: The principal notification was published in the Gazette of India, Extraordinary, Part III, Sec4, vide CMD-2/G-18 dated 05th August 2021 and subsequently amended vide CMD-2/G-18, dated 21st September, 2021, CMD-2/G-18 dated 13th October, 2021, CMD-2/G-18 dated 17th December, 2021, CMD-2/G-18 dated 22nd February, 2022, CMD-2/G-18 dated 03rd March,2022, CMD-2/G-18 dated 29th March, 2022, CMD-2/G-18 dated 28th April, 2022, CMD-2/G-18 dated 24th June, 2022, CMD-2/G-18 dated 01st September, 2022, CMD-2/G-18 dated 19th December, 2022, CMD-2/G-18 dated 03rd February, 2023, CMD-2/G-18 dated 12th June, 2023, CMD-2/G-18 dated 21st June, 2023, CMD-2/G-18 dated 23rd August, 2023, CMD-2/G-18 dated 04th December, 2023, CMD- 2/G-18 dated 13th February, 2024, CMD-2/G-18 dated 7th March, 2024, CMD-2/G-18 dated 19th July, 2024, CMD-2/G-18 dated 07th October, 2024, CMD-2/G-18 dated 30th December, 2024 and CMD-2/G-18 dated 13th June, 2025. Uploaded by Dte. of Printing at Government of India Press, Ring Road, Mayapuri, New Delhi-110064 and Published by the Controller of Publications, Delhi-110054. Draft भारतीयमानकूरो(बी०आई०एस०) उोगोंकेमाणीकरणअनुपालनआवकताओंकी सुगमताके िलएितबहतथाइीयासोंकेतहतउादमाणन( ) केलाइसस अनुदानकीियाचयनमअिनवायपसेिवक- 2 (भूतपूवसरलीकृतिया) केचुनाव कोलायाजारहाह।इनावधानोंकोलानेकाउे(घरेलुउोग, एम०एस०एम०ई०सिहतके िलए) 30 िदनोंकेभीतरआवेदनोंकालाइससअनुदानिनपटारणह।इनसभीउादोंकीसूची, िजनकेआवेदनोंकोअिनवायपसेिवक- 2 केअंतगतचयनकरनाहै, सलंगनह। Bureau of Indian Standards (B.I.S.) in its endeavour and commitment towards easing certification compliance to the Industry is introducing measures for mandatory utilisation of option - 2 (erstwhile simplified procedure) for processing product certification ( ) applications for grant of licence. These measures are being introduced (for the domestic Industry, including MSMEs) with the aim of processing applications for grant of licence within 30 days. The list of such products where applications are required to be mandatorily filed under option - 2 is enclosed. www.bis.gov.in ‭Annexure - II (C)‬ ‭Sr.‬ ‭No.‬ ‭IS Number‬ ‭Title‬ ‭1‬ ‭IS 15410‬ ‭Containers‬ ‭for‬ ‭Packaging‬ ‭of‬ ‭Natural‬ ‭Mineral‬ ‭Water‬ ‭and‬ ‭Packaged‬ ‭Drinking Water‬ ‭2‬ ‭IS 13334 (Part 1)‬ ‭Skimmed Milk Powder - Specification Part 1 : Standard Grade‬ ‭3‬ ‭IS 1165‬ ‭Milk Powder‬ ‭4‬ ‭IS 9537 (Part 3)‬ ‭Conduits‬ ‭for‬ ‭electrical‬ ‭installations:‬ ‭Part‬ ‭3‬ ‭Rigid‬ ‭plain‬ ‭conduits‬ ‭of‬ ‭insulating materials‬ ‭5‬ ‭IS 694‬ ‭Polyvinyl‬‭Chloride‬‭Insulated‬‭Unsheathed‬‭And‬‭Sheathed‬‭Cables‬‭Cords‬ ‭With‬ ‭Rigid‬ ‭And‬ ‭Flexible‬ ‭Conductor‬ ‭For‬ ‭Rated‬ ‭Voltages‬‭Up‬‭To‬‭And‬ ‭Including 1100 V‬ ‭6‬ ‭IS 1166‬ ‭Condensed Milk, Partly Skimmed And Skimmed Condensed Milk‬ ‭7‬ ‭IS 12701‬ ‭Rotational Moulded Polyethylene Water Storage Tanks‬ ‭8‬ ‭IS 14333‬ ‭High Density Polyethylene Pipe For Sewerage‬ ‭9‬ ‭IS 14887‬ ‭Textiles‬‭-‬‭High‬‭Density‬‭Polyethylene‬‭(hdpe)/polypropylene‬‭(pp)‬‭Woven‬ ‭Sacks For Packing 50 Kg/25 Kg Foodgrains - Specification‬ ‭10‬ ‭IS 398 (Part 2)‬ ‭Aluminium‬ ‭Conductors‬ ‭For‬ ‭Overhead‬ ‭Transmission‬‭Purposes:‬‭Part‬‭2‬ ‭Aluminium Conductors, Galvanized Steel Reinforced‬ ‭11‬ ‭IS 12818‬ ‭Unplasticized‬‭Polyvinyl‬‭Chloride‬‭(pvc-u)screen‬‭And‬‭Casing‬‭Pipes‬‭For‬ ‭Bore/tubewell‬ ‭12‬ ‭IS 13592‬ ‭Unplasticized‬ ‭Polyvinyl‬ ‭Chloride‬ ‭(pvc-u)‬ ‭Pipes‬ ‭For‬ ‭Soil‬ ‭And‬ ‭Waste‬ ‭Discharge‬‭System‬‭Inside‬‭And‬‭Outside‬‭Buildings‬‭Including‬‭Ventilation‬ ‭And Rainwater System‬ ‭13‬ ‭IS 1011‬ ‭Biscuits‬ ‭14‬ ‭IS 303‬ ‭Plywood For General Purposes -‬ ‭15‬ ‭IS 432 (Part 2)‬ ‭Mild‬ ‭Steel‬ ‭And‬ ‭Medium‬ ‭Tensile‬ ‭Steel‬ ‭Bars‬ ‭And‬ ‭Hard-drawn‬ ‭Steel‬ ‭Wire For Concrete Reinforcement: Part 2 Hard-drawn Steel Wire‬ ‭16‬ ‭IS 7098 (Part 1)‬ ‭Crosslinked‬ ‭Polyethylene‬ ‭Insulated‬ ‭Pvc‬ ‭Sheathed‬ ‭Cables:‬ ‭Part‬‭1‬‭For‬ ‭Working Voltage Upto And Including 1 100 V‬ ‭17‬ ‭IS 7224‬ ‭Iodized‬ ‭Salt,‬ ‭Vacuum‬ ‭Evaporated‬ ‭Iodized‬ ‭Salt‬ ‭And‬ ‭Refined‬ ‭Iodized‬ ‭Salt‬ ‭18‬ ‭IS 4984‬ ‭High Density Polyethylene Pipes For Potable Water Supplies‬ ‭19‬ ‭IS 12786‬ ‭Irrigation Equipment - Polyethylene Pipes For Irrigation Laterals‬ ‭20‬ ‭IS 13334 (Part 2)‬ ‭Skimmed Milk Powder Specification Part 2 Extra Grade‬ ‭21‬ ‭IS 398 (Part 1)‬ ‭Aluminium‬ ‭Conductors‬ ‭For‬ ‭Overhead‬ ‭Transmission‬‭Purposes:‬‭Part‬‭1‬ ‭Aluminium Stranded Conductors‬ ‭22‬ ‭IS 432 (Part 1)‬ ‭Mild‬ ‭Steel‬ ‭And‬ ‭Medium‬ ‭Tensile‬ ‭Steel‬ ‭Bars‬ ‭And‬ ‭Hard-drawn‬ ‭Steel‬ ‭Wire‬ ‭For‬ ‭Concrete‬ ‭Reinforcement:‬ ‭Part‬ ‭1‬ ‭Mild‬ ‭Steel‬ ‭And‬ ‭Medium‬ ‭Tensile Steel Bars‬ ‭23‬ ‭IS 710‬ ‭Marine Plywood -specification‬ ‭24‬ ‭IS 1328‬ ‭Veneered Decorative Plywood -specification‬ ‭25‬ ‭IS 1659‬ ‭Block Boards -specification‬ ‭26‬ ‭IS 398 (Part 4)‬ ‭Aluminium‬ ‭Conductors‬ ‭For‬ ‭Overhead‬ ‭Transmission‬‭Purposes:‬‭Part‬‭4‬ ‭Aluminium‬ ‭Alloy‬ ‭Stranded‬ ‭Conductors‬ ‭(aluminium‬ ‭Magnesium‬ ‭Silicon Type)‬ ‭27‬ ‭IS 16208‬ ‭Textiles‬ ‭-‬ ‭High‬ ‭Density‬ ‭Polyethylene‬ ‭(hdpe)/‬ ‭Polypropylene‬ ‭(pp)‬ ‭Woven‬‭Sacks‬‭For‬‭Packaging‬‭10‬‭Kg,‬‭15‬‭Kg,‬‭20‬‭Kg,‬‭25‬‭Kg‬‭And‬‭30‬‭Kg‬ ‭Foodgrains - Specification‬ ‭28‬ ‭IS 10124 (Part 1)‬ ‭Fabricated‬ ‭Pvc-u‬ ‭Fittings‬ ‭For‬ ‭Potable‬ ‭Water‬‭Supplies‬‭-‬‭Specification‬ ‭Part 1 General Requirements‬ ‭29‬ ‭IS 1293‬ ‭Plugs‬‭And‬‭Socket‬‭-‬‭Outlets‬‭Of‬‭Rated‬‭Voltage‬‭Up‬‭To‬‭And‬‭Including‬‭250‬ ‭Volts‬ ‭And‬ ‭Rated‬ ‭Current‬ ‭Up‬ ‭To‬ ‭And‬ ‭Including‬ ‭16‬ ‭Amperes‬ ‭-‬ ‭Specification‬ ‭30‬ ‭IS 1554 (Part 1)‬ ‭Pvc‬ ‭Insulated‬ ‭(heavy‬ ‭Duty)‬ ‭Electric‬ ‭Cables:‬ ‭Part‬ ‭1‬ ‭For‬ ‭Working‬ ‭Voltages Upto And Including 1 100 V‬ ‭31‬ ‭IS 4250‬ ‭Domestic Electric Food-mixers (liquidizers And Grinders)‬ ‭32‬ ‭IS 8978‬ ‭Electric Instantaneous Water Heaters‬ ‭33‬ ‭IS 10124 (Part 2)‬ ‭Fabricated‬ ‭Pvc-u‬ ‭Fittings‬ ‭For‬ ‭Potable‬ ‭Water‬‭Supplies‬‭-‬‭Specification‬ ‭Part 2 Specific Requirements For Sockets‬ ‭34‬ ‭IS 14542‬ ‭Partly Skimmed Milk Powder‬ ‭35‬ ‭IS 2082‬ ‭Stationary Storage Type Electric Water Heaters‬ ‭36‬ ‭IS 14151 (Part 1)‬ ‭Irrigation Equipment - Sprinkler Pipes - Part 1 : Polyethylene Pipes‬ ‭37‬ ‭IS 14968‬ ‭Textiles‬‭-‬‭High‬‭Density‬‭Polyethylene‬‭(hdpe)/polypropylene‬‭(pp)‬‭Woven‬ ‭Sacks For Packing 50 Kg/25 Kg Sugar‬ ‭38‬ ‭IS 1161‬ ‭Steel Tubes For Structural Purposes - Specification‬ ‭39‬ ‭IS 366‬ ‭Electric Irons‬ ‭40‬ ‭IS 368‬ ‭Electric Immersion Water Heaters - Specification‬ ‭41‬ ‭IS 3854‬ ‭Switches For Domestic And Similar Purposes‬ ‭42‬ ‭IS 1786‬ ‭High‬ ‭Strength‬ ‭Deformed‬ ‭Steel‬ ‭Bars‬ ‭And‬ ‭Wires‬ ‭For‬ ‭Concrete‬ ‭Reinforcement-‬ ‭43‬ ‭IS 10748‬ ‭Hot-rolled Steel Strip For Welded Tubes And Pipes‬ ‭44‬ ‭IS 15658‬ ‭Precast Concrete Blocks For Paving -‬ ‭45‬ ‭IS 2202 (Part 1)‬ ‭Wooden‬‭Flush‬‭Door‬‭Shutters‬‭(solid‬‭Core‬‭Type):‬‭Part‬‭1‬‭Plywood‬‭Face‬ ‭Panels‬ ‭46‬ ‭IS 277‬ ‭Galvanized Steel Strips And Sheets (plain And Corrugated)‬ ‭47‬ ‭IS 4990‬ ‭Plywood For Concrete Shuttering Work - Specification‬ ‭48‬ ‭IS 14255‬ ‭Aerial‬ ‭Bunched‬ ‭Cables‬ ‭For‬ ‭Working‬ ‭Voltagess‬ ‭Upto‬ ‭And‬ ‭Including‬ ‭1100 Volts‬ ‭49‬ ‭IS 2508‬ ‭Polyethylene Films And Sheets - Specification‬ ‭50‬ ‭IS 4985‬ ‭Unplasticized Pvc Pipes For Potable Water Supplies -‬ ‭51‬ ‭IS 9755‬ ‭Textiles‬ ‭-‬ ‭High‬ ‭Density‬ ‭Polyethylene‬ ‭(hdpe)‬ ‭/‬ ‭Polypropylene‬ ‭(pp)‬ ‭Woven Sacks For Packing Fertilizers‬ ‭52‬ ‭IS 13487‬ ‭Irrigation Equipment - Emitters‬ ‭53‬ ‭IS 14735‬ ‭Unplasticized‬ ‭Polyvinyl‬ ‭Chloride‬ ‭(upvc)‬ ‭Injection‬ ‭Moulded‬ ‭Fittings‬ ‭For‬ ‭Soil‬ ‭And‬ ‭Waste‬ ‭Discharge‬ ‭System‬ ‭For‬ ‭Inside‬ ‭And‬ ‭Outside‬ ‭Buildings Including Ventilation And Rain Water System -‬ ‭54‬ ‭IS 280‬ ‭Mild Steel Wire For General Engineering Purposes‬ ‭55‬ ‭IS 2830‬ ‭Carbon‬‭Steel‬‭Cast‬‭Billet‬‭Ingots,billets,blooms‬‭And‬‭Slabs‬‭For‬‭Re-rolling‬ ‭Into Steel For General Structural Purposes - Specification‬ ‭56‬ ‭IS 302 (Part 2/Sec‬ ‭30)‬ ‭Safety‬ ‭Of‬ ‭Household‬ ‭And‬ ‭Similar‬ ‭Electrical‬ ‭Appliances:‬ ‭Part‬ ‭2‬ ‭Particular Requirements, Section 30 Room Heaters‬ ‭57‬ ‭IS 14433‬ ‭Infant Milk Substitutes‬ ‭58‬ ‭IS 2831‬ ‭Carbon‬ ‭Steel‬ ‭Cast‬ ‭Billet‬ ‭Ingots,‬ ‭Billets,‬ ‭Blooms‬ ‭And‬ ‭Slabs‬ ‭For‬ ‭Re-rolling Into Structural Steel (ordinary Quality)-‬ ‭59‬ ‭IS 7834 (Part 1)‬ ‭Injection‬‭Moulded‬‭Pvc‬‭Socket‬‭Fittings‬‭With‬‭Solvent‬‭Cement‬‭Joints‬‭For‬ ‭Water Supplies: Part 1 General Requirements‬ ‭60‬ ‭IS 2062‬ ‭Hot Rolled Medium And High Tensile Structural Steel‬ ‭61‬ ‭IS 253‬ ‭Specification For Common Salt‬ ‭62‬ ‭IS 278‬ ‭Galvanized Steel Barbed Wire For Fencing-specification‬ ‭63‬ ‭IS 2785‬ ‭Natural‬ ‭Cheese‬ ‭(hard‬ ‭Variety),‬ ‭Processed‬ ‭Cheese,‬ ‭Processed‬ ‭Cheese‬ ‭Spread And Soft Cheese‬ ‭64‬ ‭IS 369‬ ‭Household Electric Direct Acting Room Heaters‬ ‭65‬ ‭IS 4923‬ ‭Hollow Steel Sections For Structural Use - Specification‬ ‭66‬ ‭IS 1079‬ ‭Hot Rolled Carbon Steel Sheet And Strip‬ ‭67‬ ‭IS 11652‬ ‭Textiles‬‭High‬‭Density‬‭Polyethylene‬‭(hdpe)/‬‭Polypropylene‬‭(pp)‬‭Woven‬ ‭Sacks For Packaging Of 50 Kg Cement‬ ‭68‬ ‭IS 7834 (Part 3)‬ ‭Injection‬‭Moulded‬‭Pvc‬‭Socket‬‭Fittings‬‭With‬‭Solvent‬‭Cement‬‭Joints‬‭For‬ ‭Water Supplies: Part 3 Specific Requirements For 90 Degree Elbows‬ ‭69‬ ‭IS 1065 (Part 1)‬ ‭Stable‬ ‭Bleaching‬ ‭Powder‬ ‭Â‬ ‭Specification‬ ‭Part‬ ‭1‬ ‭Household‬ ‭And‬ ‭Industrial Use‬ ‭70‬ ‭IS 302 (Part 2/Sec‬ ‭3)‬ ‭Safety‬ ‭Of‬ ‭Household‬ ‭And‬ ‭Similar‬ ‭Electrical‬ ‭Appliances:‬ ‭Part‬ ‭2‬ ‭Particular Requirements, Section 3 Electric Iron‬ ‭71‬ ‭IS 3087‬ ‭Particle‬ ‭Boards‬ ‭Of‬ ‭Wood‬ ‭And‬ ‭Other‬ ‭Lignocellulosic‬ ‭Materials‬ ‭(medium Density) For General Purposes -specification‬ ‭72‬ ‭IS 4159‬ ‭Mineral Filled Sheathed Heating Elements‬ ‭73‬ ‭IS 4246‬ ‭Domestic Gas Stoves For Use With Liquefied Petroleum Gases‬ ‭74‬ ‭IS 7887‬ ‭Mild Steel Wire Rods For General Engineering Purposes‬ ‭75‬ ‭IS 13488‬ ‭Irrigation Equipment -emitting Pipes System‬ ‭76‬ ‭IS 14252‬ ‭Textiles‬‭High‬‭Density‬‭polyethylene‬‭(hdpe)/‬‭Polypropylene(pp)‬‭Woven‬ ‭Sacks For Filling Sand‬ ‭77‬ ‭IS 1656‬ ‭Milk-cereal Based Complementary Foods‬ ‭78‬ ‭IS 3812 (Part 1)‬ ‭Pulverized‬ ‭Fuel‬ ‭Ash‬ ‭-‬ ‭Part‬ ‭1‬ ‭:‬ ‭For‬ ‭Use‬ ‭As‬ ‭Pozzolana‬ ‭In‬ ‭Cement,‬ ‭Cement Mortar And Concrete‬ ‭79‬ ‭IS 996‬ ‭Single-phase A.c. Industrial Motors For General Purpose‬ ‭80‬ ‭IS 12299‬ ‭Dairy Whitener‬ ‭81‬ ‭IS 302 (Part 2/Sec‬ ‭201)‬ ‭Safety‬ ‭Of‬ ‭Household‬ ‭And‬ ‭Similar‬ ‭Electrical‬ ‭Appliances:‬ ‭Part‬ ‭2‬ ‭Particular Requirements, Section 201 Electric Immersion Water Heater‬ ‭82‬ ‭IS 3975‬ ‭Mild Steel Wires, Formed Wires And Tapes For Armouring Of Cables‬ ‭83‬ ‭IS 9825‬ ‭Chlorine Tablets‬ ‭84‬ ‭IS 1237‬ ‭Cement Concrete Flooring Tiles - Specification‬ ‭85‬ ‭IS 12823‬ ‭Wood Products - Prelaminated Particle Boards -specification‬ ‭86‬ ‭IS 13779‬ ‭Ac Static Watthour Meters, Class 1 And 2‬ ‭87‬ ‭IS 15757‬ ‭Follow-up Formula - Complementary Foods‬ ‭88‬ ‭IS 15778‬ ‭Chlorinated‬‭Polyvinyl‬‭Chloride‬‭(cpvc)‬‭Pipes‬‭For‬‭Potable‬‭Hot‬‭And‬‭Cold‬ ‭Water Distribution Supplies -‬ ‭89‬ ‭IS 15801‬ ‭Polypropylene-random‬ ‭Copolymer‬ ‭Pipes‬ ‭For‬ ‭Hot‬ ‭And‬ ‭Cold‬ ‭Water‬ ‭Supplies -‬ ‭90‬ ‭IS 2052‬ ‭Compounded Feeds For Cattle‬ ‭91‬ ‭IS 3601‬ ‭Steel Tubes For Mechanical And General Engineering Purposes‬ ‭92‬ ‭IS 8034‬ ‭Submersible Pumpsets - Specification‬ ‭93‬ ‭IS 15647‬ ‭Hot Rolled Steel Narrow Width Strip For Selded Tubes An Pipes‬ ‭94‬ ‭IS 17423‬ ‭Medical Textiles - Coveralls For Covid-19‬ ‭95‬ ‭IS 210‬ ‭Grey Iron Castings‬ ‭96‬ ‭IS 4148‬ ‭Surgical Rubber Gloves‬ ‭97‬ ‭IS 848‬ ‭Specification‬ ‭For‬ ‭Synthetic‬ ‭Resin‬ ‭Adhesives‬ ‭For‬ ‭Plywood‬ ‭(phenolic‬ ‭And Aminoplastic) -‬ ‭98‬ ‭IS 12406‬ ‭Medium Density Fibre Boards For General Purpose -specification‬ ‭99‬ ‭IS 14151 (Part 2)‬ ‭Irrigation‬ ‭Equipment‬ ‭-‬ ‭Sprinkler‬ ‭Pipes‬ ‭:‬ ‭Part‬ ‭2‬ ‭Quick‬ ‭Coupled‬ ‭Polyethylene Pipes And Fittings‬ ‭100‬ ‭IS 14625‬ ‭Plastics Feeding Bottles‬ ‭101‬ ‭IS 15328‬ ‭Unplasticized‬ ‭Non-pressure‬ ‭Polyvinyl‬ ‭Chloride‬ ‭(‬ ‭Pvc‬ ‭-u‬ ‭)‬ ‭Pipes‬‭For‬ ‭Use In Underground Drainage And Sewerage Systems -‬ ‭102‬ ‭IS 374‬ ‭Electric Ceiling Type Fans‬ ‭103‬ ‭IS 383‬ ‭Specification‬‭For‬‭Coarse‬‭And‬‭Fine‬‭Aggregates‬‭From‬‭Natural‬‭Sources‬ ‭For Concrete‬ ‭104‬ ‭IS 1061‬ ‭Disinfectant Fluids, Phenolic Type‬ ‭105‬ ‭IS 11513‬ ‭Hot-rolled Carbon Steel Strip For Cold Rolling Purposes Specification‬ ‭106‬ ‭IS 1554 (Part 2)‬ ‭Pvc‬ ‭Insulated‬ ‭(heavy‬ ‭Duty)‬ ‭Electric‬ ‭Cables‬ ‭-‬ ‭Part‬ ‭2‬ ‭:‬ ‭For‬ ‭Working‬ ‭Voltages From 3""3 Kv Up To And Including 11 Kv‬ ‭107‬ ‭IS 513 (Part 1)‬ ‭Cold‬‭Reduced‬‭Carbon‬‭Steel‬‭Sheet‬‭And‬‭Strip‬‭Part‬‭1‬‭Cold‬‭Forming‬‭And‬ ‭Drawing Purposes‬ ‭108‬ ‭IS 513 (Part 2)‬ ‭Cold‬‭Reduced‬‭Carbon‬‭Steel‬‭Sheet‬‭And‬‭Strip‬‭Part‬‭2‬‭High‬‭Tensile‬‭And‬ ‭Multi-phase Steel‬ ‭109‬ ‭IS 8944‬ ‭Chlorpyrifos Emulsifiable Concentrates‬ ‭110‬ ‭IS 10889‬ ‭High Density Polyethylene Films‬ ‭111‬ ‭IS 11536‬ ‭Processed -cereal Based Complementary Foods‬ ‭112‬ ‭IS 1180 (Part 1)‬ ‭Outdoor/indoor‬ ‭Type‬ ‭Oil‬ ‭Immersed‬‭Distribution‬‭Transformers‬‭Up‬‭To‬ ‭And‬‭Including‬‭2‬‭500‬‭Kva,‬‭33‬‭Kv‬‭-‬‭Specification‬‭:‬‭Part‬‭1‬‭Mineral‬‭Oil‬ ‭Immersed‬ ‭113‬ ‭IS 14220‬ ‭Openwell Submersible Pumpsets‬ ‭114‬ ‭IS 15636‬ ‭Automotive‬ ‭Vehicles‬ ‭-‬ ‭Pneumatic‬ ‭Tyres‬ ‭For‬ ‭Commercial‬ ‭Vehicles‬ ‭-‬ ‭Diagonal And Radial Ply‬ ‭115‬ ‭IS 2312‬ ‭Propeller Type Ac Ventilating Fans‬ ‭116‬ ‭IS 5509‬ ‭Fire Retardant Plywood -specification‬ ‭117‬ ‭IS 9283‬ ‭Motors For Submersible Pumpsets‬ ‭118‬ ‭IS 9968 (Part 1)‬ ‭Elastomer‬ ‭Insulated‬ ‭Cables:part‬ ‭1‬ ‭For‬ ‭Working‬ ‭Voltages‬ ‭Upto‬ ‭And‬ ‭Including 1 100 V‬ ‭119‬ ‭IS 12016‬ ‭Cypermethrin Ec‬ ‭120‬ ‭IS 13098‬ ‭Automotive Vehicles- Tubes For Pneumatic Tyres-specification‬ ‭121‬ ‭IS 14846‬ ‭Sluice Valve For Water Works Purposes (50 To 1200 Mm Size) -‬ ‭122‬ ‭IS 1507‬ ‭Specification‬ ‭For‬ ‭Copper‬ ‭Oxychloride‬ ‭Water‬ ‭Dispersible‬ ‭Powder‬ ‭Concentrates‬ ‭123‬ ‭IS 15138‬ ‭Textiles - Jute Bags For Packing-50 Kg Sugar - Specification‬ ‭124‬ ‭IS 16186‬ ‭Textiles‬ ‭-‬ ‭Light‬ ‭Weight‬ ‭Jute‬ ‭Sacking‬ ‭Bags‬ ‭For‬ ‭Packing‬ ‭50‬ ‭Kg‬ ‭Foodgrains - Specification‬ ‭125‬ ‭IS 371‬ ‭Ceiling Roses‬ ‭126‬ ‭IS 6240‬ ‭Hot‬ ‭Rolled‬ ‭Steel‬ ‭Plate‬ ‭(up‬ ‭To‬ ‭6‬ ‭Mm)‬ ‭Sheet‬ ‭And‬ ‭Strip‬ ‭For‬ ‭The‬ ‭Manufacture Of Low Pressure Liquefiable Gas Cylinders‬ ‭127‬ ‭IS 8783 (Part‬ ‭4/Sec 1)‬ ‭Winding‬‭Wires‬‭For‬‭Submersible‬‭Motors‬‭-‬‭Part‬‭4‬‭:‬‭Individual‬‭Wires‬‭-‬ ‭Section 1 : Hr Pvc Insulated Wires‬ ‭128‬ ‭IS 8783 (Part‬ ‭4/Sec 3)‬ ‭Winding‬‭Wires‬‭For‬‭Submersible‬‭Motors‬‭-‬‭Part‬‭4‬‭:‬‭Individual‬‭Wires‬‭-‬ ‭Section 3 : Polyester And Polypropylene Insulated Winding Wires‬ ‭129‬ ‭IS 9295‬ ‭Steel Tubes For Idlers For Belt Conveyors‬ ‭130‬ ‭IS 9857‬ ‭Welding Cables‬ ‭131‬ ‭IS 12615‬ ‭Line‬‭Operated‬‭Three‬‭Phase‬‭A.c.‬‭Motors‬‭(ie‬‭Code)‬‭""efficiency‬‭Classes‬ ‭And‬ ‭Performance‬ ‭Specification""t‬ ‭Induction‬ ‭Motors‬ ‭-‬ ‭Three‬ ‭Phase‬ ‭Squirrel Cage‬ ‭132‬ ‭IS 12650‬ ‭Textiles - Jute Bags For Packing 50 Kg Foodgrains‬ ‭133‬ ‭IS 1341‬ ‭Steel Butt Hinges -‬ ‭134‬ ‭IS 14587‬ ‭Prelaminated Medium Density Fibre Board -specification‬ ‭135‬ ‭IS 14697‬ ‭Ac‬‭Static‬‭Transformer‬‭Operated‬‭Watthour‬‭And‬‭Var-hour‬‭Meters,‬‭Class‬ ‭0.2 S And 0.5 S‬ ‭136‬ ‭IS 15633‬ ‭Automotive‬‭Vehicles‬‭-‬‭Pneumatic‬‭Tyres‬‭For‬‭Passenger‬‭Car‬‭Vehicles‬‭-‬ ‭Diagonal And Radial Ply‬ ‭137‬ ‭IS 16098 (Part 1)‬ ‭Structured-wall‬ ‭Plastics‬ ‭Piping‬ ‭Systems‬ ‭For‬ ‭Non-pressure‬ ‭Drainage‬ ‭And‬ ‭Sewerage‬ ‭Part‬ ‭1‬ ‭Pipes‬ ‭And‬ ‭Fittings‬ ‭With‬ ‭Smooth‬ ‭External‬ ‭Surface, Type A‬ ‭138‬ ‭IS 302 (Part 2/Sec‬ ‭14)‬ ‭Safety‬ ‭Of‬ ‭Household‬ ‭And‬ ‭Similar‬ ‭Electrical‬ ‭Appliances:‬ ‭Part‬ ‭2‬ ‭Particular Requirements. Section 14 Electric Kitchen Machines‬ ‭139‬ ‭IS 7903‬ ‭Textiles‬ ‭-‬ ‭Tarpaulins‬ ‭Made‬ ‭From‬ ‭High‬ ‭Density‬ ‭Polyethylene‬‭Woven‬ ‭Fabric‬ ‭140‬ ‭IS/IEC 60898‬ ‭(Part 1)‬ ‭Electrical‬ ‭Accessories‬ ‭-‬ ‭Circuit-breakers‬ ‭For‬ ‭Overcurrent‬ ‭Protection‬ ‭For‬‭Household‬‭And‬‭Similar‬‭Installations‬‭:‬‭Part‬‭1‬‭Circuit-breakers‬‭For‬ ‭Ac Operation‬ ‭141‬ ‭IS 1008‬ ‭Sugar Boiled Confectionery‬ ‭142‬ ‭IS 1239 (Part 2)‬ ‭Steel‬ ‭Tubes,‬ ‭Tubulars‬ ‭And‬ ‭Other‬ ‭Steel‬ ‭Fittings‬ ‭Part‬ ‭2‬ ‭Steel‬ ‭Pipe‬ ‭Fittings‬ ‭143‬ ‭IS 13095‬ ‭Butterfly Valves For General Purposes‬ ‭144‬ ‭IS 13457‬ ‭Pesticide - Deltamethrin Wp‬ ‭145‬ ‭IS 1783 (Part 1)‬ ‭Drums Large, Fixed Ends Specification Part 1 Grade A Drums‬ ‭146‬ ‭IS 1806‬ ‭Malted Milk Foods‬ ‭147‬ ‭IS 252‬ ‭Caustic Soda - Specification‬ ‭148‬ ‭IS 2566‬ ‭Textiles - B-twill Jute Bags For Packing Foodgrains‬ ‭149‬ ‭IS 2791‬ ‭Soluble Coffee Powder‬ ‭150‬ ‭IS 3564‬ ‭Hydraulically Regulated Door Closers -specification‬ ‭151‬ ‭IS 3589‬ ‭Steel‬ ‭Pipes‬ ‭For‬ ‭Water‬ ‭And‬ ‭Sewage‬ ‭(168.3‬ ‭To‬ ‭2‬ ‭540‬ ‭Mm‬ ‭Outside‬ ‭Diameter)‬ ‭152‬ ‭IS 398 (Part 5)‬ ‭Aluminium‬ ‭Conductors‬ ‭For‬ ‭Overhead‬ ‭Transmission‬‭Purposes:‬‭Part‬‭5‬ ‭Aluminium‬‭Conductors‬‭-‬‭Galvanized‬‭Steel‬‭Reinforced‬‭For‬‭Extra‬‭High‬ ‭Voltage (400 Kv And Above)_‬ ‭153‬ ‭IS 5346‬ ‭Synthetic Food Colour - Preparations And Mixtures‬ ‭154‬ ‭IS 6438‬ ‭Aluminium Phosphide Formulations‬ ‭155‬ ‭IS 6444‬ ‭Sulphur Dusting Powders‬ ‭156‬ ‭IS 651‬ ‭Glazed Stoneware Pipe And Fittings -‬ ‭157‬ ‭IS 7098 (Part 3)‬ ‭Cross-linked‬ ‭Polyethylene‬ ‭Insulated‬ ‭Thermoplastic‬ ‭Sheathed‬ ‭Cables:‬ ‭Part 3 For Working Voltages From 66 Kv Upto And Including 220 Kv‬ ‭158‬ ‭IS 7452‬ ‭Specification‬‭For‬‭Hot-rolled‬‭Steel‬‭Sections‬‭For‬‭Doors,‬‭Windows‬‭And‬ ‭Ventilators‬ ‭159‬ ‭IS 7809 (Part‬ ‭3/Sec 1)‬ ‭Pressure‬‭Sensitive‬‭Adhesive‬‭Insulating‬‭Tapes‬‭For‬‭Electrical‬‭Purposes‬‭-‬ ‭Part‬‭3‬‭:‬‭Requirements‬‭For‬‭Individual‬‭Materials‬‭-‬‭Section‬‭1‬‭:‬‭Plasticized‬ ‭Polyvinylchloride Tapes With Non-thermosetting Adhesive‬ ‭160‬ ‭IS 9968 (Part 2)‬ ‭Elastomer-insulated‬‭Cables‬‭-‬‭Part‬‭2‬‭:‬‭For‬‭Working‬‭Voltages‬‭From‬‭3.3‬ ‭Kv Up To And Including 3 3kv‬ ‭161‬ ‭IS 12592‬ ‭Precast Concrete Manhole Cover And Frame -‬ ‭162‬ ‭IS 13801‬ ‭Chequered Cement Concrete Tiles -‬ ‭163‬ ‭IS 15380‬ ‭Moulded Raised High Density Fibre (hdf) Panel Doors -‬ ‭164‬ ‭IS 15532‬ ‭Plastics Crates For Fruits And Vegetables‬ ‭165‬ ‭IS 15683‬ ‭Portable‬ ‭Fire‬ ‭Extinguishers-‬ ‭Performance‬ ‭And‬ ‭Construction‬ ‭-‬ ‭Specification‬ ‭166‬ ‭IS 16098 (Part 2)‬ ‭Structured-wall‬ ‭Plastics‬ ‭Piping‬ ‭Systems‬ ‭For‬ ‭Non-pressure‬ ‭Drainage‬ ‭And‬ ‭Sewerage‬ ‭Part‬ ‭2‬ ‭Pipes‬ ‭And‬‭Fittings‬‭With‬‭Non-smooth‬‭External‬ ‭Surface, Type B‬ ‭167‬ ‭IS 2645‬ ‭Integral‬‭Waterproofing‬‭Compounds‬‭For‬‭Cement‬‭Mortar‬‭And‬‭Concrete‬ ‭-specification‬ ‭168‬ ‭IS 5986‬ ‭Hot‬ ‭Rolled‬‭Steel‬‭Flat‬‭Products‬‭For‬‭Structural‬‭Forming‬‭And‬‭Flanging‬ ‭Purposes‬ ‭169‬ ‭IS 6595 (Part 1)‬ ‭Horizontal‬ ‭Centrifugal‬ ‭Pumps‬ ‭For‬ ‭Clear,‬ ‭Cold‬ ‭Water‬ ‭-‬ ‭Part‬ ‭1‬ ‭:‬ ‭Agricultural And Rural Water Supply Purposes‬ ‭170‬ ‭IS 9079‬ ‭Electric‬‭Monoset‬‭Pumps‬‭For‬‭Clear,‬‭Cold‬‭Water‬‭For‬‭Agricultural‬‭And‬ ‭Water Supply Purposes‬ ‭171‬ ‭IS 9537 (Part 2)‬ ‭Conduits For Electrical Installations:part 2 Rigid Steel Conduits‬ ‭172‬ ‭IS 1239 (Part 1)‬ ‭Steel‬‭Tubes,‬‭Tubulars‬‭And‬‭Other‬‭Wrought‬‭Steel‬‭Fittings‬‭-‬‭Part‬‭1‬‭:‬‭Steel‬ ‭Tubes‬ ‭173‬ ‭IS 12640 (Part 2)‬ ‭Residual‬ ‭Current‬ ‭Operated‬ ‭Circuit‬ ‭-‬ ‭Breaking‬ ‭For‬ ‭Household‬ ‭And‬ ‭Similar‬ ‭Uses‬ ‭-‬ ‭Part‬ ‭2‬ ‭Circuit‬ ‭-‬ ‭Breakers‬ ‭With‬ ‭Integral‬ ‭Overcurrent‬ ‭Protection (rcvos)‬ ‭174‬ ‭IS 12751‬ ‭Pesticides - Pendimethalin Ec‬ ‭175‬ ‭IS 13983‬ ‭Stainless Steel Sinks For Domestic Purposes‬ ‭176‬ ‭IS 14510‬ ‭Lambda-cyhalothrin Wp‬ ‭177‬ ‭IS 15500 (Part 2)‬ ‭Deepwell‬ ‭Handpumps,‬ ‭Components‬ ‭And‬ ‭Special‬ ‭Tools‬ ‭Specification‬ ‭Part 2 Handpumps‬ ‭178‬ ‭IS 15500 (Part 3)‬ ‭Deepwell‬ ‭Handpumps,‬ ‭Components‬ ‭And‬ ‭Special‬ ‭Tools‬ ‭Specification‬ ‭Part 3 Handpump Sub-assemblies‬ ‭179‬ ‭IS 15997‬ ‭Low‬ ‭Nickel‬ ‭Austenitic‬ ‭Stainless‬ ‭Steel‬ ‭Sheet‬ ‭And‬ ‭Strip‬ ‭For‬ ‭Utensils‬ ‭And Kitchen Appliances - Specification‬ ‭180‬ ‭IS 16353‬ ‭Portland Cement Clinker - Specification No Of Revision :‬ ‭181‬ ‭IS 1660‬ ‭Wrought Aluminium--utensils Specification‬ ‭182‬ ‭IS 1783 (Part 2)‬ ‭Drums, Large, Fixed Ends - Specification Part 2 Grade B Drums‬ ‭183‬ ‭IS 1785 (Part 2)‬ ‭Plain‬ ‭Hard-drawn‬ ‭Steel‬ ‭Wire‬ ‭For‬ ‭Prestressed‬ ‭Concrete:‬ ‭Part‬ ‭2‬ ‭As‬ ‭Drawn Wire‬ ‭184‬ ‭IS 1879‬ ‭Malleable Cast Iron Pipe Fittings _ Specification‬ ‭185‬ ‭IS 204 (Part 1)‬ ‭Tower Bolts - Specification Part-1 Ferrous Metals‬ ‭186‬ ‭IS 204 (Part 2)‬ ‭Tower Bolts - Specification Part-2 Non-ferrous Metals‬ ‭187‬ ‭IS 2347‬ ‭Domestic Pressure Cookers‬ ‭188‬ ‭IS 2567‬ ‭Specification For Malathion Emulsifiable Concentrates‬ ‭189‬ ‭IS 2925‬ ‭Specification For Industrial Safety Helmets‬ ‭190‬ ‭IS 299‬ ‭Alumino-ferric - Specification‬ ‭191‬ ‭IS 3383‬ ‭Wettable Sulphur Powder‬ ‭192‬ ‭IS 3502‬ ‭Steel Chequered Plates‬ ‭193‬ ‭IS 3575‬ ‭Bitumen Drums‬ ‭194‬ ‭IS 3989‬ ‭Centrifugally‬ ‭Cast‬ ‭(spun)‬ ‭Iron‬ ‭Spigot‬ ‭And‬ ‭Socket‬ ‭Soil,waste,‬ ‭Ventilation And Rainwater Pipes, Fittings, And Accessories‬ ‭195‬ ‭IS 4151‬ ‭Protective Helmet For Two Wheeler Riders‬ ‭196‬ ‭IS 4270‬ ‭Steel Tubes Used For Water Wells‬ ‭197‬ ‭IS 5312 (Part 1)‬ ‭Swing‬ ‭Check‬ ‭Type‬ ‭Reflux‬ ‭(non-return]‬ ‭Valves‬ ‭For‬ ‭Water‬ ‭Works‬ ‭Purposes - Part 1 : Single-door Pattern‬ ‭198‬ ‭IS 5522‬ ‭Stainless Steel Sheets And Strips For Utensils Specification‬ ‭199‬ ‭IS 5950‬ ‭Shot Firing Cables (for Use Other Than In Shafts)‬ ‭200‬ ‭IS 7466‬ ‭Rubber Gaskets For Pressure Cookers‬ ‭201‬ ‭IS 863‬ ‭Handloom Cotton Bandage Cloth, Non-sterilized‬ ‭202‬ ‭IS 9356‬ ‭Butachlor Emulsifiable Concentrates‬ ‭203‬ ‭IS 9360‬ ‭Carbofuran Granules, Encapsulated‬ ‭204‬ ‭IS 14182‬ ‭Solvent‬‭Cement‬‭For‬‭Use‬‭With‬‭Unplasticized‬‭Polyvinylchloride‬‭Plastic‬ ‭Pipe And Fittings‬ ‭205‬ ‭IS 14611‬ ‭Multilayered‬ ‭Cross‬ ‭Laminated‬ ‭Sheets/tarpaulins/covers/agricultural‬ ‭Films‬ ‭206‬ ‭IS 14885‬ ‭Polyethylene Pipes For The Supply Of Gaseous Fuels -‬ ‭207‬ ‭IS 14927 (Part 2)‬ ‭Cable‬‭Trunking‬‭And‬‭Ducting‬‭Systems‬‭For‬‭Electrical‬‭Installations‬‭:‬‭Part‬ ‭2‬ ‭Cable‬ ‭Trunking‬ ‭And‬ ‭Ducting‬ ‭Systems‬ ‭Intended‬ ‭For‬ ‭Mounting‬‭On‬ ‭Walls Or Ceiling‬ ‭208‬ ‭IS 15111 (Part 1‬ ‭and 2)‬ ‭Self Ballasted Lamps For General Lighting Services‬ ‭209‬ ‭IS 15298 (Part 2)‬ ‭Personal Protective Equipment Part 2 Safety Footwear‬ ‭210‬ ‭IS 15627‬ ‭Automotive‬‭Vehicles‬‭-‬‭Pneumatic‬‭Tyres‬‭For‬‭Two‬‭And‬‭Three-wheeled‬ ‭Motor Vehicles‬ ‭211‬ ‭IS 15907‬ ‭Agro‬ ‭Textiles‬ ‭-‬ ‭High‬ ‭Density‬ ‭Polyethylene‬ ‭(hdpe)‬ ‭Woven‬ ‭Beds‬ ‭For‬ ‭Vermiculture‬ ‭212‬ ‭IS 16703‬ ‭Textiles‬‭-‬‭High‬‭Density‬‭Polyethylene‬‭(hdpe)‬‭Polypropylene‬‭(pp)‬‭Woven‬ ‭Sacks For Packaging Of 25 Kg Polymer Materials‬ ‭213‬ ‭IS 418‬ ‭Tungsten‬‭Filament‬‭Lamp‬‭For‬‭Domestic‬‭And‬‭Similar‬‭General‬‭Lighting‬ ‭Purposes‬ ‭214‬ ‭IS 4308‬ ‭Dry Chemical Powders For Fire Fighting- Bc , Abc And D Types‬ ‭215‬ ‭IS 7098 (Part 2)‬ ‭Crosslinked‬‭Polyethylene‬‭Insulated‬‭Thermoplastics‬‭Sheathed‬‭Cables‬‭-‬ ‭Part 2 For Working Voltages From 3.3 Kv Up To And Including 33 Kv‬ ‭216‬ ‭IS 814‬ ‭Covered‬ ‭Electrodes‬ ‭For‬ ‭Manual‬ ‭Metal‬ ‭Arc‬ ‭Welding‬‭Of‬‭Carbon‬‭And‬ ‭Carbon Manganese Steel‬ ‭217‬ ‭IS 8144‬ ‭Multipurpose Dry Batteries‬ ‭218‬ ‭IS 9974 (Part 1)‬ ‭High‬ ‭Pressure‬ ‭Sodium‬ ‭Vapour‬ ‭Lamps‬ ‭:part‬ ‭1‬ ‭General‬ ‭Requirements‬ ‭And Tests‬ ‭219‬ ‭IS 11997‬ ‭Fenvalerate Ec‬ ‭220‬ ‭IS 1251‬ ‭Zinc Phosphide, Technical‬ ‭221‬ ‭IS 14183‬ ‭Pesticide - Cartap Hydrochloride Sp‬ ‭222‬ ‭IS 15160‬ ‭Pretilachlor Emulsifiable Concentrate‬ ‭223‬ ‭IS 15500 (Part 4)‬ ‭Deep~ell‬ ‭Handpumps,‬ ‭Components‬ ‭And‬ ‭Special‬ ‭Tools‬ ‭Specification‬ ‭Part 4 Steel Components‬ ‭224‬ ‭IS 15500 (Part 5)‬ ‭Deepwell‬ ‭Handpumps,‬ ‭Components‬ ‭And‬ ‭Special‬ ‭Tools‬ ‭Specification‬ ‭Part 5 Cast Iron Components‬ ‭225‬ ‭IS 15500 (Part 6)‬ ‭Deepwell‬ ‭Handpumps,‬ ‭Components‬ ‭And‬ ‭Special‬ ‭Tools‬ ‭Specification‬ ‭Part 6 Brass/bronze Components‬ ‭226‬ ‭IS 15500 (Part 7)‬ ‭Deepwell‬ ‭Handpumps,‬ ‭Components‬ ‭And‬ ‭Special‬ ‭Tools‬ ‭Specification‬ ‭Part 7 Rubber Components‬ ‭227‬ ‭IS 1746‬ ‭Shoe Polish, Paste‬ ‭228‬ ‭IS 1832‬ ‭Specification For Malathion, Technical‬ ‭229‬ ‭IS 2039 (Part 1 to‬ ‭3)‬ ‭Steel Tubes For Bicycle And Cycle Rickshaws‬ ‭230‬ ‭IS 208‬ ‭Door Handles -specification‬ ‭231‬ ‭IS 2465‬ ‭Cables For Motor Vehicles‬ ‭232‬ ‭IS 251‬ ‭Soda Ash, Technical‬ ‭233‬ ‭IS 2568‬ ‭Specification For Malathion Dusting Powders‬ ‭234‬ ‭IS 2569‬ ‭Specificaion For Malathion Water Dispersible Powder Concentrates‬ ‭235‬ ‭IS 261‬ ‭Copper Sulphate‬ ‭236‬ ‭IS 2721‬ ‭Galvanized Steel Chain Link Fence Fabric‬ ‭237‬ ‭IS 2879‬ ‭Mild Steel For Metal Arc Welding Electrodes‬ ‭238‬ ‭IS 4320‬ ‭Thiram, Technical‬ ‭239‬ ‭IS 4351‬ ‭Steel Door Frames -‬ ‭240‬ ‭IS 5175‬ ‭Fibre‬ ‭Ropes‬ ‭Polypropylene‬ ‭Split‬ ‭Film,‬ ‭Monofilament‬ ‭And‬ ‭Multifilament‬‭(pp2)‬‭And‬‭Polypropylene‬‭High-‬‭Tenacity‬‭Multifilament‬ ‭(pp3) 3-, 4-, 8- And 12-strand Ropes‬ ‭241‬ ‭IS 5277‬ ‭Dichlorvos Emulsifiable Concentrates‬ ‭242‬ ‭IS 5487‬ ‭Metal Polish, Liquid‬ ‭243‬ ‭IS 6911‬ ‭Stainless Steel Plate, Sheet And Strip‬ ‭244‬ ‭IS 7181‬ ‭Horizontally‬ ‭Cast‬ ‭Iron‬ ‭Double‬ ‭Flanged‬ ‭Pipes‬ ‭For‬ ‭Water,‬ ‭Gas‬ ‭And‬ ‭Sewage‬ ‭245‬ ‭IS 7231‬ ‭Plastic Flushing Cisterns For Waterclosets And Urinals‬ ‭246‬ ‭IS 7532‬ ‭Soft Soap - Specification‬ ‭247‬ ‭IS 758‬ ‭Handloom Cotton Gauze, Absorbent, Non-sterilized‬ ‭248‬ ‭IS 778‬ ‭Copper‬ ‭Alloy‬ ‭Gate,‬ ‭Globe‬ ‭And‬ ‭Check‬ ‭Valves‬ ‭For‬ ‭Waterworks‬ ‭Purposes‬ ‭249‬ ‭IS 781‬ ‭Cast‬‭Copper‬‭Alloy‬‭Screw‬‭Down‬‭Bib‬‭Taps‬‭And‬‭Stop‬‭Valves‬‭For‬‭Water‬ ‭Services‬ ‭250‬ ‭IS 8028‬ ‭Quinalphos Ec‬ ‭251‬ ‭IS 8074‬ ‭Monocrotophos Sl‬ ‭252‬ ‭IS 8446‬ ‭Pesticide - Carbendazim (mbc) Wp‬ ‭253‬ ‭IS 903‬ ‭Specification‬‭For‬‭Fire‬‭Hose‬‭Delivery‬‭Couplings,‬‭Branch‬‭Pipe,‬‭Nozzles‬ ‭And Nozzle Spanner - Specification‬ ‭254‬ ‭IS 9532‬ ‭Chakka And Shrikhand‬ ‭255‬ ‭IS 11037‬ ‭Electronic Type Fan Regulators‬ ‭256‬ ‭IS 11170‬ ‭Performance‬‭Requirements‬‭For‬‭Constant‬‭Speed‬‭Compression‬‭Ignition‬ ‭(diesel) Engines For Agricultural Purposes (up To 20 Kw)‬ ‭257‬ ‭IS 12232 (Part 1)‬ ‭Irrigation‬ ‭Equipment‬ ‭-‬ ‭Rotating‬ ‭Sprinkler:‬ ‭Part‬ ‭1‬ ‭Design‬ ‭And‬ ‭Operational Requirements‬ ‭258‬ ‭IS 1258‬ ‭Bayonet Lamp Holders‬ ‭259‬ ‭IS 12585‬ ‭Thermoplastic Hoses (textile Reinforced) For Water - General Purpose‬ ‭260‬ ‭IS 12640 (Part 1)‬ ‭Residual‬ ‭Current‬ ‭Operated‬ ‭Circuit‬ ‭-‬ ‭Breakers‬ ‭For‬ ‭Household‬ ‭And‬ ‭Similar‬ ‭Uses:‬ ‭Part‬ ‭1‬ ‭Circuit-breakers‬ ‭Without‬ ‭Integral‬ ‭Overcurrent‬ ‭Protection (rccbs)‬ ‭261‬ ‭IS 12931‬ ‭Atrazine Wp‬ ‭262‬ ‭IS 12933 (Part 1)‬ ‭Solar Flat Plate Collector - Part 1 : Requirements‬ ‭263‬ ‭IS 13429 (Part 1)‬ ‭Solar Cooker - Box Type - Part 1 : Requirements‬ ‭264‬ ‭IS 14494‬ ‭Elastomer‬ ‭Insulated‬ ‭Flexible‬ ‭Cables‬ ‭For‬ ‭Use‬ ‭In‬ ‭Mines‬ ‭(combined‬ ‭Revision Of Is:691 And Is:1026)‬ ‭265‬ ‭IS 14772‬ ‭General‬‭Requirements‬‭For‬‭Enclosures‬‭For‬‭Accessories‬‭For‬‭Household‬ ‭And‬‭Similar‬‭Fixed‬‭Electrical‬‭Installations‬‭(superseding‬‭Is‬‭5133‬‭(part‬‭1‬ ‭And 2)‬ ‭266‬ ‭IS 15335‬ ‭Imidacloprid Sl‬ ‭267‬ ‭IS 1709‬ ‭Capacitors For Electric Fan Motors‬ ‭268‬ ‭IS 1875‬ ‭Carbon Steel Billets, Blooms, Slabs And Bars For Forgings‬ ‭269‬ ‭IS 2185 (Part 3)‬ ‭Concrete‬‭Masonry‬‭Units‬‭Part‬‭3‬‭Autoclaved‬‭Cellular‬‭Aerated‬‭Concrete‬ ‭Blocks‬ ‭270‬ ‭IS 2547 (Part 1)‬ ‭Gypsum‬ ‭Building‬ ‭Plaster:‬ ‭Part‬ ‭1‬ ‭Excluding‬ ‭Premixed‬ ‭Lightweight‬ ‭Plaster‬ ‭271‬ ‭IS 2553 (Part 1)‬ ‭Safety Glass Part 1 Architectural, Building And General Uses‬ ‭272‬ ‭IS 2993‬ ‭A.c. Motor Capacitors‬ ‭273‬ ‭IS 3462‬ ‭Unbacked Flexible Pvc Flooring‬ ‭274‬ ‭IS 444‬ ‭Rubber‬ ‭Hoses,‬ ‭Textile-reinforced,‬ ‭For‬ ‭General-purpose‬ ‭Water‬ ‭Applications‬ ‭275‬ ‭IS 446‬ ‭Rubber Hoses, Textile-reinforced, For Compressed Air‬ ‭276‬ ‭IS 447‬ ‭Rubber Hose For Welding‬ ‭277‬ ‭IS 4766‬ ‭Thiram Water Dispersible Powders‬ ‭278‬ ‭IS 5290‬ ‭Specification For Landing Valves‬ ‭279‬ ‭IS 5405‬ ‭Sanitary Napkins‬ ‭280‬ ‭IS 6527‬ ‭Stainless Steel Wire Rod‬ ‭281‬ ‭IS 6528‬ ‭Stainless Steel Wire‬ ‭282‬ ‭IS 6603‬ ‭Stainless Steel Bars And Flats‬ ‭283‬ ‭IS 7021‬ ‭Protein-rich Food Supplements For Infants And Preschool Children‬ ‭284‬ ‭IS 7347‬ ‭Performance‬ ‭Of‬ ‭Small‬ ‭Size‬ ‭Spark‬ ‭Ignition‬ ‭Engines‬ ‭For‬ ‭Agricultural‬ ‭Sprayers And Similar Applications‬ ‭285‬ ‭IS 8708‬ ‭Mancozeb Wettable Powder‬ ‭286‬ ‭IS 8887‬ ‭Bitumen Emulsion For Roads (cationic Type)‬ ‭287‬ ‭IS 9271‬ ‭Unplasticized‬‭Polyvinyl‬‭Chloride‬‭(upvc)‬‭Single‬‭Wall‬‭Corrugated‬‭Pipes‬ ‭For Drainage -‬ ‭288‬ ‭IS 9573 (Part 2)‬ ‭Rubber‬‭Hose‬‭For‬‭Liquefied‬‭Petroleum‬‭Gas‬‭(LPG)‬‭-‬‭Specification‬‭Part‬‭2‬ ‭Domestic And Commercial Application‬ ‭289‬ ‭IS/IEC 60730‬ ‭(Part 2/Sec 9)‬ ‭Automatic‬‭Electrical‬‭Controls‬‭For‬‭Household‬‭And‬‭Similar‬‭Use‬‭Part‬‭2‬ ‭Particular Requirements Section 9 Temperature Sensing Controls‬ ‭290‬ ‭IS 10086‬ ‭Specification For Moulds For Use In Tests Of Cement And Concrete‬ ‭291‬ ‭IS 10116‬ ‭Boric Acid‬ ‭292‬ ‭IS 10325‬ ‭Square‬‭Tins‬‭-‬‭15‬‭Kg/litre‬‭For‬‭Ghee,‬‭Vanaspati,‬‭Edible‬‭Oils‬‭And‬‭Bakery‬ ‭Shortenings‬ ‭293‬ ‭IS 10350‬ ‭Powder Hair Dyes‬ ‭294‬ ‭IS 10758‬ ‭De-odorising-cum-disinfectant Fluids‬ ‭295‬ ‭IS 1159‬ ‭Baking Powder‬ ‭296‬ ‭IS 11722‬ ‭Thin Walled Flexible Quick Coupling Pipes‬ ‭297‬ ‭IS 12817‬ ‭Stainless Steel Butt Hinges‬ ‭298‬ ‭IS 12916‬ ‭Acephate Sp‬ ‭299‬ ‭IS 12981‬ ‭Common Salt - Iron Fortified‬ ‭300‬ ‭IS 1322‬ ‭Bitumen Felts For Water Proofing And Damp-proofing‬ ‭301‬ ‭IS 13422‬ ‭Disposable Surgical Rubber Gloves‬ ‭302‬ ‭IS 13714‬ ‭Dunnage Pallets - Ware Housing‬ ‭303‬ ‭IS 13997‬ ‭Drums, Large Open Top - Specification‬ ‭304‬ ‭IS 14184‬ ‭Pesticide - Cartap Hydrochloride G‬ ‭305‬ ‭IS 14411‬ ‭Deltamethrin F‬ ‭306‬ ‭IS 14929‬ ‭Textiles - High Strength Polyolefins Copolymer Ropes‬ ‭307‬ ‭IS 15058‬ ‭Pvc‬‭Water-stops‬‭At‬‭Transverse‬‭Contraction‬‭Joints‬‭For‬‭Use‬‭In‬‭Masonry‬ ‭And Concrete Dams‬ ‭308‬ ‭IS 1536‬ ‭Centrifugally‬ ‭Cast‬ ‭(spun)‬ ‭Iron‬ ‭Pressure‬ ‭Pipes‬ ‭For‬ ‭Water,‬ ‭Gas‬ ‭And‬ ‭Sewage‬ ‭309‬ ‭IS 1551‬ ‭Carbon Papers For Typewriter‬ ‭310‬ ‭IS 15558‬ ‭Mini Domestic Water Heater For Use With Lpg‬ ‭311‬ ‭IS 15961‬ ‭Hot‬‭Dip‬‭Aluminium-zinc‬‭Alloy‬‭Metallic‬‭Coated‬‭Steel‬‭Strip‬‭And‬‭Sheet‬ ‭(plain)‬ ‭312‬ ‭IS 1729‬ ‭Cast‬ ‭Iron/ductile‬ ‭Iron‬ ‭Drainage‬ ‭Pipes‬ ‭And‬ ‭Pipe‬ ‭Fittings‬ ‭For‬ ‭Over‬ ‭Ground Non-pressure Pipeline Socket And Spigot Series‬ ‭313‬ ‭IS 1785 (Part 1)‬ ‭Plain‬ ‭Hard-drawn‬ ‭Steel‬ ‭Wire‬ ‭For‬ ‭Prestressed‬ ‭Concrete:‬ ‭Part‬ ‭1‬ ‭Cold‬ ‭Drawn Stress-relieved Wire‬ ‭314‬ ‭IS 1856‬ ‭Steel Wire Ropes For Haulage Purposes‬ ‭315‬ ‭IS 2002‬ ‭Steel‬ ‭Plates‬ ‭For‬ ‭Pressure‬ ‭Vessels‬ ‭For‬ ‭Intermediate‬ ‭And‬ ‭High‬ ‭Temperature Service Including Boilers‬ ‭316‬ ‭IS 205‬ ‭Non-ferrous Metal Butt Hinges -specification‬ ‭317‬ ‭IS 2404‬ ‭Malt Extract‬ ‭318‬ ‭IS 2546‬ ‭Specification For Galvanized Mild Steel Fire Bucket‬ ‭319‬ ‭IS 2557‬ ‭Annatto Colour For Food Products‬ ‭320‬ ‭IS 2692‬ ‭Ferrules For Water Services‬ ‭321‬ ‭IS 274 (Part 1 and‬ ‭2)‬ ‭Shovels‬ ‭-‬ ‭Part‬ ‭1‬ ‭:‬ ‭General‬ ‭Purpose‬ ‭Shovels‬ ‭-‬ ‭Part‬ ‭Ii‬ ‭:‬ ‭Heat-treated‬ ‭Shovels‬ ‭322‬ ‭IS 2888‬ ‭Toilet Soap‬ ‭323‬ ‭IS 2932 (Part 1)‬ ‭Enamel,‬ ‭Synthetic,‬ ‭Exterior‬ ‭:‬ ‭(a)‬ ‭Undercoating‬ ‭(b)‬ ‭Finishing‬ ‭-‬ ‭Specification : Part 1 For Domestic And Decorative Applications‬ ‭324‬ ‭IS 3818‬ ‭Continuous (piano) Hinges -specification‬ ‭325‬ ‭IS 4199‬ ‭Toilet Soap, Liquid‬ ‭326‬ ‭IS 4572‬ ‭Fibre Ropes Polyamide 3-, 4-, 8- And 12-strand Ropes‬ ‭327‬ ‭IS 4605‬ ‭Crepe Bandage‬ ‭328‬ ‭IS 4947‬ ‭Specification For Gas Cartridges For Use In Fire Extinguishers -‬ ‭329‬ ‭IS 5382‬ ‭Rubber‬‭Seals‬‭Joint‬‭Rings‬‭For‬‭Water‬‭Supply,‬‭Drainage‬‭And‬‭Sewerage‬ ‭Pipelines Specification For Materials‬ ‭330‬ ‭IS 5410‬ ‭Cement Paint - Specification‬ ‭331‬ ‭IS 5504‬ ‭Spiral Welded Pipes‬ ‭332‬ ‭IS 5676‬ ‭Moulded Solid Rubber Soles And Heels‬ ‭333‬ ‭IS 6047‬ ‭Scouring Products For Utensil Cleaning - Specification‬ ‭334‬ ‭IS 612‬ ‭Roasted Chicory Powder‬ ‭335‬ ‭IS 6392‬ ‭Steel Pipe Flanges‬ ‭336‬ ‭IS 8025‬ ‭Monocrotophos, Technical‬ ‭337‬ ‭IS 916‬ ‭Square Tins For Solid Products‬ ‭338‬ ‭IS 9523‬ ‭Ductile Iron Fittings For Pressure Pipes For Water, Gas And Sewage‬ ‭339‬ ‭IS 9665‬ ‭Propoxur Emulsifiable Concentrates‬ ‭340‬ ‭IS 9890‬ ‭General Purpose Ball Valves‬ ‭341‬ ‭IS 1038‬ ‭Specification For Steel Doors, Windows And Ventilators‬ ‭342‬ ‭IS 1051‬ ‭Pyrethrum Extracts‬ ‭343‬ ‭IS 10805‬ ‭Foot‬‭Valves,‬‭Reflux‬‭Valves‬‭Or‬‭Non-return‬‭Valves‬‭And‬‭Bore‬‭Valves‬‭To‬ ‭Be Used In Suction Lines Of Agricultural Pumping Systems‬ ‭344‬ ‭IS 11501‬ ‭Engine‬‭Monoset‬‭Pumps‬‭For‬‭Clear,‬‭Cold,‬‭Fresh‬‭Water‬‭For‬‭Agricultural‬ ‭Purposes‬ ‭345‬ ‭IS 12785‬ ‭Irrigation Equipment - Strainer-type Filters‬ ‭346‬ ‭IS 12894‬ ‭Pulverized Fuel Ash-lime Bricks -‬ ‭347‬ ‭IS 13340 (Part 1)‬ ‭Shunt‬ ‭Power‬ ‭Capacitors‬ ‭Of‬ ‭The‬ ‭Self-healing‬ ‭Type‬ ‭For‬ ‭Ac‬ ‭Systems‬ ‭Having‬‭A‬‭Rated‬‭Voltage‬‭Up‬‭To‬‭And‬‭Including‬‭1‬‭000‬‭V‬‭Part‬‭1‬‭General‬ ‭Performance,‬ ‭Testing‬ ‭And‬ ‭Rating‬ ‭Safety‬ ‭Requirements‬ ‭--‬ ‭Guide‬‭For‬ ‭Installation And Operation‬ ‭348‬ ‭IS 13585 (Part 1)‬ ‭Shunt‬ ‭Power‬ ‭Capacitors‬ ‭Of‬ ‭The‬ ‭Non‬ ‭-self‬ ‭-‬ ‭Healing‬ ‭Type‬ ‭For‬ ‭Ac‬ ‭Systems‬‭Having‬‭A‬‭Rated‬‭Voltage‬‭Up‬‭To‬‭And‬‭Including‬‭1‬‭000‬‭V--part‬‭1‬ ‭General‬‭Performance,‬‭Testing‬‭And‬‭Rating‬‭Safety--requirements‬‭Guide‬ ‭For Installation And Operation‬ ‭349‬ ‭IS 14246‬ ‭Continuously Pre-painted Galvanized Steel Sheets And Coils‬ ‭350‬ ‭IS 1488‬ ‭Pesticides - 2, 4-d Sodium Salt, Technical‬ ‭351‬ ‭IS 15351‬ ‭Textiles‬ ‭-‬ ‭Laminated‬ ‭High‬ ‭Density‬ ‭Polyethylene‬ ‭(hdpe)‬ ‭Fabric‬ ‭For‬ ‭Canal Lining‬ ‭352‬ ‭IS 15450‬ ‭Polyethylene/‬‭Aluminium/‬‭Polyethylene‬‭Composite‬‭Pressure‬‭Pipes‬‭For‬ ‭Hot And Cold Water Supplies -‬ ‭353‬ ‭IS 15652‬ ‭Insulating Mats For Electrical Purposes‬ ‭354‬ ‭IS 16018‬ ‭Wheeled‬ ‭Fire‬ ‭Extinguishers‬ ‭Performance‬ ‭And‬ ‭Construction‬ ‭Specification‬ ‭355‬ ‭IS 1943‬ ‭Textiles- A-twill Jute Bags‬ ‭356‬ ‭IS 2074‬ ‭Ready‬‭Mixed‬‭Paint,‬‭Air‬‭Drying,‬‭Red‬‭Oxide‬‭-‬‭Zinc‬‭Chrome,‬‭Priming‬‭-‬ ‭Specification‬ ‭357‬ ‭IS 2185 (Part 1)‬ ‭Concrete Masonry Units - : Part 1 Hollow And Solid Concrete Blocks‬ ‭358‬ ‭IS 2418 (Part 2)‬ ‭Tubular‬ ‭Fluorescent‬ ‭Lamps‬ ‭For‬ ‭General‬ ‭Lighting‬ ‭Service‬ ‭-‬ ‭Part‬ ‭Ii‬ ‭:‬ ‭Performance Requirements‬ ‭359‬ ‭IS 2553 (Part 2)‬ ‭Safety Glass - Part 2 : For Road Transport‬ ‭360‬ ‭IS 2802‬ ‭Ice-cream‬ ‭361‬ ‭IS 3309‬ ‭Soluble Coffee-chicory Powder‬ ‭362‬ ‭IS 3419‬ ‭Fittings For Rigid Non-metallic Conduits‬ ‭363‬ ‭IS 3976‬ ‭Protective Rubber Canvas Boots For Miners‬ ‭364‬ ‭IS 4783‬ ‭Thiram Seed Dressing Formulations‬ ‭365‬ ‭IS 5244‬ ‭Safe Deposit Locker Cabinets Specification‬ ‭366‬ ‭IS 5872‬ ‭Cold Rolled Steel Strips (box Strappings)‬ ‭367‬ ‭IS 636‬ ‭Non-percolating Flexible Fire Fighting Delivery Hose - Specification‬ ‭368‬ ‭IS 7058‬ ‭Table Wines‬ ‭369‬ ‭IS 7283‬ ‭Hot‬‭Rolled‬‭Bars‬‭For‬‭Production‬‭Of‬‭Bright‬‭Bars‬‭And‬‭Machined‬‭Parts‬ ‭For Engineering Applications‬ ‭370‬ ‭IS 733‬ ‭Wrought‬‭Aluminium‬‭And‬‭Aluminium‬‭Alloy‬‭Bars,‬‭Rods‬‭And‬‭Sections‬ ‭(for General Engineering Purposes)‬ ‭371‬ ‭IS 7538‬ ‭Three-phase‬ ‭Squirrel‬ ‭Cage‬ ‭Induction‬ ‭Motors‬ ‭For‬ ‭Centrifugal‬ ‭Pumps‬ ‭For Agricultural Applications‬ ‭372‬ ‭IS 7933‬ ‭Flexible Polyurethane Foam For Domestic Mattresses‬ ‭373‬ ‭IS 8448‬ ‭Automatic Line Voltage Correctors (step Type) For Domestic Use‬ ‭374‬ ‭IS 8472‬ ‭Centrifugal Regenerative Pumps For Clear, Cold Water - Specification‬ ‭375‬ ‭IS 8707‬ ‭Mancozeb, Technical - Specification‬ ‭376‬ ‭IS 8794‬ ‭Cast‬ ‭Iron‬‭Detachable‬‭Joints‬‭For‬‭Use‬‭With‬‭Asbestos‬‭Cement‬‭Pressure‬ ‭Pipes‬ ‭377‬ ‭IS 884‬ ‭Specification For First-aid Hose-reel For Fire Fighting‬ ‭378‬ ‭IS 8963‬ ‭Chlorpyrifos, Technical‬ ‭379‬ ‭IS 9281 (Part 3)‬ ‭Electronic Weighing Systems - Part 3 Requirements‬ ‭380‬ ‭IS/IEC 60079‬ ‭(Part 1)‬ ‭Explosive‬‭Atmospheres‬‭-‬‭Part‬‭1‬‭:‬‭Equipment‬‭Protection‬‭By‬‭Flameproof‬ ‭Enclosures ""d""‬ ‭381‬ ‭IS 1065 (Part 2)‬ ‭Stable‬‭Bleaching‬‭Powder‬‭Â‬‭Specification‬‭Part‬‭2‬‭For‬‭Water‬‭Treatment‬ ‭For Drinking Purposes‬ ‭382‬ ‭IS 11010‬ ‭Ziram Colloidal Suspension‬ ‭383‬ ‭IS 11673 (Part 1)‬ ‭Sodium‬ ‭Hypochlorite‬ ‭Solution‬ ‭Specification:‬ ‭Part‬ ‭1‬ ‭Household‬ ‭And‬ ‭Industrial Use‬ ‭384‬ ‭IS 11785‬ ‭Captan (wettable Powder) Wp‬ ‭385‬ ‭IS 12109‬ ‭General‬ ‭Requirements‬ ‭For‬ ‭Light‬ ‭Duty‬ ‭Sewing‬ ‭Machine‬ ‭Heads‬ ‭For‬ ‭Industrial Use‬ ‭386‬ ‭IS 1285‬ ‭Wrought‬‭Aluminium‬‭And‬‭Aluminium‬‭Alloys‬‭-‬‭Extruded‬‭Round‬‭Tube‬ ‭And Hollow Sections For General Engineering Purposes‬ ‭387‬ ‭IS 15354 (Part 1)‬ ‭Single-use Rubber Examination Gloves‬ ‭388‬ ‭IS 1537‬ ‭Vertically Cast Iron Pressure Pipes For Water, Gas And Sewage‬ ‭389‬ ‭IS 15449 (Part 1)‬ ‭Household‬ ‭Zig-zag‬ ‭Sewing‬ ‭Machine‬ ‭Head‬ ‭-‬ ‭Part‬ ‭1‬ ‭:‬ ‭General‬ ‭Requirements‬ ‭390‬ ‭IS 15489‬ ‭Paint, Plastic Emulsion - Specification‬ ‭391‬ ‭IS 15833‬ ‭Stainless Steel Tower Bolts -specification‬ ‭392‬ ‭IS 15834‬ ‭Stainless‬ ‭Steel‬ ‭Sliding‬ ‭Door‬ ‭Bolts‬ ‭For‬ ‭Use‬ ‭With‬ ‭Padlocks‬ ‭-specification‬ ‭393‬ ‭IS 15911‬ ‭Structural Steel (ordinary Quality)‬ ‭394‬ ‭IS 1610‬ ‭Household Sewing Machines - General Requirements‬ ‭395‬ ‭IS 16232‬ ‭Iron‬ ‭Fortified‬ ‭Iodized‬ ‭Salt‬ ‭(double‬ ‭Fortified‬ ‭Salt)‬ ‭-‬ ‭Food‬ ‭Grade‬ ‭-‬ ‭Specification‬ ‭396‬ ‭IS 1626 (Part 3)‬ ‭Asbestos‬ ‭Cement‬ ‭Building‬ ‭Types‬ ‭And‬ ‭Pipe‬ ‭Fittings,‬ ‭Gutters‬ ‭And‬ ‭Gutter Fittings And Roofing Fittings - Part 3 : Roofing Fittings‬ ‭397‬ ‭IS 164‬ ‭Ready Mixed Paint For Road Marking‬ ‭398‬ ‭IS 1703‬ ‭Water Fittings - Copper Alloy Float Valves (horizontal Plunger Type) -‬ ‭399‬ ‭IS 1759‬ ‭Powrahs‬ ‭400‬ ‭IS 1825‬ ‭Specification For Aluminium Alloy Milk Cans‬ ‭401‬ ‭IS 1827‬ ‭Pesticides - Dimethyl Amine Sl Salts Of 2, 4-d‬ ‭402‬ ‭IS 1912‬ ‭Country Jute Twine‬ ‭403‬ ‭IS 1970‬ ‭Crop‬‭Protection‬‭Equipment‬‭-‬‭Hand-‬‭Operated‬‭Compression‬‭Knapsack‬ ‭Sprayer‬ ‭404‬ ‭IS 1971‬ ‭Crop Protection Equipment - Hand-operated Stirrup-type Sprayer‬ ‭405‬ ‭IS 2028‬ ‭Open-jaw Wrenches (spanners)‬ ‭406‬ ‭IS 2029‬ ‭Ring Wrenches (spanners)‬ ‭407‬ ‭IS 2061‬ ‭Bicycle - Front Forks‬ ‭408‬ ‭IS 2124‬ ‭Sodium Bicarbonate‬ ‭409‬ ‭IS 2257‬ ‭Paper Adhesives, Liquid Gum And Office Paste Type-specification‬ ‭410‬ ‭IS 2339‬ ‭Wheat Bran As Livestock Feed‬ ‭411‬ ‭IS 2415‬ ‭Cycles - Rubber Tubes‬ ‭412‬ ‭IS 2494 (Part 1)‬ ‭V-belts‬ ‭-‬ ‭Endless‬ ‭V-belts‬ ‭For‬ ‭Industrial‬ ‭Purposes‬ ‭-‬ ‭Part‬ ‭1‬ ‭:‬ ‭General‬ ‭Purpose‬ ‭413‬ ‭IS 2548 (Part 2)‬ ‭Plastic‬ ‭Seats‬ ‭And‬ ‭Covers‬ ‭For‬ ‭Water-closets:‬ ‭Part‬ ‭2‬ ‭Thermo‬ ‭Plastic‬ ‭Seats And Covers‬ ‭414‬ ‭IS 2581‬ ‭Round Strand Galvanized Steel Wire Ropes For Shipping Purposes‬ ‭415‬ ‭IS 2681‬ ‭Non-ferrous‬ ‭Metal‬ ‭Sliding‬ ‭Door‬ ‭Bolts‬ ‭(aldrops)‬ ‭For‬ ‭With‬ ‭Padlocks‬ ‭-specification‬ ‭416‬ ‭IS 3062‬ ‭Crop Protection Equipment - Rocker Sprayer‬ ‭417‬ ‭IS 3119‬ ‭Hot Air Sterilizers‬ ‭418‬ ‭IS 3450‬ ‭Carbon Papers, Handwriting‬ ‭419‬ ‭IS 3652‬ ‭Crop Protection Equipment - Foot Sprayer‬ ‭420‬ ‭IS 3831‬ ‭Sterilizer, Shallow (dressing Drum)‬ ‭421‬ ‭IS 3903‬ ‭Dimethoate Emulsifiable Concentrates‬ ‭422‬ ‭IS 3906‬ ‭Crop‬‭Protection‬‭Equipment‬‭-‬‭Hand-operated‬‭Knapsack‬‭Sprayer,‬‭Piston‬ ‭Type‬ ‭423‬ ‭IS 4109‬ ‭Kadahies‬ ‭424‬ ‭IS 428‬ ‭Washable Distemper - Specification‬ ‭425‬ ‭IS 44‬ ‭Iron Oxide Pigments For Paints‬ ‭426‬ ‭IS 4521‬ ‭Wire Ropes Used In Oil Wells And Oil Well Drilling‬ ‭427‬ ‭IS 4752‬ ‭Sodium Metabisulphite, Food Grade‬ ‭428‬ ‭IS 4759‬ ‭Hot-dip Zinc Coatings On Structural Steel And Other Allied Products‬ ‭429‬ ‭IS 4808‬ ‭Pyrethrum Emulsifiable Concentrates‬ ‭430‬ ‭IS 4964‬ ‭Textiles - Vest, Cotton, Plain (single Jersey) Knitted‬ ‭431‬ ‭IS 5022‬ ‭Sterilizers, Instruments (table Model)‬ ‭432‬ ‭IS 539‬ ‭Naphthalene‬ ‭433‬ ‭IS 5514‬ ‭Specification Apparatus Used In `le-chatelier' Test‬ ‭434‬ ‭IS 6046‬ ‭Gypsum For Agricultural Use‬ ‭435‬ ‭IS 6149‬ ‭Single-ended Open-jaw Adjustable Wrenches‬ ‭436‬ ‭IS 6701‬ ‭Tungsten Filament Miscellaneous Electric Lamps‬ ‭437‬ ‭IS 73‬ ‭Paving Bitumen‬ ‭438‬ ‭IS 8291‬ ‭Phenthoate Emulsifiable Concentrates‬ ‭439‬ ‭IS 8391 (Part 1)‬ ‭Rubberized Coir Sheets For Cushioning Part 1: Curled‬ ‭440‬ ‭IS 8521 (Part 1)‬ ‭Industrial Safety Face Shields Part 1 With Plastic Visor‬ ‭441‬ ‭IS 899‬ ‭Tapioca Sago (saboodana)‬ ‭442‬ ‭IS 9537 (Part 4)‬ ‭Conduits‬‭For‬‭Electrical‬‭Installations‬‭-‬‭Part‬‭4‬‭:‬‭Pliable‬‭Self-recovering‬ ‭Conduits Of Insulating Materials‬ ‭443‬ ‭IS 9763‬ ‭Plastics‬‭Bib‬‭Taps,‬‭Pillar‬‭Taps,‬‭Angle‬‭Valves‬‭And‬‭Stop‬‭Valves‬‭For‬‭Hot‬ ‭And Cold Water Services -‬ ‭444‬ ‭IS 10243‬ ‭2, 4-d Ethyl Ester Ec‬ ‭445‬ ‭IS 10908‬ ‭Flexible Rubber Tubing For Liquefied Petroleum Gas‬ ‭446‬ ‭IS 11188 (Part 1)‬ ‭Vault (strong Room) Doors Part 1 Specification‬ ‭447‬ ‭IS 1155‬ ‭Wheat Atta‬ ‭448‬ ‭IS 12225‬ ‭Centrifugal Jet Pump‬ ‭449‬ ‭IS 12254‬ ‭Polyvinyl Chloride (pvc) Industrial Boots‬ ‭450‬ ‭IS 1363 (Part 1)‬ ‭Hexagon‬‭Head‬‭Bolts,‬‭Screws‬‭And‬‭Nuts‬‭Of‬‭Product‬‭Grade‬‭C‬‭-‬‭Part‬‭1‬‭:‬ ‭Hexagon Head Bolts (size Range M 5 To M 64)‬ ‭451‬ ‭IS 1363 (Part 3)‬ ‭Hexagon‬‭Head‬‭Bolts,‬‭Screws‬‭And‬‭Nuts‬‭Of‬‭Product‬‭Grade‬‭C‬‭-‬‭Part‬‭3‬‭:‬ ‭Hexagon Nuts (size Range M5 To M64)‬ ‭452‬ ‭IS 13703 (Part‬ ‭2/Sec 1)‬ ‭Low-voltage‬‭Fuses‬‭For‬‭Voltages‬‭Not‬‭Exceeding‬‭1‬‭000‬‭V‬‭Ac‬‭Or‬‭1‬‭500‬ ‭V‬ ‭Dc:‬ ‭Part‬ ‭2‬ ‭Fuses‬ ‭For‬ ‭Use‬ ‭By‬ ‭Authorized‬ ‭Persons,‬ ‭Sec‬ ‭1‬ ‭Supplementary Requirements‬ ‭453‬ ‭IS 13730 (Part 3)‬ ‭Specifications‬ ‭For‬ ‭Particular‬ ‭Types‬ ‭Of‬ ‭Winding‬ ‭Wires‬ ‭Part‬ ‭3‬ ‭:‬ ‭Polyester Enamelled Round Copper Wire, Class 155‬ ‭454‬ ‭IS 13785‬ ‭Pesticide - Dodine Wp‬ ‭455‬ ‭IS 13958‬ ‭Bamboo Mat Board For General Purposes -specification‬ ‭456‬ ‭IS 14203‬ ‭Fire Resisting Record Protection Cabinets‬ ‭457‬ ‭IS 1422‬ ‭Cotton Duck‬ ‭458‬ ‭IS 14300‬ ‭Neem Based Ec Containing Azadirachtin‬ ‭459‬ ‭IS 14552‬ ‭Thiophanate Methyl, Wp‬ ‭460‬ ‭IS 14561‬ ‭Fire Resisting (insulating) Filing Cabinets Specification‬ ‭461‬ ‭IS 14650‬ ‭Carbon‬ ‭Steel‬ ‭Cast‬ ‭Billet‬ ‭Ingots,‬ ‭Billets,‬ ‭Blooms‬ ‭And‬ ‭Slabs‬ ‭For‬ ‭Re-rolling Purposes‬ ‭462‬ ‭IS 1475 (Part 1)‬ ‭Self-contained‬‭Drinking‬‭Water‬‭Coolers‬‭-‬‭Part‬‭1‬‭:‬‭Energy‬‭Consumption‬ ‭And Performance‬ ‭463‬ ‭IS 14900‬ ‭Transparent Float Glass‬ ‭464‬ ‭IS 14928‬ ‭Textiles - Composite Synthetic Fibre Ropes‬ ‭465‬ ‭IS 15298 (Part 3)‬ ‭Personal Protective Equipment Part 3 Protective Footwear‬ ‭466‬ ‭IS 15298 (Part 4)‬ ‭Personal Protective Equipment Part 4 Occuptional Footwear‬ ‭467‬ ‭IS 1538‬ ‭Cast Iron Fittings For Pressure Pipes For Water, Gas And Sewage‬ ‭468‬ ‭IS 15443‬ ‭Imidacloprid Technical‬ ‭469‬ ‭IS 15477‬ ‭Adhesive For Use With Ceramic, Mosaic And Stone Tiles‬ ‭470‬ ‭IS 15603‬ ‭Alphacypermethrin. Wp‬ ‭471‬ ‭IS 15622‬ ‭Pressed‬‭Ceramic‬‭Tiles‬‭-‬‭(superseding‬‭Is‬‭13753:1993,‬‭Is‬‭13754:1993,‬‭Is‬ ‭13755:1993 And Is 13756:1993)‬ ‭472‬ ‭IS 158‬ ‭Ready‬ ‭Mixed‬ ‭Paint,‬ ‭Brushing,‬ ‭Bituminous,‬ ‭Black,‬ ‭Lead-free,‬ ‭Acid,‬ ‭Alkali And Heat Resisting‬ ‭473‬ ‭IS 15827‬ ‭Cladding Films For Greenhouse / Polyhouse‬ ‭474‬ ‭IS 15884‬ ‭Alternating‬ ‭Current‬ ‭Direct‬ ‭Connected‬ ‭Static‬ ‭Prepayment‬ ‭Meters‬ ‭For‬ ‭Active Energy (class 1 And 2)‬ ‭475‬ ‭IS 15909‬ ‭Pvc Geomembranes For Lining Specification‬ ‭476‬ ‭IS 15939‬ ‭Pesticide - Bifenthrin Wettable Powder‬ ‭477‬ ‭IS 15962‬ ‭Structural‬‭Steels‬‭For‬‭Building‬‭And‬‭Structures‬‭With‬‭Improved‬‭Seismic‬ ‭Resistance‬ ‭478‬ ‭IS 15965‬ ‭Pre-painted‬ ‭Aluminium‬ ‭Zinc‬ ‭Alloy‬ ‭Metallic‬ ‭Coated‬ ‭Steel‬ ‭Strip‬ ‭And‬ ‭Sheet (plain)‬ ‭479‬ ‭IS 16088‬ ‭Chlorinated‬‭Polyvinyl‬‭Chloride‬‭(cpvc)‬‭Pipes‬‭For‬‭Automatic‬‭Sprinkler‬ ‭Fire Extinguishing System - Specification‬ ‭480‬ ‭IS 16192 (Part 1)‬ ‭Automotive‬ ‭Vehicles‬ ‭-‬ ‭Wheel‬ ‭Rims‬ ‭For‬ ‭Two‬ ‭Nad‬ ‭Three‬ ‭Wheeled‬ ‭Vehicles‬‭Part‬‭1‬‭Light‬‭Alloy‬‭Wheel‬‭Rims‬‭-‬‭Methods‬‭Rims‬‭-‬‭Methods‬‭Of‬ ‭Tests And Requirements‬ ‭481‬ ‭IS 16192 (Part 2)‬ ‭Automotive‬ ‭Vehicles‬ ‭-‬ ‭Wheel‬ ‭Rims‬ ‭For‬ ‭Two‬ ‭And‬ ‭Three‬ ‭Wheeled‬ ‭Vehicles‬ ‭Part‬ ‭2‬ ‭Sheets‬ ‭Metal‬ ‭Wheel‬ ‭Rims‬ ‭-‬ ‭Methods‬ ‭Of‬ ‭Tests‬ ‭And‬ ‭Requirements‬ ‭482‬ ‭IS 16205 (Part 24)‬‭Conduit‬ ‭Systems‬ ‭For‬ ‭Cable‬ ‭Management‬ ‭Part‬ ‭24‬ ‭Particular‬ ‭Requirements Conduit Systems Buried Under Ground‬ ‭483‬ ‭IS 16227 (Part 2)‬ ‭Instrument‬‭Transformers‬‭Part‬‭2‬‭Additional‬‭Requirements‬‭For‬‭Current‬ ‭Transformers‬ ‭484‬ ‭IS 16352‬ ‭Geosynthetics‬‭-‬‭High‬‭Density‬‭Polyethylene‬‭(hdpe)‬‭Geomembranes‬‭For‬ ‭Lining - Specification‬ ‭485‬ ‭IS 16444 (Part 1)‬ ‭A.c.‬ ‭Static‬ ‭Direct‬ ‭Connected‬‭Watthour‬‭Smart‬‭Meter‬‭Class‬‭1‬‭And‬‭2‬‭-‬ ‭Specification‬ ‭486‬ ‭IS 16444 (Part 2)‬ ‭A.c.‬ ‭Static‬ ‭Transformer‬ ‭Operated‬ ‭Watthour‬ ‭And‬ ‭Var-hour‬ ‭Smart‬ ‭Meters,‬‭Class‬‭0.2‬‭S,‬‭0.5‬‭S‬‭And‬‭1.0‬‭S‬‭Part‬‭2‬‭Specification‬‭Transformer‬ ‭Operated Smart Meters‬ ‭487‬ ‭IS 1664‬ ‭Mineral Mixtures For Supplementing Cattle Feeds‬ ‭488‬ ‭IS 16647‬ ‭Oriented‬ ‭Unplasticized‬ ‭Polyvinyl‬ ‭Chloride‬ ‭(pvc-o)‬ ‭Pipes‬ ‭For‬ ‭Water‬ ‭Supply‬ ‭489‬ ‭IS 17018 (Part 1)‬ ‭Solar‬‭Photovoltaic‬‭Water‬‭Pumping‬‭Systems‬‭Part‬‭1‬‭Centrifugal‬‭Pumps‬ ‭Specification‬ ‭490‬ ‭IS 1835‬ ‭Round Steel Wire For Ropes‬ ‭491‬ ‭IS 191‬ ‭Copper‬ ‭492‬ ‭IS 2089‬ ‭Common Proofed Canvas/duck And Paulins (tarpaulins)‬ ‭493‬ ‭IS 2097‬ ‭Foam Making Branch Pipe And Foam Inductor- Specification‬ ‭494‬ ‭IS 2141‬ ‭Hot Dip Galvanized Stay Strand‬ ‭495‬ ‭IS 2266‬ ‭Steel Wire Ropes For General Engineering Purposes‬ ‭496‬ ‭IS 2573‬ ‭Leather Gauntlets And Mittens‬ ‭497‬ ‭IS 2923‬ ‭Carmoisine, Food Grade‬ ‭498‬ ‭IS 3024‬ ‭Grain Oriented Electrical Steel Sheets And Strips‬ ‭499‬ ‭IS 335‬ ‭New Insulating Oils‬ ‭500‬ ‭IS 3521 (Part 1)‬ ‭Personal Fall Arrest Systems – Part 1 Full Body Harness‬ ‭501‬ ‭IS 4355‬ ‭Fire-resistant Brattice Cloth‬ ‭502‬ ‭IS 4454 (Part 1)‬ ‭Steel‬ ‭Wires‬ ‭For‬ ‭Mechanical‬ ‭Springs‬ ‭-‬ ‭Part‬ ‭I‬ ‭:‬ ‭Patented‬ ‭And‬ ‭Cold‬ ‭Drawn Steel Wires - Unalloyed‬ ‭503‬ ‭IS 4457‬ ‭Ceramic Unglazed Vitreous Acid Resisting Tile‬ ‭504‬ ‭IS 4467‬ ‭Caramel‬ ‭505‬ ‭IS 4989‬ ‭Form Concentrate For Producing Mechanical Foam For Fire Fighting‬ ‭506‬ ‭IS 5168‬ ‭Glass Feeding Bottles‬ ‭507‬ ‭IS 5470‬ ‭Dicalcium Phosphate, Animal Feed Grade‬ ‭508‬ ‭IS 550 (Part 1)‬ ‭Safes Part 1 Specification‬ ‭509‬ ‭IS 5557‬ ‭Industrial And Protective Rubber Knee And Ankle Boots‬ ‭510‬ ‭IS 5557 (Part 2)‬ ‭All Rubber Gum Boots And Ankle Boots Part 2 Occupational Purposes‬ ‭511‬ ‭IS 6006‬ ‭Uncoated‬ ‭Stress‬ ‭Relieved‬ ‭Strand‬ ‭For‬ ‭Prestressed‬ ‭Concrete‬ ‭-‬ ‭Specification‬ ‭512‬ ‭IS 6192‬ ‭Textiles-‬ ‭Monoaxially‬ ‭Oriented‬ ‭High‬ ‭Density‬ ‭Polyethylene‬ ‭Tapes-specification‬ ‭513‬ ‭IS 648‬ ‭Cold‬ ‭Rolled‬ ‭Non-oriented‬ ‭Electrical‬ ‭Steel‬ ‭Sheet‬ ‭And‬ ‭Strip‬ ‭-‬ ‭Fully‬ ‭Processed Type‬ ‭514‬ ‭IS 6595 (Part 2)‬ ‭Horizontal‬ ‭Centrifugal‬ ‭Pumps‬ ‭For‬‭Clear,‬‭Cold‬‭Water:‬‭Part‬‭2‬‭General‬ ‭Purposes Other Than Agricultural And Rural Water Supply‬ ‭515‬ ‭IS 702‬ ‭Industrial Bitumen‬ ‭516‬ ‭IS 738‬ ‭Wrought‬ ‭Aluminium‬ ‭Alloys,‬ ‭Drawn‬ ‭Tube‬ ‭For‬ ‭General‬ ‭Engineering‬ ‭Purposes‬ ‭517‬ ‭IS 779‬ ‭Water Meters (domestic Type)‬ ‭518‬ ‭IS 8309‬ ‭Compression‬‭Type‬‭Tubular‬‭Terminal‬‭Ends‬‭For‬‭Aluminium‬‭Conductors‬ ‭Of Insulated Cables‬ ‭519‬ ‭IS 8329‬ ‭Centrifugally‬‭Cast‬‭(spun)‬‭Ductile‬‭Iron‬‭Pressure‬‭Pipes‬‭For‬‭Water,‬‭Gas‬ ‭And Sewage‬ ‭520‬ ‭IS 8423‬ ‭Specification For Controlled Percolating Hose For Fire Fighting‬ ‭521‬ ‭IS 8442‬ ‭Stand‬ ‭Post‬ ‭Type‬ ‭Water‬ ‭And‬ ‭Foam‬ ‭Monitor‬ ‭For‬ ‭Fire‬ ‭Fighting‬ ‭-specification‬ ‭522‬ ‭IS 8498‬ ‭Temephos Emulsifiable Concentrates (ec)‬ ‭523‬ ‭IS 9103‬ ‭Specification For Concrete Admixtures -‬ ‭524‬ ‭IS 9436‬ ‭Performance‬ ‭Requirements‬ ‭And‬ ‭Methods‬ ‭Of‬ ‭Tests‬ ‭For‬ ‭Wheels‬ ‭For‬ ‭Passenger Cars‬ ‭525‬ ‭IS 9438‬ ‭Performance‬ ‭Requirements‬ ‭And‬ ‭Methods‬ ‭Of‬ ‭Tests‬ ‭For‬ ‭Wheels/rims‬ ‭For Trucks‬ ‭526‬ ‭IS 9973‬ ‭Specification For Visor For Scooter Helmets‬ ‭527‬ ‭IS/ISO 6742 (Part‬ ‭2)‬ ‭Cycles‬ ‭-‬ ‭Lighting‬ ‭And‬ ‭Retro-reflective‬ ‭Devices‬ ‭-‬ ‭Photometric‬ ‭And‬ ‭Physical Requirements Part 2 Retro-reflective Devices‬ ‭528‬ ‭IS 10079‬ ‭Specification‬ ‭For‬ ‭Cylindrical‬ ‭Metal‬ ‭Measures‬ ‭For‬ ‭Use‬ ‭In‬ ‭Tests‬ ‭Of‬ ‭Aggregates And Concrete‬ ‭529‬ ‭IS 10080‬ ‭Specification‬ ‭For‬ ‭Vibration‬ ‭Machine‬ ‭For‬ ‭Standard‬ ‭Cement‬ ‭Mortar‬ ‭Cubes‬ ‭530‬ ‭IS 10228‬ ‭School Bag‬ ‭531‬ ‭IS 10577‬ ‭Lancing Pipes‬ ‭532‬ ‭IS 11087‬ ‭Paper For Magnetic Ink Character Recognition Cheque Printing‬ ‭533‬ ‭IS 11313‬ ‭Hydraulic Power Sprayers‬ ‭534‬ ‭IS 11569‬ ‭Cervical Collar‬ ‭535‬ ‭IS 11646 (Part 2)‬ ‭Cane For Visually Handicapped Part 2 Folding Type‬ ‭536‬ ‭IS 11673 (Part 2)‬ ‭Sodium Hypochlorite Solution Part 2 Water Treatment Use‬ ‭537‬ ‭IS 1223‬ ‭Apparatus For Determination Of Milk Fat By Gerber Method‬ ‭538‬ ‭IS 12234‬ ‭Plastic Equilibrium Float Valve For Cold Water Services‬ ‭539‬ ‭IS 12337‬ ‭Manually Operated Fertilizer Broadcaster‬ ‭540‬ ‭IS 12664 (Part 1)‬ ‭Artificial‬‭Limbs‬‭-‬‭Sach‬‭Foot‬‭For‬‭Lower‬‭Extremity‬‭Prostheses‬‭-‬‭Part‬‭1‬‭:‬ ‭Design And Dimensions‬ ‭541‬ ‭IS 12744‬ ‭Ready‬‭Mixed‬‭Paint,‬‭Air‬‭Drying,‬‭Red‬‭Oxide‬‭-‬‭Zinc‬‭Phosphate,‬‭Priming‬ ‭- Specification‬ ‭542‬ ‭IS 12912‬ ‭Bromadiolone Rb‬ ‭543‬ ‭IS 12913‬ ‭Bromadiolone Cb‬ ‭544‬ ‭IS 13049‬ ‭Diaphragm‬‭Type‬‭(plastic‬‭Body)‬‭Float‬‭Operated‬‭Valves‬‭For‬‭Cold‬‭Water‬ ‭Services‬ ‭545‬ ‭IS 13114‬ ‭Forged‬ ‭Brass‬ ‭Gate,‬ ‭Globe‬ ‭And‬ ‭Check‬ ‭Valves‬ ‭For‬ ‭Water‬ ‭Works‬ ‭Purposes‬ ‭546‬ ‭IS 1321 (Part 1)‬ ‭Sisal Ropes - Part 1 : Untarred Varieties‬ ‭547‬ ‭IS 14186‬ ‭Pesticide - Diflubenzuron Wp‬ ‭548‬ ‭IS 14261‬ ‭Transmission‬‭Devices‬‭-‬‭V-belts‬‭-‬‭Endless‬‭Narrow‬‭V-belts‬‭For‬‭Industrial‬ ‭Use‬ ‭549‬ ‭IS 15182‬ ‭Propiconazole E.c.‬ ‭550‬ ‭IS 15219‬ ‭Aluminium Phosphide Powder Formulation‬ ‭551‬ ‭IS 15227‬ ‭Deltamethrin Ulv‬ ‭552‬ ‭IS 15228‬ ‭Cyfluthrin - Emulsion In Water (ew)‬ ‭553‬ ‭IS 15236‬ ‭Profenofos + Cypermethrin Emulsifiable Concentrate‬ ‭554‬ ‭IS 15240‬ ‭Profenofos Emulsifiable Concentrate‬ ‭555‬ ‭IS 1566‬ ‭Hard-drawn Steel Wire Fabric For Concrete Reinforcement‬ ‭556‬ ‭IS 15848‬ ‭Zinc Sulphate, Monohydrate, Agricultural Grade‬ ‭557‬ ‭IS 16720‬ ‭Pulverized Fuel Ash-cement Bricks- Specification‬ ‭558‬ ‭IS 1741‬ ‭Latex Foam Rubber Products‬ ‭559‬ ‭IS 1784‬ ‭Screwed Closures For Drums‬ ‭560‬ ‭IS 1804‬ ‭Steel Wire Ropes - Fibre Main Cores‬ ‭561‬ ‭IS 1855‬ ‭Stranded‬‭Steel‬‭Wire‬‭Ropes‬‭For‬‭Winding‬‭And‬‭Man-riding‬‭Haulages‬‭In‬ ‭Mines‬ ‭562‬ ‭IS 1932‬ ‭Mustard And Rape Seed Oilcake As Livestock Feed Ingredient‬ ‭563‬ ‭IS 1989 (Part 2)‬ ‭Leather Safety Boots And Shoes - Part 2 : For Heavy Metal Industries‬ ‭564‬ ‭IS 1997‬ ‭Laboratory Glassware - Burettes‬ ‭565‬ ‭IS 2098‬ ‭Asbestos Cement Building Boards -‬ ‭566‬ ‭IS 2142‬ ‭Bromine, Technical‬ ‭567‬ ‭IS 2365‬ ‭Steel Wire Suspension Ropes For Lifts, Elevators And Hoists‬ ‭568‬ ‭IS 245‬ ‭Trichloroethylene, Technical‬ ‭569‬ ‭IS 2556 (Part 5)‬ ‭Vitreous‬ ‭Sanitary‬ ‭Appliances‬ ‭(vitreous‬ ‭China):‬ ‭Part‬ ‭5‬ ‭Specific‬ ‭Requirements Of Laboratory Sinks‬ ‭570‬ ‭IS 2641‬ ‭Electrical Welding Accessories‬ ‭571‬ ‭IS 2653‬ ‭Safety Matches In Boxes‬ ‭572‬ ‭IS 266‬ ‭Sulphuric Acid‬ ‭573‬ ‭IS 2730‬ ‭Magnesium Sulphate (epsom Salt)‬ ‭574‬ ‭IS 276‬ ‭Austenitic-manganese Steel Castings‬ ‭575‬ ‭IS 281‬ ‭Mild Steel Sliding Door Bolts For Use With Padlocks -specification‬ ‭576‬ ‭IS 3390‬ ‭Sphygmomanometers, Mercurial‬ ‭577‬ ‭IS 3443‬ ‭Crane Rail Sections -‬ ‭578‬ ‭IS 362‬ ‭Parliament Hinges -specification‬ ‭579‬ ‭IS 3623‬ ‭Guide And Rubbing Ropes‬ ‭580‬ ‭IS 3829 (Part 1)‬ ‭Horizontal‬ ‭Cylindrical‬‭And‬‭Horizontal‬‭Rectangular‬‭Steam‬‭Sterilizers,‬ ‭Pressure Type (for Hospital And Pharmaceutical Use)‬ ‭581‬ ‭IS 3829 (Part 2)‬ ‭Steam‬‭Sterilizers‬‭-‬‭Part‬‭2‬‭:‬‭Horizontal‬‭Cylindrical‬‭High‬‭Speed‬‭Steam‬ ‭Sterilizers, Pressure Type‬ ‭582‬ ‭IS 3829 (Part 3)‬ ‭Steam‬ ‭Sterilizers‬ ‭-‬ ‭Part‬ ‭3‬ ‭:‬ ‭Pressure‬ ‭Sterilizers,‬ ‭Vertical‬ ‭Cylindrical‬ ‭Type‬ ‭583‬ ‭IS 3992‬ ‭Trays, Kidney‬ ‭584‬ ‭IS 3993‬ ‭Trays, Instruments‬ ‭585‬ ‭IS 4003 (Part 1)‬ ‭Pipe Wrenches - Part 1 : General Purpose‬ ‭586‬ ‭IS 4003 (Part 2)‬ ‭Pipe Wrenches - Part 2 : Heavy Duty‬ ‭587‬ ‭IS 4447‬ ‭Sodium Benzoate, Food Grade‬ ‭588‬ ‭IS 4454 (Part 2)‬ ‭Steel‬ ‭Wires‬ ‭For‬ ‭Mechanical‬ ‭Springs‬ ‭-‬ ‭Part‬ ‭Ii‬ ‭:‬ ‭Oil‬ ‭Hardened‬ ‭And‬ ‭Tempered Spring Steel Wire And Valve Spring Wire - Unalloyed‬ ‭589‬ ‭IS 4505‬ ‭Sodium Formaldehyde Sulphoxylate‬ ‭590‬ ‭IS 4508‬ ‭Open Ended Slugging Wrenches (spanners)‬ ‭591‬ ‭IS 4509‬ ‭Ring Slugging Wrenches (spanners)‬ ‭592‬ ‭IS 5012‬ ‭Cellulose Film‬ ‭593‬ ‭IS 5135 (Part 1)‬ ‭Hand-rotary Duster - Part 1 : Belly-mounted Type‬ ‭594‬ ‭IS 5143‬ ‭Adjustable Axillary Crutches‬ ‭595‬ ‭IS 5513‬ ‭Specification For Vicat Apparatus‬ ‭596‬ ‭IS 5516‬ ‭Specification‬ ‭Variable‬ ‭Flow‬ ‭Type‬ ‭Air-permeability‬‭Apparatus‬‭(blaine‬ ‭Type)‬ ‭597‬ ‭IS 573‬ ‭Trisodium Phosphate‬ ‭598‬ ‭IS 5852‬ ‭Protective Steel Toe Caps For Footwear‬ ‭599‬ ‭IS 6218‬ ‭Bicycle - Mudguards‬ ‭600‬ ‭IS 650‬ ‭Specification For Standard Sand For Testing Of Cement‬ ‭601‬ ‭IS 6593‬ ‭Electric Serological Water-baths‬ ‭602‬ ‭IS 6760‬ ‭Slotted Countersunk Head Wood Screws‬ ‭603‬ ‭IS 723‬ ‭Steel Countersunk Head Wire Nails‬ ‭604‬ ‭IS 7320‬ ‭Specification For Concrete Slump Test Apparatus‬ ‭605‬ ‭IS 7593 (Part 1)‬ ‭Power-operated‬ ‭Pneumatic‬ ‭Sprayer-cum-duster‬ ‭-‬ ‭Part‬ ‭1‬ ‭:‬ ‭Knapsack‬ ‭Type‬ ‭606‬ ‭IS 7652‬ ‭Sphygmomanometer, Aneroid Type‬ ‭607‬ ‭IS 774‬ ‭Flushing‬ ‭Cistern‬ ‭For‬ ‭Water‬ ‭Closets‬ ‭And‬ ‭Urinals‬ ‭(other‬ ‭Than‬‭Plastic‬ ‭Cisterns) -‬ ‭608‬ ‭IS 797‬ ‭Common Salt For Chemical Industries‬ ‭609‬ ‭IS 8462‬ ‭Sterilizer, Portable, Vertical, Pressure Type‬ ‭610‬ ‭IS 868‬ ‭Sealing Wax‬ ‭611‬ ‭IS 878‬ ‭Laboratory Glassware - Graduated Measuring Cylinders‬ ‭612‬ ‭IS 8808‬ ‭Burners For Oil Pressure Stoves And Oil Pressure Heaters‬ ‭613‬ ‭IS 8931‬ ‭Copper‬ ‭Alloy‬ ‭Fancy‬ ‭Single‬ ‭Taps,‬ ‭Combination‬ ‭Tap‬ ‭Assembly‬ ‭And‬ ‭Stop Valves For Water Services‬ ‭614‬ ‭IS 915‬ ‭Laboratory Glassware - One-mark Volumetric Flasks‬ ‭615‬ ‭IS 9157‬ ‭Sodium Nitrate And Potassium Nitrate For Glass Compositions‬ ‭616‬ ‭IS 9165 (Part 2)‬ ‭Surgical‬ ‭Instruments‬ ‭-‬ ‭Needles,‬ ‭Suture‬ ‭Part‬ ‭2‬ ‭Eyed‬‭Needles‬‭-‬‭Sizes,‬ ‭Shapes And Dimensions‬ ‭617‬ ‭IS 9471 (Part 2)‬ ‭Modular Lower Limb Orthotic Components - Part 2: Stirrups, Split‬ ‭618‬ ‭IS 9471 (Part 3)‬ ‭Modular Lower Limb Orthotic Components - Part 3: Stirrup Plates‬ ‭619‬ ‭IS 9471 (Part 4)‬ ‭Modular Lower Limb Orthotic Components - Part 4: Joint Unit, Ankle‬ ‭620‬ ‭IS 9471 (Part 6)‬ ‭Modular‬ ‭Lower‬ ‭Limb‬ ‭Orthotic‬ ‭Components‬ ‭-‬ ‭Part‬ ‭6‬ ‭:‬ ‭Orthotic‬ ‭Hip‬ ‭Joint (joint Unit, Hip Drop Lock)‬ ‭621‬ ‭IS 9471 (Part 7)‬ ‭Modular‬ ‭Lower‬ ‭Limb‬ ‭Orthotic‬ ‭Components‬ ‭-‬ ‭Part‬‭7‬‭:‬‭Orthotic‬‭Joint‬ ‭Bars, Ankle And Knee (upper And Lower)‬ ‭622‬ ‭IS 9550‬ ‭Bright Steel Bars‬ ‭623‬ ‭IS 9585‬ ‭Lactometers‬ ‭624‬ ‭IS 9738‬ ‭Polyethylene Bags For General Purposes‬ ‭625‬ ‭IS 9758‬ ‭Flush Valves And Fittings For Water Closets And Urinals‬ ‭626‬ ‭IS 9762‬ ‭Polyethylene Floats (spherical) For Float Valves‬ ‭627‬ ‭IS/ISO 3183‬ ‭Petroleum‬ ‭And‬ ‭Natural‬ ‭Gas‬ ‭Industries‬ ‭-‬ ‭Steel‬ ‭Pipe‬ ‭For‬ ‭Pipeline‬ ‭Transportation Systems‬ ‭628‬ ‭IS 10212 (Part 1)‬ ‭General‬‭Requirements‬‭For‬‭Packages‬‭Of‬‭Explosives:‬‭Part‬‭1‬‭Commercial‬ ‭High Explosives‬ ‭629‬ ‭IS 10508‬ ‭Phosphoric Acid, Food Grade‬ ‭630‬ ‭IS 10617‬ ‭Hermetic Compressors‬ ‭631‬ ‭IS 10701‬ ‭Specification For Structural Plywood - Specification‬ ‭632‬ ‭IS 1110‬ ‭Ferrosilicon‬ ‭633‬ ‭IS 11226‬ ‭Leather Safety Footwear Having Direct Moulded Rubber Sole‬ ‭634‬ ‭IS 12427‬ ‭Fasteners‬ ‭-‬ ‭Threaded‬ ‭Steel‬ ‭Fasteners‬ ‭-‬ ‭Hexagon‬ ‭Head‬ ‭Transmission‬ ‭Tower Bolts‬ ‭635‬ ‭IS 12766‬ ‭Paper, Computer‬ ‭636‬ ‭IS 12776‬ ‭Galvanized Strand For Earthing‬ ‭637‬ ‭IS 12923‬ ‭Cane Gur (jaggery)‬ ‭638‬ ‭IS 1319‬ ‭Edible Tapioca Starch‬ ‭639‬ ‭IS 13213‬ ‭Polyurethane Full Gloss Enamel (two Pack)‬ ‭640‬ ‭IS 13730 (Part 13)‬ ‭Specifications‬ ‭For‬ ‭Particular‬ ‭Types‬ ‭Of‬ ‭Winding‬ ‭Wires‬ ‭Part‬ ‭13‬ ‭Polyester‬ ‭Or‬ ‭Polyesterimide‬ ‭Overcoated‬ ‭With‬ ‭Polyamide-imide‬ ‭Enamelled Round Copper Wire, Class 200‬ ‭641‬ ‭IS 13730 (Part 8)‬ ‭Specification‬ ‭For‬ ‭Particular‬ ‭Types‬ ‭Of‬ ‭Winding‬ ‭Wires‬ ‭Part‬ ‭8‬ ‭Polyesterimide Enamelled Round Copper Wire, Class 180‬ ‭642‬ ‭IS 1374‬ ‭Poultry Feeds‬ ‭643‬ ‭IS 13774‬ ‭Live Working - Gloves Of Insulating Materials‬ ‭644‬ ‭IS 1391 (Part 1)‬ ‭Room Air Conditioners Part 1 Unitary Air Conditioners‬ ‭645‬ ‭IS 1391 (Part 2)‬ ‭Room Air Conditioners Part 2 Split Air Conditioners‬ ‭646‬ ‭IS 14106‬ ‭Direct Action Handpump‬ ‭647‬ ‭IS 14158‬ ‭Cyfluthrin Wp‬ ‭648‬ ‭IS 14268‬ ‭Uncoated‬ ‭Stress‬ ‭Relieved‬ ‭Low‬ ‭Relaxation‬ ‭Seven-ply‬ ‭Strand‬ ‭For‬ ‭Prestressed Concrete‬ ‭649‬ ‭IS 14276‬ ‭Cement Bonded Particle Boards -specification‬ ‭650‬ ‭IS 14483 (Part 1)‬ ‭Fertilizer And Chemical Injector System - Part 1 Venturi Injector‬ ‭651‬ ‭IS 14490‬ ‭Plain Copier Paper‬ ‭652‬ ‭IS 14544‬ ‭Leather Safety Footwear With Direct Moulded Pvc Soles‬ ‭653‬ ‭IS 14605‬ ‭Irrigation Equipment - Micro Sprayer‬ ‭654‬ ‭IS 14606‬ ‭Irrigation Equipment - Media Filter‬ ‭655‬ ‭IS 14724‬ ‭Water Purifiers With Ultra-violet Disinfection‬ ‭656‬ ‭IS 14743‬ ‭Irrigation Equipment - Hydrocyclone Filters‬ ‭657‬ ‭IS 14756‬ ‭Stainless Steel Cooking Utensils‬ ‭658‬ ‭IS 14806‬ ‭Azospirillum Inoculants‬ ‭659‬ ‭IS 14807‬ ‭Phosphate Solubilising Bacterial Inoculant (PSBI)‬ ‭660‬ ‭IS 14933‬ ‭High Pressure Fire Fighting Hose -specification‬ ‭661‬ ‭IS 15073 (Part 2)‬ ‭Packaging Of Electric Detonator : Part 2 Corrugated Fibreboard Cases‬ ‭662‬ ‭IS 15265‬ ‭Flexible‬ ‭Pvc‬ ‭Pipes‬ ‭Or‬ ‭Polymer‬‭Reinforced‬‭Thermoplastic‬‭Hoses‬‭For‬ ‭Suction And Delivery Lines Of Agricultural Pumps - Specificaton‬ ‭663‬ ‭IS 15391‬ ‭Cold‬ ‭Rolled‬ ‭Non-oriented‬ ‭Electrical‬ ‭Steel‬ ‭Sheet‬ ‭And‬ ‭Strip‬ ‭-‬ ‭Semi-processed Type‬ ‭664‬ ‭IS 15559‬ ‭Polyester Strapping‬ ‭665‬ ‭IS 15573‬ ‭Polyaluminium Chloride‬ ‭666‬ ‭IS 15623‬ ‭Melamine (2 , 4, 6 Triamino 1, 3, 5 Triazine)‬ ‭667‬ ‭IS 15787‬ ‭Switch-socket-outlets (non-interlock Type)‬ ‭668‬ ‭IS 15809‬ ‭High Visibility Warning Clothes‬ ‭669‬ ‭IS 15852‬ ‭Textiles‬ ‭-‬ ‭Woven‬ ‭Shirtings‬ ‭Made‬ ‭Of‬ ‭Cotton‬ ‭Man-made‬ ‭Fibres/filaments And Their Blends‬ ‭670‬ ‭IS 15853‬ ‭Textiles‬‭-‬‭Woven‬‭Suitings‬‭Made‬‭Of‬‭Cotton‬‭Man-made‬‭Fibres/filaments‬ ‭And Their Blends‬ ‭671‬ ‭IS 15905‬ ‭Hubless‬‭Centrifugally‬‭Cast‬‭(spun)‬‭Iron‬‭Pipes,‬‭Fittings‬‭And‬‭Accessories‬ ‭- Spigot Series‬ ‭672‬ ‭IS 15914‬ ‭High‬‭Tensile‬‭Strength‬‭Flat‬‭Rolled‬‭Steel‬‭Plate‬‭(up‬‭To‬‭6‬‭Mm),‬‭Sheet‬‭And‬ ‭Strip For The Manufacture Of Welded Gas Cylinder‬ ‭673‬ ‭IS 16008 (Part 1)‬ ‭Agro‬‭Textiles‬‭-‬‭Shade‬‭Nets‬‭For‬‭Agriculture‬‭And‬‭Horticulture‬‭Purposes‬ ‭- Specification Part 1 Shade Nets Made From Tape Yarns‬ ‭674‬ ‭IS 16008 (Part 2)‬ ‭Agro‬‭Textiles‬‭-‬‭Shade‬‭Nets‬‭For‬‭Agriculture‬‭And‬‭Horticulture‬‭Purposes‬ ‭- Specification Part 2 Shade Nets Made From Mono Filament Yarns‬ ‭675‬ ‭IS 16014‬ ‭Mechanically‬ ‭Woven,‬ ‭Double‬ ‭-twisted,‬ ‭Hexagonal‬ ‭Wire‬ ‭Mesh‬ ‭Gabions,‬ ‭Revet‬ ‭Mattresses‬ ‭And‬ ‭Rock‬‭Fall‬‭Netting(‬‭Galvanized‬‭Steel‬ ‭Wire Or Galvanized Steel Wore With Pvc Coating)‬ ‭676‬ ‭IS 16131‬ ‭Imidacloprid Suspension Concentrate (SC)‬ ‭677‬ ‭IS 16145‬ ‭Fipronil Suspension Concentrate (sc)‬ ‭678‬ ‭IS 16190‬ ‭Agro‬ ‭Textiles‬ ‭-‬‭High‬‭Density‬‭Polyethylene‬‭(hdpe)‬‭Laminated‬‭Woven‬ ‭Lay Flay Tube For Irrigation Purpose - Specification‬ ‭679‬ ‭IS 16246‬ ‭Elastomer‬ ‭Insulated‬ ‭Cables‬ ‭With‬ ‭Limited‬ ‭Circuit‬ ‭Integrity‬ ‭When‬ ‭Affected By Fire - Specification‬ ‭680‬ ‭IS 16513‬ ‭Agro‬‭Textiles‬‭-‬‭Insect‬‭Nets‬‭For‬‭Agriculture‬‭And‬‭Horticulture‬‭Purposes‬ ‭- Specification‬ ‭681‬ ‭IS 1658‬ ‭Fibre Hardboards -specification‬ ‭682‬ ‭IS 16715‬ ‭Ultrafine Ground Granulated Blast Furnace Slag - Specification‬ ‭683‬ ‭IS 1694‬ ‭Tartrazine, Food Grade‬ ‭684‬ ‭IS 170‬ ‭Acetone‬ ‭685‬ ‭IS 17048‬ ‭Halogen‬‭Free‬‭Flame‬‭Retardant‬‭(hffr)‬‭Cables‬‭For‬‭Working‬‭Voltages‬‭Up‬ ‭To And Including 1 100 Volts - Specification‬ ‭686‬ ‭IS 1726‬ ‭Cast Iron Manhole Covers And Frames‬ ‭687‬ ‭IS 177‬ ‭Cotton Drills‬ ‭688‬ ‭IS 1838 (Part 1)‬ ‭Preformed‬ ‭Fillers‬ ‭For‬ ‭Expansion‬ ‭Joint‬ ‭In‬ ‭Concrete‬ ‭Pavement‬ ‭And‬ ‭Structures‬ ‭(non‬ ‭Extruding‬ ‭And‬ ‭Resilient‬ ‭Type):‬ ‭Part‬ ‭1‬ ‭Bitumen‬ ‭Impregnated Fibre - Specification‬ ‭689‬ ‭IS 1848 (Part 1)‬ ‭Writing‬‭And‬‭Printing‬‭Papers‬‭Specification‬‭Part‬‭1‬‭Account‬‭Book,‬‭Azure‬ ‭Lead,‬ ‭Bond,‬ ‭Cream‬ ‭Laid‬ ‭And‬ ‭Cream‬ ‭Wove/printing‬ ‭White/printing‬ ‭Coloured/printing‬ ‭Offset,‬ ‭Printing‬ ‭Maplitho,‬ ‭Printing‬ ‭White‬ ‭Super‬ ‭Calendered And Typewriting Types‬ ‭690‬ ‭IS 1848 (Part 2)‬ ‭Writing‬ ‭And‬ ‭Printing‬ ‭Papers‬ ‭Specification‬ ‭Part‬‭2‬‭Air‬‭Mail/manifold,‬ ‭Cartridge‬‭Drawing‬‭And‬‭Cartridge‬‭White,‬‭Duplicating‬‭Absorbent‬‭And‬ ‭Duplicating Semi-absorbent And Poster Machine Glazed Types‬ ‭691‬ ‭IS 1989 (Part 1)‬ ‭Leather Safety Boots And Shoes - Part 1 : For Miners‬ ‭692‬ ‭IS 2041‬ ‭Steel‬ ‭Plates‬ ‭For‬ ‭Pressure‬ ‭Vessels‬ ‭Used‬ ‭At‬ ‭Moderate‬ ‭And‬ ‭Low‬ ‭Temperature‬ ‭693‬ ‭IS 2046‬ ‭Decorative Thermosetting Synthetic Resin Bonded Laminated Sheets‬ ‭694‬ ‭IS 2403‬ ‭Short-pitch‬ ‭Transmission‬ ‭Precision‬ ‭Roller‬ ‭And‬ ‭Bush‬ ‭Chains,attachments And Associated Chain Sprockets‬ ‭695‬ ‭IS 2414‬ ‭Cycle And Rickshaw Pneumatic Tyres‬ ‭696‬ ‭IS 2552‬ ‭Steel Drums (galvanized And Ungalvanized)‬ ‭697‬ ‭IS 2556 (Part 3)‬ ‭Vitreous‬ ‭Sanitary‬ ‭Appliances‬ ‭(vitreous‬ ‭China)‬ ‭-‬ ‭-‬ ‭Part‬ ‭3:‬ ‭Specific‬ ‭Requirements Of Squatting Pans‬ ‭698‬ ‭IS 2871‬ ‭Branch Pipe, Universal For Fire Fighting Purpose- Specification‬ ‭699‬ ‭IS 2932‬ ‭Enamel, Synthetic, Exterior : (a) Undercoating (b) Finishing‬ ‭700‬ ‭IS 2933‬ ‭Enamel Exterior (a) Undercoating, (b) Finishing‬ ‭701‬ ‭IS 3118‬ ‭Electric Bacteriological Incubators‬ ‭702‬ ‭IS 3650‬ ‭Combination Side Cutting Pliers‬ ‭703‬ ‭IS 3735‬ ‭Canvas Shoes, Rubber Sole‬ ‭704‬ ‭IS 3736‬ ‭Canvas Boots, Rubber Sole‬ ‭705‬ ‭IS 3768‬ ‭Ventilation Ducting - Vinyl Coated, Flexible and Semi-rigid‬ ‭706‬ ‭IS 3902‬ ‭Dimethoate, Technical‬ ‭707‬ ‭IS 4038‬ ‭Foot Valves For Water Works Purposes‬ ‭708‬ ‭IS 4948‬ ‭Welded Steel Wire Fabric For General Use‬ ‭709‬ ‭IS 5191‬ ‭Sodium Alginate, Food Grade‬ ‭710‬ ‭IS 5484‬ ‭Ec‬ ‭Grade‬ ‭Aluminium‬ ‭Rod‬ ‭produced‬ ‭by‬ ‭Continuous‬ ‭Casting‬ ‭and‬ ‭Rolling‬ ‭711‬ ‭IS 5517‬ ‭Steels For Hardening and Tempering‬ ‭712‬ ‭IS 5820‬ ‭Precast Concrete Cable Covers‬ ‭713‬ ‭IS 5852 (Part 1)‬ ‭Toe Caps For Protection Of Feet Part 1 Metallic Toe Caps‬ ‭714‬ ‭IS 623‬ ‭Bicycle - Bicycle Frames ( Amalgamating Si 3404: 1979)‬ ‭715‬ ‭IS 6312‬ ‭Polyethylene Containers For The Transport Of Materials‬ ‭716‬ ‭IS 638‬ ‭Sheet Rubber Jointing And Rubber Insertion Jointing‬ ‭717‬ ‭IS 6419‬ ‭Welding‬‭Rods‬‭And‬‭Bare‬‭Electrodes‬‭For‬‭Gas‬‭Shielded‬‭Arc‬‭Welding‬‭Of‬ ‭Structural Steel‬ ‭718‬ ‭IS 6803‬ ‭Special Proofed Canvas And Duck‬ ‭719‬ ‭IS 6956‬ ‭Cover Paper‬ ‭720‬ ‭IS 712‬ ‭Specification For Building Limes‬ ‭721‬ ‭IS 7372‬ ‭Lead-acid Storage Batteries For Motor Vehicles‬ ‭722‬ ‭IS 7904‬ ‭High Carbon Steel Wire Rods‬ ‭723‬ ‭IS 8035‬ ‭Handpump - Shallow Well‬ ‭724‬ ‭IS 8249‬ ‭Zinc Sulphate Heptahydrate, Agricultural Grade‬ ‭725‬ ‭IS 9473‬ ‭Respiratory‬ ‭Protective‬ ‭Devices‬ ‭-‬ ‭Filtering‬ ‭Half‬ ‭Masks‬ ‭To‬ ‭Protect‬ ‭Against Particles‬ ‭726‬ ‭IS 16289‬ ‭Medical Textiles Surgical Face Masks Specification‬ ‭727‬ ‭IS 8418‬ ‭Horizontal Centrifugal Self-priming Pumps‬ ‭728‬ ‭IS 9873 (Part 1)‬ ‭Safety Of Toys‬ ‭729‬ ‭IS 15644‬ ‭Safety of Electric Toys‬ ‭730‬ ‭IS 16192 (Part 3)‬ ‭Wheel‬‭Rims‬‭for‬‭Two‬‭and‬‭Three‬‭Wheeled‬‭Vehicles‬‭-‬‭Spoke‬‭Wheel‬‭Rims‬ ‭- Method of Tests and Requirements‬ ‭731‬ ‭IS 9997‬ ‭Aluminium alloy redraw rods for electrical purposes‬ ‭732‬ ‭IS 3617‬ ‭Textiles – Gent’s pullover, knitted‬ ‭733‬ ‭IS 17012‬ ‭High ankle tactical boots with pu - Rubber sole‬ ‭734‬ ‭IS 9516‬ ‭Specification for heat resisting steels‬ ‭735‬ ‭IS 15844‬ ‭Sports Footwear‬ ‭736‬ ‭IS 17037‬ ‭Anti riot shoes‬ ‭737‬ ‭IS 17043‬ ‭Derby shoes‬ ‭738‬ ‭IS 14550‬ ‭Hexaconazole, EC‬ ‭739‬ ‭IS 17266‬ ‭Textiles - Viscose staple fibres‬ ‭741‬ ‭IS 17042 (Part 1)‬ ‭Diesel engines - NOx reduction agent AUS 32 - quality requirements‬ ‭742‬ ‭IS 3521 (Part 2)‬ ‭Personal fall arrest systems - Lanyards & energy absorbers‬ ‭743‬ ‭IS 14166‬ ‭Respiratory protective devices - Full face masks‬ ‭744‬ ‭IS 7872‬ ‭Deep freezers‬ ‭745‬ ‭IS 17550 (Part 1)‬ ‭Household refrigerating appliances - Characteristics and test methods -‬ ‭General requirements‬ ‭746‬ ‭IS 367‬ ‭Electric kettles and jugs for household and similar use‬ ‭747‬ ‭IS 1180 (Part 3)‬ ‭Outdoor/Indoor Type Liquid Immersed Distribution Transformers Up‬ ‭to and Including 2 500 kVA, 33 kV — Specification Part 3‬ ‭Natural/Synthetic Organic Ester Liquid Immersed‬ ‭748‬ ‭IS 17505 (Part 1)‬ ‭Thermosetting Insulated Fire Survival Cables for Fixed Installation‬ ‭having Low Emission of Smoke and Corrosive Gases when Affected‬ ‭by Fire for Working Voltages upto and including 1100 Vac and 1500 V‬ ‭dc‬ ‭749‬ ‭IS 302 (Part 2/Sec‬ ‭9)‬ ‭Safety of household and similar electrical appliances: Part 2 particular‬ ‭requirements: Sec 9 toasters, grills, roasters and similar appliances‬ ‭750‬ ‭IS/IEC 61331‬ ‭(Part 3)‬ ‭Protective devices against diagnostic medical X-radiation : Protective‬ ‭clothing, eyewear and protective patient shields‬ ‭751‬ ‭IS/ISO 15197‬ ‭In vitro Diagnostic Test Systems —Requirements for‬ ‭Blood-GlucoseMonitoring System for Self-Testing in Managing‬ ‭Diabetes Mellitus‬ ‭752‬ ‭IS 3614‬ ‭Fire Doors and Assembly‬ ‭753‬ ‭IS 17546‬ ‭Chlorinated polyvinyl chloride CPVC fittings for potable hot and cold‬ ‭water distribution supplies‬ ‭754‬ ‭IS 8008 (Part 1)‬ ‭Injection Moulded/Machined High Density Polyethylene (HDPE)‬ ‭Fittings for Potable Water Supplies - Part 1 : General Requirements for‬ ‭Fittings‬ BUREAU OF INDIAN STANDARDS (Central Marks Department - I) Our Ref: CMD-I/2:4:1​ ​ ​ 16 December 2025 Subject: In-house laboratory requirement for manufacturers operating BIS product certification - reg. 1)​ The requirement of maintaining an in-house laboratory is no longer required for manufacturers for operation of BIS certification. There is no obligation to maintain in-house laboratory and various alternatives are permitted for operation of BIS certification as given below: i)​ Shared testing resources like common facility, ii)​ Cluster based testing facility, iii)​ Sub-contracting to outside laboratories which may either be: a)​ BIS recognised/empanelled laboratories, or b)​ Any accredited laboratory as per ISO/IEC 17025. 2)​ The scheme of inspection and testing specified in the product manual documents made available by BIS are recommendatory in nature. Manufacturers are at liberty to declare their own Quality Assurance Plan (QAP) which they will follow to ensure compliance of products as per relevant Standards. 3)​ This circular shall be applicable for all products, except the following: i)​ DPIIT/PESO regulated products which are under pre-dispatch/lot inspection and cement products regulated by DPIIT/Cement Desk ii)​ Food products and Protective helmets for two wheeler riders iii)​ Products where BIS certification is operated on factory testing basis, as per product specific guidelines 4)​ This circular supersedes the earlier circular of even number dated 16 July 2024 and comes into force with immediate effect. BUREAU OF INDIAN STANDARDS (Central Marks Department - I) Our Ref: CMD-I/2:4:1​ ​ ​ 16 December 2025 Subject: In-house laboratory requirement for manufacturers operating BIS product certification - reg. 1)​ The requirement of maintaining an in-house laboratory is no longer required for manufacturers for operation of BIS certification. There is no obligation to maintain in-house laboratory and various alternatives are permitted for operation of BIS certification as given below: i)​ Shared testing resources like common facility, ii)​ Cluster based testing facility, iii)​ Sub-contracting to outside laboratories which may either be: a)​ BIS recognised/empanelled laboratories, or b)​ Any accredited laboratory as per ISO/IEC 17025. 2)​ The scheme of inspection and testing specified in the product manual documents made available by BIS are recommendatory in nature. Manufacturers are at liberty to declare their own Quality Assurance Plan (QAP) which they will follow to ensure compliance of products as per relevant Standards. 3)​ This circular shall be applicable for all products, except the following: i)​ DPIIT/PESO regulated products which are under pre-dispatch/lot inspection and cement products regulated by DPIIT/Cement Desk ii)​ Food products and Protective helmets for two wheeler riders iii)​ Products where BIS certification is operated on factory testing basis, as per product specific guidelines 4)​ This circular supersedes the earlier circular of even number dated 16 July 2024 and comes into force with immediate effect. PM/ IS 1489 (Part 2)/ 1/ December 2018 BUREAU OF INDIAN STANDARDS Manak Bhawan, 9, Bahadur Shah Zafar Marg, New Delhi – 110002 1 PRODUCT MANUAL FOR PORTLAND POZZOLANA CEMENT – CALCINED CLAY BASED ACCORDING TO IS 1489 (PART 2) : 2015 This Product Manual shall be used as reference material by all Regional/Branch Offices & licensees to ensure coherence of practice and transparency in operation of certification under Scheme-I of Bureau of Indian Standards (Conformity Assessment) Regulations, 2018 for various products. The document may also be used by prospective applicants desirous of obtaining BIS certification licence/certificate. 1. Product : IS 1489 (PART 2) : 2015 Title : PORTLAND POZZOLANA CEMENT – CALCINED CLAY BASED No. of Amendments : NIL 2. Sampling Guidelines: a) Raw material : a) Ordinary Portland Cement – IS 269 b) Clinker – IS 16353 c) Fly ash – IS 3812 (Part 1) d) Calcined clay Pozzolana – IS 1344 b) Grouping guidelines : Not applicable c) Sample Size : PPC-Calcined clay based – 8 kg for physical test 1 kg for chemical test Conformity of Raw material per the relevant Indian Standard shall be ensured at the time of GoL/CSoL. 3. List of Test Equipment : Please refer ANNEX – A 4. Scheme of Inspection and Testing : Please refer ANNEX – B 5. Possible tests in a day : (i) Insoluble Residue (ii) Loss of ignition (iii) Fineness (iv) Setting time 6. Scope of the Licence : “Licence is granted to use Standard Mark on Portland Pozzolana Cement – Calcined clay based as per IS 1489 (Part 2) : 2015”. Any other aspect required as per the Standard Transverse strength test is optional test as per agreement between purchaser and manufacturer. PM/ IS 1489 (Part 2)/ 1/ December 2018 2 ANNEX A List of Test Equipment Major test equipment required to test as per the Indian Standard Sl No. Tests used in with Clause Reference Test equipment 1 Fineness Clause 7 Table 2 Blaine’s apparatus variable flow type Stop watch with start-stop mechanism Mercury for calibration Balance, Standard weights Standard Cement Manometer liquid (di-butyl phthalate or light mineral oil.) Mercury of reagent grade or better, Pyknometer Circular discs of filter paper of medium porosity (mean pore diameter 7 µ). Le-Chatelier’s flask Constant temperature water bath to maintain temp. within ± 0.1 ° C 2 Soundness by Autoclave Clause 7 Table 2 Auto clave machine with thermostatic control to maintain pressure of 2.1 MPa for 3 hrs, pressure to be attained within 1-1 ¼ hrs; L-Shape thermometer LC 1 °C Pressure gauge 0-42 kg/cm2 LC = 0.4 kg/cm2 Humidity chamber with temperature & RH control 27 ± 2 °C, RH 90 to 100 % Standard bar 308 mm, max Bar moulds 25x25x282 mm Length comparator with dial gauge Mineral oil for covering moulds 3 Soundness by Le-chatelier Method Clause 7 Table 2 Le-Chatelier’s water bath preferably with thermostatic control raising temperature from 27 ± 2 0 C to boiling in 27 ± 3 minutes Le-Chatelier’s moulds with weights and cover glasses minimum 8 nos. Humidity chamber with temperature & RH control 27 ± 2 0 C, RH 90 to 100 % Steel scale 12"" (304.8 mm) PM/ IS 1489 (Part 2)/ 1/ December 2018 3 4 Setting time Clause 7 Table 2 Vicat apparatus Needle for Consistency, IST& FST testings Moulds Stop Watch Balance - 1000g ± 0.1g and Standard Weights 1mg to 500 gm Gauging trowel of weight 210 ± 10 g 5 Compressive Strength Clause 7 Table 2 Vibration machine with timer & cube mould fitting assembly 12000 ± 400 vibration per min. Compressive Strength machine Poking Rod , Petroleum Jelly Proving ring with all accessories suitable for calibration of CST machine Tachometer Cube Moulds 70.6 × 70.6 mm, Poking rod Gauging trowel (210 ± 10 g) gauging plate, stainless steel(non-perforated) Standard sand grade 1, 2 and 3 (as per IS 650) Curing tank of appropriate size with water circulation arrangement Graduated glass cylinders 150 to 200 ml Humidity chamber with temperature & RH Control 27 ± 2° C, RH 90 to 100 % 6 Transverse Strength Test Clause 7, Table 2 Moulds Planetary Mixer, Standard Sand Jolting Apparatus, Scraper, Demolding device as per IS 4031 (Part 8) 7 Drying shrinkage Clause 7, Table 2 Balance with weights Trowel Length comparator Flow table and Accessories Beam mould- 25 x 25x 282 mm Humidity and Temperature control cabinate. 8 IS 1489 (Part 2) : 2015 General equipments for Cement testing a) To control humidity & temperature in lab 1. Humidity chamber with temperature & RH control 27 ± 2°C, RH 90 to 100 % 2. Suitable arrangement to demonstrate maintenance of temp. of 27 ± 2 ° C & RH 65 ± 5% constantly PM/ IS 1489 (Part 2)/ 1/ December 2018 4 b) For cement Sampling Mixing trays –adequate size including trays of 24 partitions for keeping hourly samples c) To control the residue of cement Sieves of size (300, 212, 150, 90, 75 & 45µ) d) To measure temperature Thermometers e) Lab ball mill (motorized) To grind the clinker, slag & gypsum sample in lab ball mill for testing f) To weigh the material 1. Platform type balance 2. Electrical balance 3 Weight box with weights (1 mg - 500 g) 9 General test equipments for chemical testing Clause 6 , Table 1 of IS 1489 (Part 2) : 2015 Muffle Furnace with thermostatic control, Range 0 – 1200° C Oven with thermostatic control 0-300° C Heater and hot plate Distillation Assembly Crucible: Platinum or Porcelain / silica Filter paper (no 1,40,41,42) Desiccators with cover & Desiccant Water bath pH meter/paper Glassware - volumetric flask -0-250 ml, beaker 0- 250 ml, measuring cylinder 0-50,100,500, 1000 ml, burette 0-25/50 ml, conical flasks- 0-250 ml, pipette 0-5,10, 25, 50 ml All chemicals required for complete chemical analysis of cement Tongs including platinum tipped tong Wire gauge with asbestos sheet at the middle Washing bottle Mortar mixer- 4.75 l Glass thermometer All required chemicals as per IS 4032 for Portland slag cement, Ordinary portland cement and Portland clinker testing. PM/ IS 1489 (Part 2)/ 1/ December 2018 5 10 Fly ash testing [ clause 4.1 of IS 1489 (Part 2) : 2015 and IS 3812 (Part 1) : 2013] Chemical Test Chemicals and glassware as per IS 1727 and IS 4032 Flame photometer Loss on ignition Muffle furnace Crucible (Silica /Platinum) Weighing balance Fineness Blain Apparatus Permeability cell , Disk, Plunger, Filler paper U-Tube manometer with manometer liquid Stop watch with Stop-Start mechanism Standard sample Mercury for calibration Pycnometer, Thermometer Residual on 45µ sieve 45µ sieve, Balance, Oven Soundness by autoclave Same as cement above Lime reactivity 50 mm cubes moulds Planetary mixer , paddle, mixing bowl, scrapper Flow table and Accessories Tamping rod Trowel etc Compressive strength 50 mm cube moulds Planetary mixer , paddle, mixing bowl, scrapper Flow table and Accessories Tamping rod Trowel etc 11 Calcined clay testing [ Clause 4.1 of IS 1489 (Part 2) : 2015 and IS 1344 : 1981] Loss on ignition Muffle furnace, Crucible (Silica /Platinum) Weighing balance Fineness Blaine’s Apparatus Permeability cell , Disk, Plunger, Filler paper U-Tube manometer with manometer liquid Stop watch with Stop-Start mechanism Standard sample, Mercury for calibration Pycnometer, Thermometer Lime reactivity 50 mm cubes moulds Planetary mixer , paddle, mixing bowl, scrapper Flow table and Accessories Tamping rod, Trowel etc Compressive strength 50 mm cube moulds Planetary mixer , paddle, mixing bowl, scrapper Flow table and Accessories Tamping rod, Trowel etc The above list is indicative only and may not be treated as exhaustive. PM/ IS 1489 (Part 2) / 1/ December 2018 6 ANNEX B SCHEME OF INSPECTION AND TESTING 1. LABORATORY - A laboratory shall be maintained which shall be suitably equipped (as per the requirement given in column 2 of Table 1) and staffed, where different tests given in the specification shall be carried out in accordance with the methods given in the specification. 1.1 The manufacturer shall prepare a calibration plan for the test equipments. The following equipments shall be calibrated at a frequency shown against each and records kept. 2. TEST RECORDS – The manufacturer shall maintain test records in various formats, Form 1 to Form 20 for the tests carried out to establish conformity. 3. LABELLING AND MARKING – Labeling and marking shall be as given below: 3.1 STANDARD MARK - The Standard Mark, as specified by BIS, shall be printed or stenciled on each bag or drum of Portland Pozzolana Cement – Calcined clay based or on the label applied to it, provided the material in each bag or package to which the mark thus applied conforms to the specification. The size of the Standard Mark shall be either 160 x 120 mm or 80 x 60 mm for packing in quantity of 50 kg and above. For other packing of lower quantity, a photographic reduction is permitted. 3.2 MARKING - As per the requirements of IS 1489 (Part 2): 2015. 3.2.1 In addition to above, following marking shall also be marked: a) Name of original manufacturer of cement with BIS licence number in case of repacking unit. b) Any other marking required under provisions of Legal Metrology Act, 2009 and Legal Metrology (Packaged Commodities) Rules, 2011 framed thereunder. Sl. No. TEST EQUIPMENT FREQUENCY OF CALIBRATION 1. Blaine’s apparatus Daily with licensee’s own Standard cement sample and monthly with standard cement samples supplied by NCCBM. 2. Compressive strength Testing machine Once in a month with Licensee’s own Proving Ring and the Proving Ring shall be Calibrated once in two years from a NPL/NABL Accredited Calibrating body or NPL or NPL accredited Proving Ring manufacturer. 3. Autoclave pressure gauge Once in a month by licensee’s own dead weight pressure gauge tester OR once in six months from accredited calibrating body or NPL/NABL accredited manufacturer of such gauges. 4. Vibration machine Once in a month by licensee’s own Tachometer. The tachometer shall be calibrated once in a year from NPL/NABL accredited outside agency. 5. Dead weight pressure gauge Tester (if available) Once in four years from NABL accredited Tester (if available) Lab or OEM (original Equipment manufacturer) having NPL/NABL accredited calibrator. PM/ IS 1489 (Part 2) / 1/ December 2018 7 3.2.2 All the information including BIS Standard Mark except Manufacturers Registered Trade Mark shall be applied on each bag in RED COLOUR. 3.2.3 Marking of variable parameters on cement bags which are changing with production schedule and done online (such as Date of manufacturing/Week number/Batch number, MRP, Percentage of addition of Pozzolana) is permitted in BLACK COLOUR. However, all such marking shall be conspicuous. Note : 1. For each calendar year, the first week shall be counted as 7 days from 1st of January and subsequent weeks numbered serially accordingly. The bags shall be marked as W 0l/MM/YY…… W 51/MM/YY……. etc. 2. Label mentioned at 3.1 and 3.2 above shall be attached to the seal of the container. The seal shall be of such a design that it shall automatically get destroyed on opening. 3. The colour of the bag and background colours should be in contrast to the colour of the Standard Mark and the details so that the markings are conspicuous. 4. CONTROL UNIT – 4.1 For manufacturing units of Portland Pozzolana Cement: The tests, as indicated in Table 1 attached and at the levels of control specified therein, shall be carried out on the whole production of the factory which is covered by this scheme and appropriate records maintained in accordance with clause 2 above. 4.2 For packing of Portland Pozzolana Cement at bulk cement terminal: The tests, as indicated in Table 2 attached and at the levels of control specified therein, shall be carried out on the whole packing of Portland Pozzolana Cement and appropriate records maintained in accordance with clause 2 above. 4.2.1 For bulk packing units as per clause 4.2, all cement of one consignment received shall constitute one batch. 4.2.2 Batch mixing may be permitted for packing units, which are extended packing terminals of the same cement manufacturer (licensee) subject to packing units obtaining test certificates from the manufacturer and keeping proper records. If the cement is received from different units of the same manufacturer (different licensees) batch mixing of cement is not permitted. The Batch integrity shall be ensured at all stages of packing and the packer shall maintain appropriate controls and checks to ensure that there is no chance of mix up of different batches. Adequate care shall be taken to avoid spoilage during handling, packing and storage. 4.2.3 If bulk packing unit is instructed by BIS for suspension of licence due to the failure of the samples, such instruction will automatically apply to the original manufacturer of the cement, as per relevant suspension of licence guidelines. An undertaking to this effect shall be obtained from the bulk packers and the original cement manufacturer. 4.2.4 Test Certificate of each original batch of cement shall be obtained from the supplier and test results recorded. On the basis of tests and inspection, the decision regarding conformity or otherwise of the consignment/batch to a given requirement shall be taken. PM/ IS 1489 (Part 2) / 1/ December 2018 8 4.3 WEIGHMENT – One filled bag from each nozzle shall be taken at random twice in each shift of operation and weight checked in case of electronic packers with recorders. In all other cases one filled bag from each nozzle shall be checked once in two hours. The records shall be maintained in Form 1. The bag shall be so chosen for weighment such that bags from each nozzle are taken for weighment. The weighing and packing machines shall be adjusted as and when necessary in such a way that net quantity of each bag shall be in accordance with the tolerances given in Annex B and clause 10.1.1 of IS 1489 (Part 2) : 2015. Such adjustments for each nozzle shall be recorded in Form 1 under remarks column. 4.3.1 For packing of Portland Pozzolana Cement in bulk cement terminal weighment of hourly check of mass of drums also shall be done in addition to weighment of bags mentioned in para 4.3 above. The records of weighments shall be maintained in Forms 12 and 14. 4.4 RAW MATERIALS 4.4.1 Routine analysis of various raw materials used in the manufacture of Portland Pozzolana Cement shall be made at intervals of a month or whenever there is a change in the source/mine area stratification whichever is earlier and appropriate records of the analysis and of the Physical composition of the mixtures shall be maintained in Form 2. This analysis is not applicable for Packing Units of Portland Pozzolana Cement at bulk cement terminal. 4.5 HOMOGENEITY - Homogeneity of the mixture in a consignment shall be ensured within the stipulated percent of Pozzolana addition. Percentage of Pozzolana addition shall be declared every time and marked on the bags/package. 4.6. PACKING - The Cement shall be packed in bags as specified in clause 10 of IS 1489 (Part 2): 2015. A test certificate either from the manufacturer or from any recognized testing laboratory shall be received along with each consignment of bags. Alternatively the samples of bags from each consignment shall be tested by the cement manufacturer either in his own laboratory or any other BIS recognized laboratory before they are used for packing cement. No testing would be necessary if the bags carry BIS Certification Mark. The bag shall be in good condition at the time of packing. 5. LEVELS OF CONTROL - The tests as indicated in column 1 of Table 1 and the levels of control in column 3 of Table 1, shall be carried out on the whole production of the factory which is covered by this plan and appropriate records maintained in accordance with clause 2 above. 5.1. PRODUCTION DATA - The licensee shall send to BIS a statement of quantity produced, marked and exported by him and the value thereof at the end of each quarter of the operative period as per the enclosed proforma and shall also submit these details to BIS at the end of the operative year duly authenticated by a Chartered Accountant. 6. REJECTIONS – Disposal of non-conforming product shall be done in such a way so as to ensure that there is no violation of provisions of BIS Act, 2016. PM/ IS 1489 (Part 2) / 1/ December 2018 9 Table 1 – Levels of Control (Grinding/Packing Unit) (1) (2) (3) TEST DETAILS Test equipment requirement R: required (or) S: Sub- contracting permitted RECOMMENDED LEVELS OF CONTROL Clause Requirement Test Methods Clause Reference Number of sample Frequency Remark Cement Grinding/Blending Cement Packing 4.1 Pozzolana 4.1 IS 1489 (Part 2) IS 1727 R One One sample shall be tested from each supplier once in a week as per IS 3812 (Part 1)/IS 1344. No further testing required if accompanied with test certificate or ISI marked. 4.2 Portland Cement Clinker 4.2 IS 1489 (Part 2) IS 4031 IS 4032 R One Daily composite sample shall be tested for complete requirement as per IS 16353. No further testing required if accompanied with test certificate or ISI marked. 4.3 Ordinary Portland Cement 4.3 IS 1489 (Part 2) IS 269 - - OPC shall be ISI marked and shall be accompanied with manufacturer certificate. If OPC is produced in the same factory, records as per relevant SIT shall be maintained. 6 Table 1 Chemical Requirement i) Insoluble residue 6 IS 1489 (Part 2) IS 4032 R One Daily Composite sample Weekly composite sample - ii) Magnesia 6 IS 1489 (Part 2) IS 4032 R One Daily Composite sample Weekly composite sample - iii) Total Sulphur content calculated as sulphuric anhydride (SO3) 6 IS 1489 (Part 2) IS 4032 R One Daily Composite sample Weekly composite sample - iv) Loss on ignition 6 IS 1489 (Part 2) IS 4032 R One Daily Composite sample Weekly composite sample - v) Chloride Content 6 IS 1489 (Part 2) IS 4032 R One - Weekly composite sample This test shall also be carried out whenever there is any change in source of any raw material. PM/ IS 1489 (Part 2) / 1/ December 2018 10 vi) Alkali Content 6 - R One - - Pl see note under Table 1 of IS 1489 (Part 2) : 2015. 7, Table 2 Physical Requirement i) Fineness 7 IS 1489 (Part 2) IS 4031 (Part 2) R One 1. Every alternate hourly from each mill separately. 2. Daily Composite sample Daily Composite sample - ii) Soundness (Le-Chatelier method and Autoclave method) 7 IS 1489 (Part 2) IS 4031(Part 3) R One Daily Composite sample Daily Composite sample - iii) Setting Time 7 IS 1489 (Part 2) IS 4031 (Part 5) R One One sample per shift (Composite sample) Daily Composite sample - iv) Compressive strength 7 IS 1489 (Part 2) IS 4031 (Part 6) R One Daily Composite sample Daily Composite sample - v) Transverse strength (Optional) 7 IS 1489 (Part 2) IS 4031(Part 8) S One Weekly composite sample Weekly composite sample - vi) Drying shrinkage 7 IS 1489 (Part 2) IS 4031(Part 10) R One - Weekly composite sample NOTES – 1. Composite sample shall be made out of hourly samples for the required period (Pl see IS 3535 Methods of sampling hydraulic cements). If cement is manufactured using same proportion of raw materials from more than one cement mill, sample from each mill shall be tested for fineness as per the above table. For all other parameters composite samples from all the mills shall be tested. If cement is manufactured using different proportion of raw materials from more than one cement mill, sample from each mill shall be tested for all requirements as per the above table. 2. For manufacturing units where there is no packing silo and cement is packed directly from cement grinding, the frequency of tests specified for cement grinding stage would apply for the various tests to be carried out on samples taken from cement mill spouts along with weekly chloride content test. PM/ IS 1489 (Part 2) / 1/ December 2018 11 Table 2 Level of Control (Bulk Packing Unit) (1) (2) (3) TEST DETAILS Test equipment requirement R: required (or) S: Sub-contracting permitted RECOMMENDED LEVELS OF CONTROL Clause Requirement Test Methods Clause Reference Number of samples Frequency Remarks 6 , Table 1 (i) Insoluble Residue 6 IS 1489 (Part 2) IS 4032 R One Each batch To be tested in laboratory at bulk terminal packing unit. 6, Table 1 (v) Loss on Ignition 6 IS 1489 (Part 2) IS 4032 R One Each batch 7, Table 2 (i) Fineness 7 IS 1489 (Part 2) IS 4031(Part 2) S One Each batch - 7, Table 2 (ii) Soundness 7 IS 1489 (Part 2) IS 4031(Part 3) S One Each batch 7, Table 2 (iii) Setting Time 7 IS 1489 (Part 2) IS 4031(Part 5) S One Each batch 7, Table 2 (iv) Compressive strength 7 IS 1489 (Part 2) IS 4031(Part 6) S One Each batch PM/ IS 1489 (Part 2) / 1/ December 2018 12 Form No. 1 FORMAT FOR MAINTENANCE OF TEST RECORDS WEIGHMENT CONTROL AT PACKING STAGE Date Shift Time (Hourly) No. of Bags Net mass of bags from nozzles Remark. Form No. 2 RAW MATERIAL TESTING Date of receipt of material Date of testing Name of Material Source of supply and consignment No. Details of analysis for specified requirements Form 3 PRODUCTION DATA (POST GRINDING DETAILS OF PRODUCTION ACCEPTED AND REJECTED FOR STANDARD MARK) Shift Quantity Passed for Standard mark Rejected Remark Form No. 4 A Pozzolana (One sample per week) Fly ash Pozzolana (if used) Date CHEMICAL PHYSICAL SiO2 + Al2O3 + Fe2O3 SiO2 Reactive Silica MgO Total Sulphur as SO3 Available alkali as Na2O Total Chloride LOI Fineness Lime Reactivity Comp. Strength at 28 Days Soundness by autoclave Particle retained on 45 µ sieve (Optional) Form no 4 B Pozzolana – Calcined clay pozzolana Date Fineness Lime reactivity Compressive strength at 28 days Drying shrinkage PM/ IS 1489 (Part 2) / 1/ December 2018 13 Form No. 5 CLINKER CHEMICAL COMPOSITION (DAILY COMPOSITE SAMPLE) Date of manufacture Total loss on ignition Insoluble residue Alkali content as Na2O C3S C3A C3S+ C2S SO3 MgO Chloride Free lime LSF Alumina factor Sample Pass/Fail Remarks Form No. 6 CLINKER GROUND WITH GYPSUM (DAILY COMPOSITE SAMPLE) Date of grinding Fineness Soundness Setting time Compressive strength Sample Pass/Fail Remark Le-Chatelier Autoclave Initial Final 3 days 7 days 28 days Form 7 CLINKER GROUND WITH GYPSUM & POZZOLANA Date of grinding Fineness Soundness Setting Time Compressive strength Drying Shrinkage Sample Pass/ Fail Mode of disposal or action taken if sample fails Le-Chatelier Autoclave Initial Final 3 days 7 days 28 days Form 8 PORTLAND POZZOLANA CEMENT (GRINDING/ BLENDING) (Daily/Weekly Composite sample) Date of grinding IR MgO Total Sulphur calculated as SO3 LOI Chloride Content Alkali content Fineness Soundness (Le- chatelier & Autoclave) Setting Time Initial & Final Compressive strength Transverse Strength Drying Shrinkage Sample Pass/Fail Action taken if sample fails PM/ IS 1489 (Part 2) / 1/ December 2018 14 Form No 9 PORTLAND POZZOLANA CEMENT GRINDING (For Alternate Hourly Sample) Date of grinding Time Fineness Setting Time Initial & Final Sample Pass/Fail Mode of disposal or action taken if sample fails Form No 10 PORTLAND POZZOLANA CEMENT PACKING STAGE (Daily/Weekly Composite Sample) Date of Packing IR MgO Total Sulphur calculated as SO3 LOI Chloride Content Alkali content Fineness Soundness (Le- chatelier & Autoclave) Setting Time Initial & Final Compressive strength Transverse Strength Drying Shrinkage Sample Pass/ Fail Mode of disposal or action taken if sample fails Form No 11 CALIBRATION Sl. No Date of calibration Result of Calibration (Test records indicating details of standard values and observed values for each equipment to be kept in proforma for which various columns be devised; as required) Name of equipment Action taken if equipment found defective Sl.No. (If any) & Remarks Note: The above records are to be kept separately for each equipment. PM/ IS 1489 (Part 2) / 1/ December 2018 15 RECORDS TO BE MAINTAINED AS PER TABLE-2 OF SIT (BY BULK PACKING UNIT) Form No. 12 FORMAT FOR MAINTENANCE OF TEST RECORDS WEIGHMENT CONTROL AT PACKING STAGE HOURLY CHECK OF MASS OF DRUMS Date Time (Hourly) Condition of Drums Net quantity of cement Record of calibration of weighing scale and Date of calibration. Form No. 13 FORMAT FOR MAINTENANCE OF RECORDS FOR THE CONDITIONS OF THE EMPTY DRUMS/BULKERS FOR PACKING CEMENT Date No. of empty drums/Bulkers checked No. of empty drums/Bulkers rejected Reasons/Remarks Sign of firms inspector Form No. 14 FORMAT FOR MAINTENANCE OF TEST RECORDS WEIGHMENT CONTROL AT PACKING STAGE HOURLY CHECK OF MASS OF BAGS Date Shift Time(Hourly) No of Bags Net quantity of Bags from Nozzles Records of calibration/date of calibration of nozzles Form No. 15 RECEIPT OF CEMENTS Date of receipt Batch No. Supply received from Test Certificate No PM/ IS 1489 (Part 2) / 1/ December 2018 16 Form No. 16 CEMENT DISPATCH DATA FROM PACKING Date Quantity Passed for Standard Mark Rejected (if any) Reasons for not marking/Method of disposal Form No 17 & 18 TEST DONE AT FACTORY (At receipt stage and at bulk packing terminal) Date Batch No. LOI IR Fineness Setting Time Remarks Form No 19 & 20 PORTLAND POZZOLANA CEMENT (PHYSICAL TEST REPORT) (At receipt stage and at bulk packing terminal) Date Batch No. Test Report Soundness Compressive Strength Remarks LC AC 3 days 7 days 28 days Note-1: Sub-contracting is permitted to a laboratory recognized by the Bureau or Government laboratories empaneled by the Bureau. Note-2: The control unit and levels of control as decided by the Bureau are obligatory to which the licensee shall comply with. PM/ IS 12330/ 1/ January 2019 BUREAU OF INDIAN STANDARDS Manak Bhawan, 9, Bahadur Shah Zafar Marg, New Delhi – 110002 1 PRODUCT MANUAL FOR SULPHATE RESISTING PORTLAND CEMENT ACCORDING TO IS 12330: 1988 This Product Manual shall be used as reference material by all Regional/Branch Offices & licensees to ensure coherence of practice and transparency in operation of certification under Scheme-I of Bureau of Indian Standards (Conformity Assessment) Regulations, 2018 for various products. The document may also be used by prospective applicants desirous of obtaining BIS certification licence/certificate. 1. Product : IS 12330 : 1988 Title : SULPHATE RESISTING PORTLAND CEMENT No. of Amendments : 6 2. Sampling Guidelines: a) Raw material : Not applicable b) Grouping guidelines : Not applicable c) Sample Size : Sulphate resisting Portland Cement – 8 kg for physical test – 1 kg for chemical test 3. List of Test Equipment : Please refer ANNEX – A 4. Scheme of Inspection and Testing : Please refer ANNEX – B 5. Possible tests in a day : (i) Insoluble Residue (ii) Loss of ignition (iii) Fineness (iv) Setting time 6. Scope of the Licence : “Licence is granted to use Standard Mark on Sulphate Resisting Portland Cement as per IS 12330: 1988”. Any other aspect required as per the Standard Transverse strength test is optional test as per agreement between purchaser and manufacturer. PM/ IS 12330/ 1/ January 2019 2 ANNEX A List of Test Equipment Major test equipment required to test as per the Indian Standard Sl No. Tests used in with Clause Reference Test equipment 1 Fineness Clause 5.1 Blaine’s apparatus variable flow type Stop watch Mercury Balance, Standard weights Standard Cement Manometer liquid (di-butyl phthalate or light mineral oil.) Mercury of reagent grade or better, Pyknometer Circular discs of filter paper of medium porosity (mean pore diameter 7 µ). Le-Chatelier’s flask Constant temperature water bath to maintain temp. within ± 0.1 ° C 2 Soundness by Autoclave Clause 5.2 Auto clave machine with thermostatic control; L-Shape thermometer LC 1 °C Pressure gauge Humidity chamber with temperature & RH control 27 ± 2 °C, RH 90 to 100 % Standard bar 308 mm, max Bar moulds 25x25x282 mm Length comparator with dial gauge Mineral oil for covering moulds 3 Soundness by Le-chatelier Method Clause 5.2 Le-Chatelier’s water bath preferably with thermostatic control Le-Chatelier’s moulds with weights and cover glasses minimum 8 nos. Humidity chamber with temperature & RH control 27 ± 2 0 C, RH 90 to 100 % Steel scale 12"" (304.8 mm) 4 Setting time Clause 5.3 Vicat apparatus Needle for Consistency, IST& FST testing PM/ IS 12330/ 1/ January 2019 3 Moulds Stop Watch Balance - 1000g ± 0.1g and Standard Weights 1mg to 500 gm Gauging trowel of weight 210 ± 10 g 5 Sulphate expansion Clause 5.4 IS sieves 150 and 75 µ Bar mould 25 × 25 × 250 mm Weighing balance and water bath 6 Compressive Strength Clause 5.5 Vibration machine with timer & cube mould fitting assembly 12000 ± 400 vibration per min. Compressive Strength machine Poking Rod , Petroleum Jelly Proving ring with all accessories suitable for calibration of CST machine Tachometer Cube Moulds 70.6 × 70.6 mm, Poking rod Gauging trowel (210 ± 10 g) Gauging plate, stainless steel(non-perforated) Standard sand grade 1, 2 and 3 (as per IS 650) Curing tank of appropriate size with water circulation arrangement Graduated glass cylinders 150 to 200 ml Humidity chamber with temperature & RH Control 27 ± 2° C, RH 90 to 100 % 7 Transverse Strength Test Clause 5.6 Moulds Planetary Mixer, Standard Sand Jolting Apparatus, Scraper, Demolding device as per IS 4031 (Part 8) 8 IS 12330 : 1988 General equipments for Cement testing a) To control humidity & temperature in lab 1. Humidity chamber with temperature & RH control 27 ± 2°C, RH 90 to 100 % 2. Suitable arrangement to demonstrate maintenance of temp. of 27 ± 2 ° C & RH 65 ± 5% constantly b) For cement Sampling Mixing trays –adequate size including trays of 24 partitions for keeping hourly samples c) To control the residue of cement Sieves of size (300, 212, 150, 90, 75 & 45µ) d) To measure temperature Thermometers PM/ IS 12330/ 1/ January 2019 4 e) Lab ball mill (motorized) To grind the clinker, slag & gypsum sample in lab ball mill for testing f) To weigh the material 1. Platform type balance 2. Electrical balance 3 Weight box with weights (1 mg - 500 g) 9 General test equipments for chemical testing Clause 4.1 , Table 1 of IS 12330 : 1988 Muffle Furnace with thermostatic control, Range 0 – 1200° C Oven with thermostatic control 0-300° C Heater and hot plate Distillation Assembly Crucible: Platinum or Porcelain / silica Filter paper (No- 1, 40, 41, 42) Desiccators with cover & Desiccant Water bath pH meter/paper Glassware - volumetric flask -0-250 ml, beaker 0-250 ml, measuring cylinder 0-50,100,500, 1000 ml, burette 0-25/50 ml, conical flasks- 0-250 ml, pipette 0-5,10, 25, 50 ml All chemicals required for complete chemical analysis of cement Tongs including platinum tipped tong Wire gauge with asbestos sheet at the middle Washing bottle Mortar mixer- 4.75 l Glass thermometer All required chemicals as per IS 4032 for Sulphate resisting portland cement testing The above list is indicative only and may not be treated as exhaustive. PM/ IS 12330/ 1/ January 2019 5 ANNEX B SCHEME OF INSPECTION AND TESTING 1. LABORATORY - A laboratory shall be maintained which shall be suitably equipped (as per the requirement given in column 2 of Table 1) and staffed, where different tests given in the specification shall be carried out in accordance with the methods given in the specification. 1.1 The manufacturer shall prepare a calibration plan for the test equipments. The following equipments shall be calibrated at a frequency shown against each and records kept. 2. TEST RECORDS – The manufacturer shall maintain test records in various formats, Form 1 to Form 16 for the tests carried out to establish conformity. 3. LABELLING AND MARKING – Labeling and marking shall be as given below: 3.1 STANDARD MARK - The Standard Mark, as specified by BIS, shall be printed or stenciled on each bag or drum of Sulphate Resisting Portland Cement or on the label applied to it, provided the material in each bag or package to which the mark thus applied conforms to the specification. The size of the Standard Mark shall be either 160 x 120 mm or 80 x 60 mm for packing in quantity of 50 kg and above. For other packing of lower quantity, a photographic reduction is permitted. 3.2 MARKING - As per the requirements of IS 12330: 1988. 3.2.1 In addition to above, following marking shall also be marked: a) Name of original manufacturer of cement with BIS licence number in case of repacking unit. b) Any other marking required under provisions of Legal Metrology Act, 2009 and Legal Metrology (Packaged Commodities) Rules, 2011 framed thereunder. Sl. No. TEST EQUIPMENT FREQUENCY OF CALIBRATION 1. Blaine’s apparatus Daily with licensee’s own Standard cement sample and monthly with standard cement samples supplied by NCCBM. 2. Compressive strength Testing machine Once in a month with Licensee’s own Proving Ring and the Proving Ring shall be Calibrated once in two years from a NPL/NABL Accredited Calibrating body or NPL or NPL accredited Proving Ring manufacturer. 3. Autoclave pressure gauge Once in a month by licensee’s own dead weight pressure gauge tester OR once in six months from accredited calibrating body or NPL/NABL accredited manufacturer of such gauges. 4. Vibration machine Once in a month by licensee’s own Tachometer. The tachometer shall be calibrated once in a year from NPL/NABL accredited outside agency. 5. Dead weight pressure gauge Tester (if available) Once in four years from NABL accredited Tester (if available) Lab or OEM (Original Equipment manufacturer) having NPL/NABL accredited calibrator. PM/ IS 12330/ 1/ January 2019 6 3.2.2 All the information including BIS Standard Mark except Manufacturers Registered Trade Mark shall be applied on each bag in BLACK COLOUR. Note : 1. For each calendar year, the first week shall be counted as 7 days from 1st of January and subsequent weeks numbered serially accordingly. The bags shall be marked as W 0l/MM/YY…… W 51/MM/YY……. etc. 2. Label mentioned at 3.1 and 3.2 above shall be attached to the seal of the container. The seal shall be of such a design that it shall automatically get destroyed on opening. 3. The colour of the bag and background colours should be in contrast to the colour of the Standard Mark and the details so that the markings are conspicuous. 4. CONTROL UNIT – 4.1 For manufacturing units of Sulphate Resisting Portland Cement: The tests, as indicated in Table 1 attached and at the levels of control specified therein, shall be carried out on the whole production of the factory which is covered by this scheme and appropriate records maintained in accordance with clause 2 above. 4.2 For packing of Sulphate Resisting Portland Cement at bulk cement terminal: The tests, as indicated in Table 2 attached and at the levels of control specified therein, shall be carried out on the whole packing of Sulphate Resisting Portland Cement and appropriate records maintained in accordance with clause 2 above. 4.2.1 For bulk packing units as per clause 4.2, all cement of one consignment received shall constitute one batch. 4.2.2 Batch mixing may be permitted for packing units, which are extended packing terminals of the same cement manufacturer (licensee) subject to packing units obtaining test certificates from the manufacturer and keeping proper records. If the cement is received from different units of the same manufacturer (different licensees) batch mixing of cement is not permitted. The Batch integrity shall be ensured at all stages of packing and the packer shall maintain appropriate controls and checks to ensure that there is no chance of mix up of different batches. Adequate care shall be taken to avoid spoilage during handling, packing and storage. 4.2.3 If bulk packing unit is instructed by BIS for suspension of licence due to the failure of the samples, such instruction will automatically apply to the original manufacturer of the cement, as per relevant suspension of licence guidelines. An undertaking to this effect shall be obtained from the bulk packers and the original cement manufacturer. 4.2.4 Test Certificate of each original batch of cement shall be obtained from the supplier and test results recorded. On the basis of tests and inspection, the decision regarding conformity or otherwise of the consignment/batch to a given requirement shall be taken. 4.3 WEIGHMENT – One filled bag from each nozzle shall be taken at random twice in each shift of operation and weight checked in case of electronic packers with recorders. In all other cases one filled bag from each nozzle shall be checked once in two hours. The records shall be maintained in Form 1. The bag shall be so chosen for weighment such that bags from each nozzle are taken for weighment. The weighing and packing machines shall be adjusted as and when necessary in such a way that net quantity of each bag shall be in accordance with the PM/ IS 12330/ 1/ January 2019 7 tolerances given in Annex A and clause 8.2 of IS 12330 : 1988. Such adjustments for each nozzle shall be recorded in Form 1 under remarks column. 4.3.1 For packing of Sulphate Resisting Portland Cement in bulk cement terminal weighment of hourly check of mass of drums also shall be done in addition to weighment of bags mentioned in para 4.3 above. The records of weighments shall be maintained in Forms 8 and 10. 4.4 RAW MATERIALS 4.4.1 Routine analysis of various raw materials used in the manufacture of Sulphate Resisting Portland Cement shall be made at intervals of a month or whenever there is a change in the source/mine area stratification whichever is earlier and appropriate records of the analysis and of the Physical composition of the mixtures shall be maintained in Form 2. This analysis is not applicable for Packing Units of Sulphate Resisting Portland Cement at bulk cement terminal. 4.5. PACKING - The Cement shall be packed in bags as specified in clause 8.1 of IS 12330: 1988. A test certificate either from the manufacturer or from any recognized testing laboratory shall be received along with each consignment of bags. Alternatively the samples of bags from each consignment shall be tested by the cement manufacturer either in his own laboratory or any other BIS recognized laboratory before they are used for packing cement. No testing would be necessary if the bags carry BIS Certification Mark. The bag shall be in good condition at the time of packing. 5. LEVELS OF CONTROL - The tests as indicated in column 1 of Table 1 and the levels of control in column 3 of Table 1, shall be carried out on the whole production of the factory which is covered by this plan and appropriate records maintained in accordance with clause 2 above. 5.1. PRODUCTION DATA - The licensee shall send to BIS a statement of quantity produced, marked and exported by him and the value thereof at the end of each quarter of the operative period as per the enclosed proforma and shall also submit these details to BIS at the end of the operative year duly authenticated by a Chartered Accountant. 6. REJECTIONS – Disposal of non-conforming product shall be done in such a way so as to ensure that there is no violation of provisions of BIS Act, 2016. PM/ IS 12330/ 1/ January 2019 8 Table 1 – Levels of Control (Grinding/Packing Unit) (1) (2) (3) TEST DETAILS Test equipment requirement R: required (or) S: Sub- contracting permitted RECOMMENDED LEVELS OF CONTROL Clause Requirement Test Methods Clause Reference Number of sample Frequency Remark Cement Grinding/ Blending Cement Packing 4 Table 1 Chemical Requirement i) Ratio of percentage of lime to percentage of silica, alumina and iron oxide when calculated by the formula (LSF) 𝐶𝑎𝑂−0.7 𝑆𝑂3 2.8𝑆𝑖𝑂2 + 1.2 𝐴𝑙2 𝑂3 + 0.65 𝐹𝑒2 𝑂3 4.1 Table 1 IS 12330 IS 4032 R One Daily Composite sample Weekly composite sample - ii) Insoluble residue 4.1 Table 1 IS 12330 IS 4032 R One Daily Composite sample Weekly composite sample - iii) Magnesia 4.1 Table 1 IS 12330 IS 4032 R One Daily Composite sample Weekly composite sample - iv) Total Sulphur content calculated as sulphuric anhydride (SO3) 4.1 Table 1 IS 12330 IS 4032 R One Daily Composite sample Weekly composite sample - v) Tricalcium Aluminate (C3A) 4.1 Table 1 IS 12330 IS 4032 R One Daily Composite sample Weekly composite sample - vi) Tetracalcium Alumino Ferrite phase plus twice the Tricalcium Aluminate (C4AF + 2 C3A) 4.1 Table 1 IS 12330 IS 4032 R One Daily Composite sample Weekly composite sample - vii) Total loss on ignition 4.1 Table 1 IS 12330 IS 4032 R One Daily Composite sample Weekly composite sample - PM/ IS 12330/ 1/ January 2019 9 5 Physical Requirement 5.1 Fineness 5.1 IS 12330 IS 4031 (Part 2) R One 1. Every alternate hourly from each mill separately. 2. Daily Composite sample Daily Composite sample - 5.2 Soundness (Le-Chatelier method and Autoclave method) 5.2 IS 12330 IS 4031 (Part 3) R One Daily Composite sample Daily Composite sample - 5.3 Setting Time 5.3 IS 12330 IS 4031 (Part 5) R One One sample per shift (Composite sample) Daily Composite sample - 5.4 Sulphate Expansion 5.4 IS 12330 S One Daily Composite sample Weekly composite sample As agreed to between purchaser and supplier 5.5 Compressive strength 5.5 IS 12330 IS 4031 (Part 6) R One Daily Composite sample Daily Composite sample - 5.6 Transverse strength 5.6 IS 12330 IS 4031 (Part 8) S One Weekly composite sample Weekly composite sample As agreed to between purchaser and supplier NOTES – 1. Composite sample shall be made out of hourly samples for the required period (Pl see IS 3535 Methods of sampling hydraulic cements). If cement is manufactured using same proportion of raw materials from more than one cement mill, sample from each mill shall be tested for fineness as per the above table. For all other parameters composite samples from all the mills shall be tested. If cement is manufactured using different proportion of raw materials from more than one cement mill, sample from each mill shall be tested for all requirements as per the above table. 2. For manufacturing units where there is no packing silo and cement is packed directly from cement grinding, the frequency of tests specified for cement grinding stage would apply for the various tests to be carried out on samples taken from cement mill spouts along with weekly chloride content test. 3. Sub-contracting is permitted to a laboratory recognized by the Bureau or Government laboratories empaneled by the Bureau. 4. The control unit and levels of control as decided by the Bureau are obligatory to which the licensee shall comply with. PM/ IS 12330/ 1/ January 2019 10 Table 2 Level of Control (Bulk Packing Unit) Note 1: Sub-contracting is permitted to a laboratory recognized by the Bureau or Government laboratories empaneled by the Bureau. Note 2 : The control unit and levels of control as decided by the Bureau are obligatory to which the licensee shall comply with. (1) (2) (3) TEST DETAILS Test equipment requirement R: required (or) S: Sub-contracting permitted RECOMMENDED LEVELS OF CONTROL Clause Requirement Test Methods Clause Reference Number of samples Frequency Remarks 4.1 Table 1 Insoluble Residue 4.1 Table 1 IS 12330 IS 4032 R One Each batch To be tested in laboratory at bulk terminal packing unit. 4.1 Table 1 Loss on Ignition 4.1 Table 1 IS 12330 IS 4032 R One Each batch 5.1 Fineness 5.1 IS 12330 IS 4031 (Part 2) S One Each batch - 5.2 Soundness 5.2 IS 12330 IS 4031 (Part 3) S One Each batch 5.3 Setting Time 5.3 IS 12330 IS 4031 (Part 5) S One Each batch 5.5 Compressive strength 5.5 IS 12330 IS 4031 (Part 6) S One Each batch PM/ IS 12330/ 1/ January 2019 11 Form No. 1 FORMAT FOR MAINTENANCE OF TEST RECORDS WEIGHMENT CONTROL AT PACKING STAGE Date Shift Time (Hourly) No. of Bags Net mass of bags from nozzles Remark. Form No. 2 RAW MATERIAL TESTING Date of receipt of material Date of testing Name of Material Source of supply and consignment No. Details of analysis for specified requirements Form 3 PRODUCTION DATA (POST GRINDING DETAILS OF PRODUCTION ACCEPTED AND REJECTED FOR STANDARD MARK) Shift Quantity Passed for Standard mark Rejected Remark Form 4 SULPHATE RESISTING PORTLAND CEMENT (GRINDING/ BLENDING) (Daily/Weekly Composite sample) Date of grinding LSF IR MgO SO3 C3A C4AF + 2 C3A LOI Fineness Soundness (Le- chatelier & Autoclave) Setting Time Initial & Final Sulphate Expansion Compressive strength Transverse Strength Sample Pass/Fail Action taken if sample fails PM/ IS 12330/ 1/ January 2019 12 Form No 5 SULPHATE RESISTING PORTLAND CEMENT GRINDING (For Alternate Hourly Sample) Date of grinding Time Fineness Setting Time Initial & Final Sample Pass/Fail Mode of disposal or action taken if sample fails Form No 6 SULPHATE RESISTING PORTLAND CEMENT PACKING STAGE (Daily/Weekly Composite Sample) Form No 7 CALIBRATION Sl. No Date of calibration Result of Calibration (Test records indicating details of standard values and observed values for each equipment to be kept in proforma for which various columns be devised; as required) Name of equipment Action taken if equipment found defective Sl.No. (If any) & Remarks Note: The above records are to be kept separately for each equipment. Date of Packing LSF IR MgO SO3 C3A C4AF + 2 C3A LOI Fineness Soundness (Le-chatelier & Autoclave) Setting Time Initial & Final Sulphate Expansion Compressive strength Transverse Strength Sample Pass/Fail Action taken if sample fails PM/ IS 12330/ 1/ January 2019 13 RECORDS TO BE MAINTAINED AS PER TABLE-2 OF SIT (BY BULK PACKING UNIT) Form No. 8 FORMAT FOR MAINTENANCE OF TEST RECORDS WEIGHMENT CONTROL AT PACKING STAGE HOURLY CHECK OF MASS OF DRUMS Date Time (Hourly) Condition of Drums Net quantity of cement Record of calibration of weighing scale and Date of calibration. Form No. 9 FORMAT FOR MAINTENANCE OF RECORDS FOR THE CONDITIONS OF THE EMPTY DRUMS/BULKERS FOR PACKING CEMENT Date No. of empty drums/Bulkers checked No. of empty drums/Bulkers rejected Reasons/Remarks Sign of firms inspector Form No. 10 FORMAT FOR MAINTENANCE OF TEST RECORDS WEIGHMENT CONTROL AT PACKING STAGE HOURLY CHECK OF MASS OF BAGS Date Shift Time(Hourly) No of Bags Net quantity of Bags from Nozzles Records of calibration/date of calibration of nozzles Form No. 11 RECEIPT OF CEMENTS Date of receipt Batch No. Supply received from Test Certificate No PM/ IS 12330/ 1/ January 2019 14 Form No. 12 CEMENT DISPATCH DATA FROM PACKING Date Quantity Passed for Standard Mark Rejected (if any) Reasons for not marking/Method of disposal Form No 13 & 14 TEST DONE AT FACTORY (At receipt stage and at bulk packing terminal) Date Batch No. LOI IR Fineness Setting Time Remarks Form No 15 & 16 SULPHATE RESISTING PORTLAND CEMENT (PHYSICAL TEST REPORT) (At receipt stage and at bulk packing terminal) Date Batch No. Test Report Soundness Compressive Strength Remarks LC AC 3 days 7 days 28 days Frequently Asked Questions Q 1 What is a licence? Licence means a licence granted under Section 13 of BIS Act 2016 to use a specified Standard Mark in relation to any goods or article which conforms to a standard. Q.2 I am a manufacturer of a product and interested in applying for BIS product certification licence. How should I apply for it when I am not aware of corresponding Indian Standard Number? You can seasend a query to concerned technical department of BIS at https://www.bis.gov.in/php/BIS/biswebsite/standards/technical-departments/ . Q.3 For whicthe BIS licence is compulsory? Or I am manufacturing a product. Is it compulsory to get BIS licence for my product? Products are2016 or otheit is compulsory for you to get a BIS licence for it. . Q.4 What are the essential requirements to be possessed by a manufacturer for applying to BIS for obtaining licence? For obtaininthe manufacappropriate p quality control and testing capabilities for the product as per relevant Indian Standard (ISS). The product shall also conform to all requirements laid down in the ISS. Q.5 How BIS grants the licence? The Bureau process conquality control and testing capabilities of the manufacturer through a visit to its manufacturing premises. Conformity of the product to the relevant standard(s) is also established through third party laboratory testing or testing in the manufacturing premises or a combination of both. Q.6 What is the procedure for obtaining BIS licence for use of BIS Standard Mark? There are twplease see Guidelines for grant of licence Q.7 Where do I submit my application?or How can I apply for getting BIS licence for use of BIS standard mark (ISI) on the product? A.BIS acceptplease visit owww.manakoyou are adv FAQs related to portal at https://www.manakonline.in/MANAK/impLinks Q.8 Are there any technical guidelines available for the products under Product Certification Scheme of BIS? Yes the technicalist of test equScheme of I description ofplease follows the web link: www.bis.gov.in>> Conformity Assessment >> Product Certification>> Product Specific Guidelines >> Product Manuals. Q.9 If produSIT grouping guidwill I still be able to obtain a BIS licence? In case prodit is possibleyou will still be2018. Basic principles and procedure for grant of licence will remain the same in such a case also with specific relaxation as provided in Guidelines for Grant of licence. BIS will interact with you throughout the certification process to define the product specific guidelines and marking fee rate. This will be called ‘All India First Licence’ Q.10 Can I submit one application for different products and Indian Standards(ISS) being manufactured at the same factory location? No separate application for each product and ISS is required to be submitted even for same factory location. Q.11 Can I submit one application for same product being manufactured at different factory locations? No separate ap even if the product and ISS is same. Q 12: Which are the laboratories of which test report will be acceptable to BIS for the purpose of grant of licence? Or Where can I get my products tested in order to get a licence under optionv- 2? The test repplease visit http://164.100.105.198:8096/bis_access/iswise_v2.html Q 13. Up to the test reports will remain valid for the purpose of grant of licence under option – 2? The test reports of the product shall not generally be more than 90 days old. For complete details please visit www.bis.gov.in>>Conformity assessment >> Product Certification >> Certification process >>Guideline for Grant of Licence. Q 14. What is the fee applicable for Certification licence for a product? The applicat000 per manthe applicant i2018 as ame 2020 Q 15. What is the timeline for grant of BIS product certification licence? Average time taken for grant of licence under option-2 is generally one month and under option-1 four months from the date of receipt of complete application and its recording. It may vary fo if any; organand fee dues etc. Q 16. What are the conditions of BIS licence to use or apply a Standard Mark? Conditions o 2018 Q17. What are the punitive provisions for non-compliance with the conditions of the licence? In case of violicence may 2018 Q 18. What is the validity of BIS product certification licence? BIS certificatapplication with requisite fee and documents under the existing licence is required to be submitted. Licence may be renewed up to five years from the last date of validity of licence. Q 19. How should one apply for the renewal of a licence? Renewal of land the relevant fee is required to be submitted through online for renewal as per the period of renewal opted. Q 20. What is deferment of licence? When does it happen? The renewa 2018 if the renewal application and fee is not received till the last date of validity of licence or if the licence is under suspension. Q 21. Does BIS carry any surveillance on my licence regularly? After grant oBIS carries o2018. During sit is verified process controquality control and testing capabilities and conformity of the product to the relevant standard(s). Testing of the product samples in factory is also witnessed during such visits. Sample of ISI marked product is also drawn from the factory for verifying conformity to relevant ISS through third party laboratory testing. BIS also carries out market surveillance through purchase of samples of ISI marked product for verifying conformity of the product to relevant ISS through third party laboratory testing. Q 22. What are the duties and responsibilities of the owner of a manufacturing unit holding BIS licence regarding factory surveillance? BIS licence holder is required to extend co-operation to the certification officers of BIS or personnel of the agents appointed by BIS to carry out surveillance inspection. The licence holder shall also share relevant records and information sought . He would also facilitate testing in the factory and drawl of samples for independent testing in third party lab. The licence holder shall be required to deposit samples to the designated laboratory as per advice of the officer Q 23. What are the consequences of non-cooperation by the manufacturing unit during factory surveillance No one licence ithe licence mayou can get please visit:www.bis.gov.in>>Conformity Assessment >>Product Certification >> Certification process >>Guideline for Change in Scope of Licence. Q 24. I have already got licence from BIS for the product as per ISS in my factory. Can I use this licence on all varieties of the product being manufactured in the factory? No one licence ithe licence mayou can get the scope of licence changed (inclusion or deletion of varieties) with reference to the standard against which licence has been granted and as per applicable relevant guidelines. For change iplease visit: www.bis.gov.in>>Conformity Assessment >>Product Certification >> Certification process >>Guideline for Change in Scope of Licence. Q. 25 What is the procedure for intimation regarding change of address or shifting of the manufacturing unit? BIS licence h 2018 Q. 26 When can a license be suspended? The licence c 2018 Q.27 When can a license be cancelled? The licence c 2018 Q. 28 How can a BIS licensee participate in the standard formulation/revision process? The Indian standards are formulated and revised by BIS t"
